codigo_ibge,municipio,populacao,ano_populacao,ano_pib,pib_percapita,taxa_urbanizacao,taxa_cvli,taxa_tentativa_homicidio,taxa_lesao_dolosa,taxa_roubo_outros,taxa_roubo_veiculo,taxa_roubo_carga,taxa_furto_outros,taxa_furto_veiculo,taxa_estupro_total,taxa_trafico,total_ocorrencias_janela,n_ocorrencias,prop_via_publica,prop_noturno,cobertura_periodo,taxa_recuperacao_veiculo,prop_veiculo_motocicleta,prop_celular_em_furto_roubo,iegm_exercicio_ref,iegm_ano_apuracao,iegm_conceito,iegm_ord,i_planejamento_conceito,i_planejamento_ord,i_fiscal_conceito,i_fiscal_ord,i_educ_conceito,i_educ_ord,i_saude_conceito,i_saude_ord,i_amb_conceito,i_amb_ord,i_cidade_conceito,i_cidade_ord,i_gov_ti_conceito,i_gov_ti_ord,flag_sem_iegm,flag_pop_pequena,flag_capital,janela_anos,exposicao_anos,ano_populacao_ref
3500105,Adamantina,35701,2026,2023,47782.835214699866,94.5291002159955,0.0,4.8017862644903895,432.16076380413506,4.8017862644903895,0.0,0.0,528.1964890939429,4.8017862644903895,33.61250385143273,100.83751155429817,231,353,0.5325779036827195,0.423728813559322,0.1671388101983003,1.0,1.0,0.059490084985835696,2024.0,2025.0,B,3.0,C,1.0,B,3.0,B,3.0,B,3.0,B+,4.0,C,1.0,A,5.0,False,False,False,2026-2026,0.5833,2026
3500204,Adolfo,4529,2026,2023,47534.334290130275,89.96345234748382,0.0,37.851307447244736,302.8104595779579,0.0,37.851307447244736,0.0,454.2156893669368,75.70261489448947,189.2565372362237,75.70261489448947,31,31,0.22580645161290322,0.36363636363636365,0.3548387096774194,1.5,0.0,0.1935483870967742,2024.0,2025.0,C+,2.0,C+,2.0,B,3.0,C,1.0,B,3.0,C,1.0,C,1.0,C,1.0,False,True,False,2026-2026,0.5833,2026
3500303,Aguaí,32884,2026,2023,53942.43401046102,90.21089958939903,20.85252054842129,15.639390411315967,354.49284932316186,5.213130137105322,15.639390411315967,0.0,750.6907397431663,15.639390411315967,26.06565068552661,328.4271986376353,294,351,0.5669515669515669,0.410958904109589,0.20797720797720798,2.2857142857142856,0.2857142857142857,0.04843304843304843,2024.0,2025.0,C+,2.0,C,1.0,B,3.0,B,3.0,C+,2.0,C,1.0,B+,4.0,C,1.0,False,False,False,2026-2026,0.5833,2026
3500402,Águas da Prata,7457,2026,2023,36523.937240177016,89.28006329113924,0.0,0.0,436.7899768194793,0.0,0.0,0.0,505.7568152646602,91.95578459357458,22.988946148393644,114.94473074196821,51,73,0.6438356164383562,0.55,0.273972602739726,0.0,0.3333333333333333,0.0547945205479452,2024.0,2025.0,C,1.0,C,1.0,C+,2.0,C,1.0,C+,2.0,C+,2.0,C,1.0,C,1.0,False,False,False,2026-2026,0.5833,2026
3500501,Águas de Lindóia,18277,2026,2023,43831.865185752584,99.10228194138767,9.379469903625946,0.0,347.04038643416,0.0,9.379469903625946,0.0,365.7993262414119,37.517879614503784,18.758939807251892,93.79469903625946,94,121,0.6115702479338843,0.4,0.4132231404958678,0.4,0.6,0.09917355371900827,2024.0,2025.0,B,3.0,C,1.0,B,3.0,B,3.0,B+,4.0,B,3.0,A,5.0,A,5.0,False,False,False,2026-2026,0.5833,2026
3500550,Águas de Santa Bárbara,7508,2026,2023,50021.576984549814,76.03999285841813,0.0,0.0,479.48854555141185,45.66557576680112,45.66557576680112,0.0,890.4787274526219,22.83278788340056,68.4983636502017,159.82951518380392,75,82,0.3170731707317073,0.4117647058823529,0.4146341463414634,0.0,0.0,0.04878048780487805,2024.0,2025.0,C,1.0,C+,2.0,B,3.0,C,1.0,C,1.0,C,1.0,C,1.0,C,1.0,False,False,False,2026-2026,0.5833,2026
3500600,Águas de São Pedro,2933,2026,2023,63208.31912717354,100.0,0.0,0.0,584.4820028249962,0.0,0.0,0.0,467.585602259997,58.44820028249963,0.0,233.7928011299985,23,28,0.42857142857142855,0.0,0.17857142857142858,0.0,1.0,0.07142857142857142,2024.0,2025.0,C+,2.0,C,1.0,C+,2.0,B,3.0,B+,4.0,C+,2.0,C,1.0,C+,2.0,False,True,False,2026-2026,0.5833,2026
3500709,Agudos,39084,2026,2023,87396.60730733804,95.5654037770826,13.158471862801001,21.930786438001668,473.704987060836,13.158471862801001,4.386157287600334,0.0,728.1021097416553,21.930786438001668,30.703101013202335,135.97087591561032,329,384,0.5286458333333334,0.5263157894736842,0.296875,2.0,0.25,0.078125,2024.0,2025.0,C,1.0,C,1.0,C,1.0,C,1.0,C,1.0,C+,2.0,C,1.0,B+,4.0,False,False,False,2026-2026,0.5833,2026
3500758,Alambari,6411,2026,2023,24996.412416159725,75.18427518427518,0.0,0.0,374.356574637342,26.73975533123872,53.47951066247744,0.0,347.6168193061033,26.73975533123872,0.0,26.73975533123872,32,39,0.4358974358974359,0.4666666666666667,0.38461538461538464,0.6666666666666666,0.3333333333333333,0.05128205128205128,2024.0,2025.0,C,1.0,C,1.0,C+,2.0,C+,2.0,B,3.0,C,1.0,C,1.0,C,1.0,False,False,False,2026-2026,0.5833,2026
3500808,Alfredo Marcondes,4591,2026,2023,34445.001089087345,83.65458750963762,0.0,0.0,485.42178797025235,0.0,0.0,0.0,522.7619255064255,0.0,37.34013753617326,0.0,28,34,0.35294117647058826,0.4166666666666667,0.35294117647058826,,,0.029411764705882353,2024.0,2025.0,C,1.0,C,1.0,C+,2.0,C,1.0,B,3.0,C+,2.0,C,1.0,C,1.0,False,True,False,2026-2026,0.5833,2026
3500907,Altair,3456,2026,2023,60916.95601851852,79.21363040629096,0.0,0.0,545.6349206349206,49.6031746031746,0.0,0.0,843.2539682539682,0.0,99.2063492063492,148.8095238095238,34,36,0.4166666666666667,0.5294117647058824,0.4722222222222222,,,0.1111111111111111,2024.0,2025.0,C,1.0,C,1.0,B,3.0,C+,2.0,B,3.0,C,1.0,C,1.0,C,1.0,False,True,False,2026-2026,0.5833,2026
3501004,Altinópolis,17234,2026,2023,54922.71092027388,87.37105145127187,0.0,9.947114507866509,417.7788093303934,29.841343523599527,19.894229015733018,0.0,566.985526948391,29.841343523599527,59.68268704719905,238.7307481887962,138,150,0.42,0.5238095238095238,0.28,4.0,0.6666666666666666,0.11333333333333333,2024.0,2025.0,B,3.0,B,3.0,B,3.0,C+,2.0,B+,4.0,C,1.0,C,1.0,B,3.0,False,False,False,2026-2026,0.5833,2026
3501103,Alto Alegre,3866,2026,2023,44592.86083807553,78.839590443686,0.0,44.34262064888035,88.6852412977607,0.0,0.0,0.0,310.39834454216236,0.0,88.6852412977607,0.0,12,15,0.26666666666666666,0.0,0.2,,,0.0,2024.0,2025.0,B,3.0,C,1.0,B,3.0,B+,4.0,B,3.0,B,3.0,A,5.0,C,1.0,False,True,False,2026-2026,0.5833,2026
3501152,Alumínio,17621,2026,2023,195164.51960728675,83.87077617435715,0.0,0.0,340.50280914817546,19.457303379895738,19.457303379895738,0.0,583.7191013968721,58.371910139687216,68.10056182963508,29.185955069843608,115,129,0.40310077519379844,0.4166666666666667,0.27906976744186046,2.5714285714285716,0.42857142857142855,0.09302325581395349,2024.0,2025.0,C,1.0,C,1.0,B,3.0,C,1.0,C,1.0,C,1.0,C+,2.0,C,1.0,False,False,False,2026-2026,0.5833,2026
3501202,Álvares Florence,3980,2026,2023,44120.10050251256,67.94970490120605,0.0,0.0,387.65254845656847,0.0,0.0,0.0,861.4501076812633,43.07250538406317,0.0,43.07250538406317,31,37,0.32432432432432434,0.4166666666666667,0.32432432432432434,,,0.08108108108108109,2024.0,2025.0,C,1.0,C+,2.0,C,1.0,C,1.0,B,3.0,C,1.0,C,1.0,C,1.0,False,True,False,2026-2026,0.5833,2026
3501301,Álvares Machado,28508,2026,2023,30158.93784200926,90.09058818525922,0.0,6.013349636192347,402.8944256248872,12.026699272384693,0.0,0.0,631.4017118001964,18.040048908577038,30.066748180961735,54.120146725731125,192,227,0.3436123348017621,0.41836734693877553,0.43171806167400884,1.5,1.0,0.06167400881057269,2024.0,2025.0,B,3.0,C,1.0,B,3.0,B,3.0,B,3.0,B,3.0,C,1.0,A,5.0,False,False,False,2026-2026,0.5833,2026
3501400,Álvaro de Carvalho,4906,2026,2023,14141.255605381166,63.48387096774194,0.0,0.0,628.9674451109429,0.0,0.0,0.0,174.71317919748412,0.0,69.88527167899365,314.48372255547145,34,39,0.1794871794871795,0.4,0.2564102564102564,,,0.05128205128205128,2024.0,2025.0,C,1.0,C,1.0,C,1.0,C+,2.0,B,3.0,C,1.0,C,1.0,C,1.0,False,True,False,2026-2026,0.5833,2026
3501509,Alvinlândia,2915,2026,2023,28340.65180102916,89.76666666666667,0.0,0.0,352.85469247733397,0.0,0.0,0.0,411.663807890223,0.0,0.0,0.0,13,14,0.35714285714285715,0.4,0.35714285714285715,0.0,1.0,0.0,2024.0,2025.0,C+,2.0,C,1.0,C+,2.0,B,3.0,B,3.0,B,3.0,C,1.0,C+,2.0,False,True,False,2026-2026,0.5833,2026
3501608,Americana,248392,2026,2023,70858.02280266675,99.53284782422924,2.0704600562244933,4.831073464523817,319.54100201064676,82.81840224897972,11.042453633197296,1.380306704149662,817.1415688565999,250.52566680316366,35.887974307891206,192.55278522887784,2489,3039,0.656794998354722,0.5120551090700345,0.286607436656795,0.7984496124031008,0.1111111111111111,0.10529779532741033,2024.0,2025.0,C+,2.0,C,1.0,C+,2.0,B,3.0,C+,2.0,C+,2.0,B,3.0,C,1.0,False,False,False,2026-2026,0.5833,2026
3501707,Américo Brasiliense,33663,2026,2023,44706.71063185099,99.2429955333836,5.092492393089488,15.277477179268464,254.62461965447437,35.64744675162642,0.0,0.0,692.5789654601704,15.277477179268464,35.64744675162642,86.5723706825213,224,263,0.5019011406844106,0.5463917525773195,0.3688212927756654,2.6666666666666665,0.0,0.11026615969581749,2024.0,2025.0,C,1.0,C,1.0,B,3.0,B,3.0,C,1.0,C,1.0,C,1.0,C+,2.0,False,False,False,2026-2026,0.5833,2026
3501806,Américo de Campos,5986,2026,2023,29376.54527230204,83.91167192429022,0.0,0.0,458.21201851940236,28.638251157462648,0.0,0.0,286.3825115746265,28.638251157462648,57.276502314925295,85.91475347238796,33,37,0.4594594594594595,0.5,0.2702702702702703,0.0,0.0,0.05405405405405406,2024.0,2025.0,C+,2.0,C,1.0,B,3.0,B,3.0,B,3.0,C,1.0,B,3.0,C,1.0,False,False,False,2026-2026,0.5833,2026
3501905,Amparo,69859,2026,2023,95885.55518973933,78.70543377538775,4.907844985716126,0.0,382.8119088858578,41.716682378587066,4.907844985716126,2.453922492858063,436.79820372873525,31.900992407154817,36.80883739287094,161.95888452863215,450,559,0.5062611806797853,0.4723926380368098,0.29159212880143115,1.75,0.25,0.08407871198568873,2024.0,2025.0,C+,2.0,C,1.0,B,3.0,B,3.0,B,3.0,C,1.0,B+,4.0,A,5.0,False,False,False,2026-2026,0.5833,2026
3502002,Analândia,4703,2026,2023,56621.7308101212,79.38504542278127,0.0,0.0,364.5089760335348,36.45089760335348,0.0,0.0,692.5670544637161,36.45089760335348,109.35269281006045,328.0580784301813,43,53,0.3018867924528302,0.5454545454545454,0.20754716981132076,0.0,0.0,0.16981132075471697,2024.0,2025.0,C,1.0,C,1.0,C+,2.0,C,1.0,C+,2.0,C,1.0,C,1.0,C+,2.0,False,True,False,2026-2026,0.5833,2026
3502101,Andradina,61761,2026,2023,72293.8423924483,93.34044168142552,8.327030234058942,13.878383723431568,344.1839163411029,19.429737212804195,2.7756767446863138,0.0,999.243628087073,11.102706978745255,58.28921163841259,188.74601863866934,593,783,0.4648786717752235,0.5116279069767442,0.27458492975734355,3.125,0.875,0.06513409961685823,2024.0,2025.0,B,3.0,B,3.0,B+,4.0,C+,2.0,C+,2.0,C+,2.0,B+,4.0,B,3.0,False,False,False,2026-2026,0.5833,2026
3502200,Angatuba,24628,2026,2023,72132.32905635862,71.82800540297164,0.0,20.88215503839996,375.8787906911993,0.0,0.0,0.0,779.6004547669319,6.96071834613332,55.68574676906656,55.68574676906656,186,210,0.3333333333333333,0.6,0.42857142857142855,2.0,0.0,0.009523809523809525,2024.0,2025.0,C,1.0,C,1.0,C,1.0,C,1.0,C+,2.0,B,3.0,C+,2.0,C+,2.0,False,False,False,2026-2026,0.5833,2026
3502309,Anhembi,5767,2026,2023,54646.08982139761,75.55280382098,29.72577968242959,0.0,326.98357650672546,29.72577968242959,0.0,0.0,1040.4022888850354,29.72577968242959,89.17733904728875,118.90311872971836,56,63,0.4603174603174603,0.5263157894736842,0.30158730158730157,,,0.07936507936507936,2024.0,2025.0,C,1.0,C,1.0,C,1.0,C,1.0,C,1.0,C,1.0,C,1.0,C,1.0,False,False,False,2026-2026,0.5833,2026
3502408,Anhumas,4126,2026,2023,32083.37372758119,81.83520599250936,0.0,41.54836922650786,373.9353230385707,0.0,0.0,0.0,747.8706460771414,0.0,41.54836922650786,41.54836922650786,30,37,0.2702702702702703,0.3,0.2702702702702703,,,0.0,2024.0,2025.0,B,3.0,C,1.0,B+,4.0,B+,4.0,B,3.0,C+,2.0,C+,2.0,C,1.0,False,True,False,2026-2026,0.5833,2026
3502507,Aparecida,33067,2026,2023,41421.93123053195,98.54600508469734,36.28995675446819,15.5528386090578,663.5877806531327,114.05414979975718,5.184279536352599,0.0,1394.5711952788492,124.4227088724624,31.1056772181156,186.63406330869358,496,568,0.6883802816901409,0.3146067415730337,0.31338028169014087,1.875,0.625,0.11443661971830986,2024.0,2025.0,C,1.0,C,1.0,C,1.0,C,1.0,C,1.0,C,1.0,C,1.0,C,1.0,False,False,False,2026-2026,0.5833,2026
3502606,Aparecida d'Oeste,4101,2026,2023,55058.278468666176,81.91011235955055,0.0,0.0,668.8264186435364,0.0,0.0,0.0,334.4132093217682,83.60330233044205,41.801651165221024,83.60330233044205,29,39,0.358974358974359,0.6666666666666666,0.23076923076923078,9.0,0.0,0.0,2024.0,2025.0,C,1.0,C,1.0,C,1.0,B+,4.0,B,3.0,C,1.0,C,1.0,C,1.0,False,True,False,2026-2026,0.5833,2026
3502705,Apiaí,24831,2026,2023,49761.42724819782,72.31947917907189,0.0,20.71143789157562,497.07450939781484,0.0,0.0,0.0,455.65163361466364,20.71143789157562,27.615250522100826,158.78769050207976,171,211,0.45023696682464454,0.5555555555555556,0.4265402843601896,3.0,0.6666666666666666,0.05687203791469194,2024.0,2025.0,C+,2.0,C,1.0,B,3.0,C+,2.0,B,3.0,C,1.0,C,1.0,B,3.0,False,False,False,2026-2026,0.5833,2026
3502754,Araçariguama,22448,2026,2023,215256.45937277263,100.0,7.636696874045413,22.910090622136238,488.7485999389064,84.00366561449954,53.45687811831788,84.00366561449954,969.8605030037672,53.45687811831788,91.64036248854495,38.183484370227056,248,290,0.44482758620689655,0.5833333333333334,0.3724137931034483,2.3255813953488373,0.06976744186046512,0.25517241379310346,2024.0,2025.0,C,1.0,C,1.0,C,1.0,C,1.0,C+,2.0,C,1.0,C+,2.0,B,3.0,False,False,False,2026-2026,0.5833,2026
3502804,Araçatuba,208987,2026,2023,54825.13266375421,98.07136287786584,6.562267372748407,9.02311763752906,433.9299300229884,27.069352912587178,2.4608502647806523,0.0,966.293870637203,44.29530476605174,25.42878606940008,168.97838484827147,2053,2715,0.565377532228361,0.4930747922437673,0.2659300184162063,3.3333333333333335,0.5897435897435898,0.08139963167587477,2024.0,2025.0,B,3.0,C,1.0,C+,2.0,B+,4.0,B,3.0,B,3.0,C,1.0,B+,4.0,False,False,False,2026-2026,0.5833,2026
3502903,Araçoiaba da Serra,33989,2026,2023,44814.322280737884,68.73511850250925,0.0,0.0,388.36094030421606,55.48013432917372,15.130945726138286,0.0,711.1544491284996,70.61108005531202,35.30554002765601,100.87297150758857,273,312,0.4775641025641026,0.4672897196261682,0.34294871794871795,1.1176470588235294,0.35294117647058826,0.04807692307692308,2024.0,2025.0,C+,2.0,C,1.0,B,3.0,C+,2.0,B,3.0,C,1.0,B+,4.0,B+,4.0,False,False,False,2026-2026,0.5833,2026
3503000,Aramina,5543,2026,2023,39541.58397979433,93.47826086956522,0.0,0.0,309.27037962939096,0.0,0.0,0.0,804.1029870364164,30.927037962939096,61.85407592587819,123.70815185175638,43,73,0.4520547945205479,0.5833333333333334,0.3287671232876712,3.0,0.0,0.0684931506849315,2024.0,2025.0,C+,2.0,C,1.0,C+,2.0,B,3.0,B+,4.0,C,1.0,C+,2.0,C,1.0,False,False,False,2026-2026,0.5833,2026
3503109,Arandu,7099,2026,2023,30601.211438230737,75.35521803037727,0.0,24.14827038013402,313.92751494174223,24.14827038013402,0.0,0.0,434.6688668424124,0.0,0.0,24.14827038013402,34,36,0.3333333333333333,0.3,0.5555555555555556,,,0.027777777777777776,2024.0,2025.0,B,3.0,B,3.0,B,3.0,B,3.0,C+,2.0,C+,2.0,C+,2.0,C+,2.0,False,False,False,2026-2026,0.5833,2026
3503158,Arapeí,2350,2026,2023,22653.617021276597,75.21058965102286,0.0,0.0,1021.2765957446808,0.0,0.0,0.0,364.741641337386,0.0,0.0,72.9483282674772,20,23,0.6086956521739131,0.75,0.34782608695652173,,,0.0,2024.0,2025.0,C+,2.0,C,1.0,C+,2.0,C,1.0,B,3.0,C,1.0,C,1.0,C+,2.0,False,True,False,2026-2026,0.5833,2026
3503208,Araraquara,254508,2026,2023,57717.24267999434,97.15712491972664,2.02070549564538,7.409253484033059,430.4102705724659,40.41410991290759,8.08282198258152,0.6735684985484599,1090.5073991499567,84.19606231855748,21.554191953550717,138.0815422024343,2707,3241,0.6198704103671706,0.4837476099426386,0.3227398950941068,1.1521739130434783,0.37681159420289856,0.07898796667695156,2024.0,2025.0,C,1.0,C,1.0,C,1.0,C+,2.0,C+,2.0,B,3.0,C,1.0,C+,2.0,False,False,False,2026-2026,0.5833,2026
3503307,Araras,136113,2026,2023,73636.41239264434,94.61558526795856,6.297288702349203,1.2594577404698406,463.48044849290136,75.56746442819045,71.78909120678092,2.518915480939681,598.2424267231744,158.69167529919994,21.41078158798729,176.3240836657777,1251,1610,0.6745341614906832,0.4764044943820225,0.27639751552795033,1.463768115942029,0.4492753623188406,0.0670807453416149,2024.0,2025.0,C,1.0,C,1.0,C,1.0,C,1.0,C+,2.0,C,1.0,C+,2.0,B+,4.0,False,False,False,2026-2026,0.5833,2026
3503356,Arco-Íris,2092,2026,2023,65166.82600382409,56.98701298701299,0.0,81.94482381862878,573.6137667304015,0.0,0.0,0.0,491.66894291177266,0.0,0.0,0.0,14,15,0.4,0.5,0.26666666666666666,,,0.0,2024.0,2025.0,C+,2.0,C,1.0,B,3.0,B,3.0,B,3.0,C+,2.0,B+,4.0,C+,2.0,False,True,False,2026-2026,0.5833,2026
3503406,Arealva,8299,2026,2023,36282.68466080251,78.76546358882796,41.313066978809836,41.313066978809836,619.6960046821475,0.0,0.0,0.0,537.0698707245278,61.96960046821476,103.28266744702458,165.25226791523934,76,89,0.3707865168539326,0.56,0.2808988764044944,1.6666666666666667,0.3333333333333333,0.0,2024.0,2025.0,C,1.0,C,1.0,B,3.0,B,3.0,B,3.0,C,1.0,C,1.0,C,1.0,False,False,False,2026-2026,0.5833,2026
3503505,Areias,3614,2026,2023,20764.250138350857,67.04545454545455,0.0,189.7383192347221,616.6495375128468,47.434579808680525,0.0,0.0,332.04205866076364,0.0,0.0,189.7383192347221,29,34,0.5882352941176471,0.5625,0.47058823529411764,,,0.029411764705882353,2024.0,2025.0,C,1.0,C,1.0,C,1.0,C,1.0,B,3.0,C,1.0,C,1.0,C,1.0,False,True,False,2026-2026,0.5833,2026
3503604,Areiópolis,10229,2026,2023,21674.357219669568,88.86473201625863,0.0,16.759074340460597,234.6270407664483,67.03629736184239,0.0,0.0,536.2903788947391,33.51814868092119,50.27722302138178,33.51814868092119,58,62,0.3709677419354839,0.7222222222222222,0.2903225806451613,1.0,1.0,0.0967741935483871,2024.0,2025.0,C+,2.0,C,1.0,B,3.0,B,3.0,B,3.0,C+,2.0,C+,2.0,B,3.0,False,False,False,2026-2026,0.5833,2026
3503703,Ariranha,7592,2026,2023,164910.69546891464,94.6998946998947,0.0,22.580159566460935,587.0841487279843,45.16031913292187,0.0,0.0,361.28255306337496,45.16031913292187,22.580159566460935,112.90079783230468,53,64,0.40625,0.48148148148148145,0.421875,1.0,0.0,0.09375,2024.0,2025.0,C+,2.0,B,3.0,C,1.0,B,3.0,B,3.0,C,1.0,C,1.0,C,1.0,False,False,False,2026-2026,0.5833,2026
3503802,Artur Nogueira,53686,2026,2023,40286.72279551466,90.54032641419744,3.193170871895306,0.0,447.04392206534294,76.63610092548734,28.738537847057756,0.0,510.907339503249,92.60195528496388,28.738537847057756,274.61269498299635,458,565,0.5823008849557522,0.45294117647058824,0.3008849557522124,0.5609756097560976,0.4146341463414634,0.08672566371681416,2024.0,2025.0,C+,2.0,C,1.0,B,3.0,B+,4.0,B,3.0,B,3.0,C+,2.0,C,1.0,False,False,False,2026-2026,0.5833,2026
3503901,Arujá,90644,2026,2023,115022.8034949914,96.0096121754222,5.673687329395373,5.673687329395373,440.65638258304074,151.29832878387663,115.36497569770593,5.673687329395373,690.2986250764371,85.10530994093061,52.95441507435682,94.56145548992289,871,968,0.6818181818181818,0.46417445482866043,0.33161157024793386,2.524193548387097,0.43548387096774194,0.1683884297520661,2024.0,2025.0,C+,2.0,C,1.0,C+,2.0,C+,2.0,B,3.0,C+,2.0,B+,4.0,B+,4.0,False,False,False,2026-2026,0.5833,2026
3503950,Aspásia,1876,2026,2023,35101.81236673774,69.48590381426202,0.0,0.0,274.13950654888816,0.0,0.0,0.0,274.13950654888816,0.0,274.13950654888816,91.37983551629607,10,10,0.0,0.3333333333333333,0.3,,,0.0,2024.0,2025.0,C+,2.0,C,1.0,B,3.0,B,3.0,B+,4.0,C,1.0,C,1.0,C+,2.0,False,True,False,2026-2026,0.5833,2026
3504008,Assis,105051,2026,2023,44574.62565801373,95.63503741696796,8.159302216474446,6.527441773179556,481.3988307719923,24.47790664942334,1.631860443294889,0.0,825.721384307214,31.005348422602896,27.74162753601312,182.7683696490276,974,1265,0.5264822134387351,0.4568764568764569,0.3391304347826087,1.0454545454545454,0.36363636363636365,0.07114624505928854,2024.0,2025.0,C+,2.0,C+,2.0,B,3.0,B,3.0,B,3.0,C,1.0,C,1.0,B,3.0,False,False,False,2026-2026,0.5833,2026
3504107,Atibaia,168162,2026,2023,56056.564503276604,91.01601067905185,4.077700584640321,2.0388502923201606,311.94409472498455,51.9906824541641,19.369077777041525,9.174826315440724,651.4126683962913,41.796430992563295,51.9906824541641,65.24320935424514,1186,1383,0.49746926970354305,0.5509433962264151,0.38322487346348516,2.5942028985507246,0.17391304347826086,0.18582791033984092,2024.0,2025.0,C+,2.0,C,1.0,B,3.0,B,3.0,B,3.0,C,1.0,C+,2.0,C,1.0,False,False,False,2026-2026,0.5833,2026
3504206,Auriflama,13841,2026,2023,32047.684415865904,91.17025771018167,0.0,24.771125125145787,396.3380020023326,12.385562562572893,0.0,0.0,396.3380020023326,24.771125125145787,24.771125125145787,148.62675075087472,83,98,0.41836734693877553,0.6216216216216216,0.37755102040816324,0.0,0.0,0.19387755102040816,2024.0,2025.0,C+,2.0,C,1.0,B,3.0,B,3.0,B,3.0,C+,2.0,C+,2.0,B,3.0,False,False,False,2026-2026,0.5833,2026
3504305,Avaí,4489,2026,2023,111595.67832479395,67.15063520871144,0.0,38.188587976959546,458.2630557235146,38.188587976959546,0.0,0.0,572.8288196543933,0.0,267.32011583871684,152.75435190783818,40,52,0.38461538461538464,0.4375,0.3076923076923077,,,0.057692307692307696,2024.0,2025.0,C+,2.0,C,1.0,B,3.0,C+,2.0,B,3.0,B,3.0,C,1.0,C,1.0,False,True,False,2026-2026,0.5833,2026
3504404,Avanhandava,11435,2026,2023,25864.01399212943,84.55349248452697,0.0,14.991567243425571,434.75545005934157,14.991567243425571,0.0,0.0,404.77231557249047,0.0,29.983134486851142,254.85664313823474,77,92,0.32608695652173914,0.5,0.30434782608695654,0.0,0.0,0.043478260869565216,2024.0,2025.0,C+,2.0,C,1.0,B,3.0,B,3.0,B,3.0,C,1.0,C+,2.0,C+,2.0,False,False,False,2026-2026,0.5833,2026
3504503,Avaré,96764,2026,2023,45559.69162085073,95.72792823208816,5.314845544683087,8.858075907805146,556.2871670101631,28.34584290497646,5.314845544683087,1.7716151815610288,687.3866904456793,47.833609902147785,47.833609902147785,106.29691089366175,844,1014,0.4388560157790927,0.48717948717948717,0.3076923076923077,2.2,0.15,0.0621301775147929,2024.0,2025.0,C,1.0,C,1.0,C+,2.0,C,1.0,C+,2.0,C,1.0,B+,4.0,B,3.0,False,False,False,2026-2026,0.5833,2026
3504602,Bady Bassitt,29738,2026,2023,25630.33828771269,93.5355748818736,0.0,0.0,553.4044944899742,5.764630150937232,0.0,0.0,432.34726132029243,57.64630150937232,69.17556181124678,51.8816713584351,203,262,0.45038167938931295,0.40789473684210525,0.2900763358778626,2.0,0.08333333333333333,0.03816793893129771,2024.0,2025.0,C,1.0,C,1.0,B,3.0,C,1.0,C+,2.0,C,1.0,C,1.0,C,1.0,False,False,False,2026-2026,0.5833,2026
3504701,Balbinos,3975,2026,2023,20854.088050314465,32.17179902755267,0.0,0.0,819.4070080862533,0.0,0.0,0.0,345.0134770889488,43.1266846361186,0.0,43.1266846361186,29,39,0.1794871794871795,0.8,0.1282051282051282,,,0.0,2024.0,2025.0,C,1.0,C,1.0,C+,2.0,C+,2.0,C,1.0,C,1.0,C,1.0,C,1.0,False,True,False,2026-2026,0.5833,2026
3504800,Bálsamo,9946,2026,2023,36986.82887593002,91.59313725490196,0.0,17.23593117118152,430.898279279538,0.0,0.0,0.0,241.3030363965413,51.707793513544566,34.47186234236304,51.707793513544566,48,61,0.2459016393442623,0.41935483870967744,0.5081967213114754,0.0,0.0,0.06557377049180328,2024.0,2025.0,C+,2.0,C+,2.0,C,1.0,B,3.0,B,3.0,B,3.0,C,1.0,C,1.0,False,False,False,2026-2026,0.5833,2026
3504909,Bananal,10089,2026,2023,27995.242343146,79.79066810134012,0.0,33.9832632428529,424.7907905356612,0.0,0.0,0.0,203.89957945711737,33.9832632428529,16.99163162142645,152.92468459283802,51,59,0.3559322033898305,0.36363636363636365,0.3728813559322034,0.0,1.0,0.0,2024.0,2025.0,C,1.0,C,1.0,B+,4.0,C,1.0,B,3.0,C,1.0,C,1.0,C,1.0,False,False,False,2026-2026,0.5833,2026
3505005,Barão de Antonina,3644,2026,2023,22064.489571899012,61.39281129653402,0.0,0.0,329.30845225027434,0.0,0.0,0.0,282.26438764309233,94.0881292143641,0.0,0.0,15,17,0.5882352941176471,0.625,0.47058823529411764,,,0.11764705882352941,2024.0,2025.0,C,1.0,C,1.0,B,3.0,B,3.0,B,3.0,C,1.0,C,1.0,C,1.0,False,True,False,2026-2026,0.5833,2026
3505104,Barbosa,5598,2026,2023,33391.03251161129,84.5593811618383,0.0,30.62318174858368,765.579543714592,0.0,0.0,0.0,612.4636349716736,0.0,0.0,153.1159087429184,51,57,0.2982456140350877,0.47058823529411764,0.2982456140350877,,,0.03508771929824561,2024.0,2025.0,C+,2.0,C,1.0,B,3.0,B,3.0,B,3.0,C,1.0,C,1.0,B+,4.0,False,False,False,2026-2026,0.5833,2026
3505203,Bariri,32406,2026,2023,57512.92970437573,94.87861235083722,0.0,15.870076969873303,481.39233475282356,31.740153939746605,0.0,0.0,534.2925913190678,21.16010262649774,42.32020525299548,317.4015393974661,273,331,0.4471299093655589,0.39869281045751637,0.4622356495468278,1.4,0.0,0.1027190332326284,2024.0,2025.0,C,1.0,C,1.0,B,3.0,C,1.0,C,1.0,C,1.0,C,1.0,C+,2.0,False,False,False,2026-2026,0.5833,2026
3505302,Barra Bonita,35102,2026,2023,59196.0856931229,97.9033081768144,0.0,4.8837266089844285,283.2561433210969,9.767453217968857,0.0,0.0,800.9311638734463,29.30235965390657,43.95353948085986,131.86061844257958,267,322,0.515527950310559,0.6063829787234043,0.2919254658385093,,,0.062111801242236024,2024.0,2025.0,C+,2.0,C,1.0,C+,2.0,B,3.0,B,3.0,C,1.0,C,1.0,B,3.0,False,False,False,2026-2026,0.5833,2026
3505351,Barra do Chapéu,5252,2026,2023,38627.18964204113,29.44317315026697,0.0,0.0,65.28125340006527,0.0,0.0,0.0,97.92188010009791,0.0,0.0,0.0,5,6,0.5,0.5,0.6666666666666666,,,0.16666666666666666,2024.0,2025.0,C,1.0,C,1.0,C,1.0,C+,2.0,B,3.0,C,1.0,C,1.0,B,3.0,False,False,False,2026-2026,0.5833,2026
3505401,Barra do Turvo,6868,2026,2023,21135.55620267909,41.06611463319963,49.92095848240287,74.8814377236043,399.36766785922293,74.8814377236043,0.0,0.0,823.6958149596471,49.92095848240287,124.80239620600716,199.68383392961147,72,85,0.35294117647058826,0.2571428571428571,0.4117647058823529,2.0,0.5,0.058823529411764705,2024.0,2025.0,C,1.0,C,1.0,B,3.0,C,1.0,C,1.0,C+,2.0,C,1.0,C,1.0,False,False,False,2026-2026,0.5833,2026
3505500,Barretos,127276,2026,2023,52762.61039001854,96.95364002105244,8.08142484499378,6.734520704161484,501.04834038961445,39.06022008413661,6.734520704161484,1.3469041408322968,915.8948157659618,51.18235735162728,61.95759047828565,241.09584120898114,1361,1565,0.4715654952076677,0.4703476482617587,0.3124600638977636,1.3571428571428572,0.5238095238095238,0.09968051118210862,2024.0,2025.0,C,1.0,C,1.0,C+,2.0,B,3.0,B,3.0,C,1.0,C,1.0,B+,4.0,False,False,False,2026-2026,0.5833,2026
3505609,Barrinha,33414,2026,2023,22073.98096606213,98.89107243121842,15.391324423466639,25.6522073724444,348.8700202652438,56.43485621937768,0.0,0.0,323.21781289279943,41.043531795911036,41.043531795911036,51.3044147448888,176,200,0.475,0.6363636363636364,0.275,0.0,0.5,0.09,2024.0,2025.0,C,1.0,C,1.0,B,3.0,C,1.0,C,1.0,C,1.0,C,1.0,C,1.0,False,False,False,2026-2026,0.5833,2026
3505708,Barueri,336015,2026,2023,213224.73699090813,100.0,4.5916317511335585,3.571269139770546,342.8418374179724,215.8066923032773,40.814504454520524,8.67308219658561,976.997200380085,154.07475431581497,25.509065284075326,78.0577397692705,3628,4166,0.7580412866058569,0.4356629653821032,0.3674987998079693,1.1783783783783783,0.4027027027027027,0.2186749879980797,2024.0,2025.0,C+,2.0,C,1.0,B,3.0,C+,2.0,B,3.0,B,3.0,C+,2.0,B,3.0,False,False,False,2026-2026,0.5833,2026
3505807,Bastos,21968,2026,2023,72678.57793153678,86.12374663731964,7.803558422640724,7.803558422640724,413.5885963999583,54.624908958485065,0.0,0.0,756.9451669961502,23.41067526792217,101.44625949432941,78.03558422640724,185,215,0.35348837209302325,0.5689655172413793,0.26976744186046514,0.0,0.5,0.09302325581395349,2024.0,2025.0,B,3.0,C,1.0,B,3.0,C+,2.0,B+,4.0,C+,2.0,B,3.0,B+,4.0,False,False,False,2026-2026,0.5833,2026
3505906,Batatais,59999,2026,2023,55479.091318188635,88.43579573624194,0.0,0.0,282.86185722142983,22.85752381587312,5.71438095396828,0.0,648.5822382753997,51.42942858571451,20.00033333888898,231.43242863571533,442,597,0.5745393634840871,0.5,0.32160804020100503,1.5263157894736843,0.10526315789473684,0.05527638190954774,2024.0,2025.0,B,3.0,C,1.0,B,3.0,B,3.0,B+,4.0,B,3.0,B+,4.0,B,3.0,False,False,False,2026-2026,0.5833,2026
3506003,Bauru,394028,2026,2023,52419.52094774991,98.3273099433908,7.831205614104291,15.662411228208581,566.457206086877,55.253506277291386,5.2208037427361935,0.0,1257.3435680423,94.40953434781284,52.20803742736193,100.93553902623309,4954,5894,0.5963691890057686,0.5700082850041425,0.4095690532745165,3.2406015037593985,0.49624060150375937,0.08754665761791652,2024.0,2025.0,C,1.0,C,1.0,C+,2.0,C+,2.0,B,3.0,C,1.0,C,1.0,C+,2.0,False,False,False,2026-2026,0.5833,2026
3506102,Bebedouro,78298,2026,2023,68247.73302000051,95.29286333044578,6.568312272161668,8.757749696215557,370.0149246651073,26.273249088646672,6.568312272161668,0.0,580.2009173742806,63.493685297562784,43.78874848107779,177.34443134836505,586,762,0.5564304461942258,0.48066298342541436,0.23753280839895013,2.4782608695652173,0.391304347826087,0.06561679790026247,2024.0,2025.0,C+,2.0,C,1.0,C,1.0,B,3.0,B,3.0,C+,2.0,C+,2.0,C+,2.0,False,False,False,2026-2026,0.5833,2026
3506201,Bento de Abreu,2638,2026,2023,109181.19787717969,91.39865370231864,0.0,0.0,324.92147730965013,0.0,0.0,0.0,259.9371818477201,0.0,0.0,0.0,9,10,0.3,0.5,0.4,,,0.0,2024.0,2025.0,C+,2.0,B,3.0,C+,2.0,C+,2.0,B,3.0,C+,2.0,C,1.0,C,1.0,False,True,False,2026-2026,0.5833,2026
3506300,Bernardino de Campos,11906,2026,2023,50856.62691080128,89.63341067285383,0.0,0.0,518.3460920064313,0.0,0.0,0.0,820.7146456768496,28.79700511146841,43.195507667202605,86.39101533440521,104,132,0.45454545454545453,0.5454545454545454,0.3333333333333333,,,0.05303030303030303,2024.0,2025.0,C+,2.0,C,1.0,B,3.0,C+,2.0,C+,2.0,C,1.0,C+,2.0,C,1.0,False,False,False,2026-2026,0.5833,2026
3506359,Bertioga,67941,2026,2023,39203.86806199497,98.3670899359849,7.569592945139375,17.662383538658542,638.3690050400872,209.4254048155227,22.708778835418126,0.0,1304.4931842123524,108.49749888033104,68.12633650625438,227.08778835418124,1032,1175,0.6808510638297872,0.5187793427230047,0.3625531914893617,2.189189189189189,0.4594594594594595,0.1574468085106383,2024.0,2025.0,C+,2.0,C,1.0,B,3.0,B,3.0,B,3.0,B,3.0,C,1.0,B,3.0,False,False,False,2026-2026,0.5833,2026
3506409,Bilac,7473,2026,2023,41180.917971363575,91.95516458569809,0.0,0.0,206.45753283248266,0.0,0.0,0.0,389.97533979468943,45.8794517405517,0.0,22.93972587027585,29,38,0.42105263157894735,0.5714285714285714,0.18421052631578946,6.0,1.0,0.02631578947368421,2024.0,2025.0,C+,2.0,C,1.0,B,3.0,B+,4.0,B+,4.0,C,1.0,C+,2.0,C,1.0,False,False,False,2026-2026,0.5833,2026
3506508,Birigui,123655,2026,2023,39355.38393109862,97.01916709587228,5.545382602517372,4.159036951888029,341.04103005481835,36.044986916362916,6.931728253146715,0.0,654.3551470970499,63.77189992894977,27.72691301258686,58.2265173264324,864,1270,0.5133858267716536,0.5376712328767124,0.22992125984251968,6.65,0.75,0.10236220472440945,2024.0,2025.0,C+,2.0,C,1.0,C+,2.0,B,3.0,C+,2.0,C,1.0,B,3.0,B,3.0,False,False,False,2026-2026,0.5833,2026
3506607,Biritiba Mirim,30599,2026,2023,36326.05640707212,85.8267716535433,0.0,5.602423982109592,347.35028689079473,28.012119910547966,5.602423982109592,0.0,369.7599828192331,11.204847964219184,50.42181583898633,33.61454389265755,152,179,0.4134078212290503,0.7,0.22346368715083798,4.333333333333333,0.3333333333333333,0.10614525139664804,2024.0,2025.0,C,1.0,C,1.0,C,1.0,C,1.0,C,1.0,C,1.0,C,1.0,C,1.0,False,False,False,2026-2026,0.5833,2026
3506706,Boa Esperança do Sul,13093,2026,2023,48362.94203009242,89.29278123854893,13.093146828730728,13.093146828730728,471.3532858343062,39.279440486192186,0.0,0.0,589.1916072928827,52.37258731492291,52.37258731492291,196.3972024309609,109,116,0.33620689655172414,0.4878048780487805,0.35344827586206895,0.6,0.2,0.04310344827586207,2024.0,2025.0,C,1.0,C,1.0,B+,4.0,B,3.0,C,1.0,C,1.0,C+,2.0,C+,2.0,False,False,False,2026-2026,0.5833,2026
3506805,Bocaina,11492,2026,2023,33186.21649843369,92.1447647112994,14.917209487345234,14.917209487345234,522.1023320570832,14.917209487345234,0.0,0.0,581.7711700064641,44.7516284620357,14.917209487345234,119.33767589876187,89,96,0.375,0.6,0.2604166666666667,12.0,1.0,0.125,2024.0,2025.0,C+,2.0,B,3.0,C+,2.0,C,1.0,B,3.0,C,1.0,B,3.0,C+,2.0,False,False,False,2026-2026,0.5833,2026
3506904,Bofete,10735,2026,2023,28856.35770843037,63.75545851528385,15.969126355712287,15.969126355712287,542.9502960942177,15.969126355712287,0.0,0.0,415.19728524851945,95.81475813427373,191.62951626854746,127.7530108456983,89,103,0.4563106796116505,0.4375,0.3106796116504854,0.5,0.6666666666666666,0.0,2024.0,2025.0,C,1.0,C,1.0,C+,2.0,C,1.0,C+,2.0,C,1.0,C,1.0,C,1.0,False,False,False,2026-2026,0.5833,2026
3507001,Boituva,64240,2026,2023,69647.10460772105,94.06797201639276,8.005692937199786,5.337128624799857,381.60469667318984,48.034157623198716,56.039850560398506,0.0,797.9007294075786,90.73118662159757,37.359900373599,250.84504536559328,628,746,0.628686327077748,0.5282258064516129,0.3324396782841823,0.835820895522388,0.44776119402985076,0.0871313672922252,2024.0,2025.0,C+,2.0,C,1.0,C,1.0,C+,2.0,B,3.0,B+,4.0,C,1.0,B+,4.0,False,False,False,2026-2026,0.5833,2026
3507100,Bom Jesus dos Perdões,22648,2026,2023,71856.72024019781,88.16724172924701,7.569258717262956,0.0,355.7551597113589,60.55406973810365,7.569258717262956,0.0,673.664025836403,128.67739819347025,45.41555230357773,136.2466569107332,187,211,0.47393364928909953,0.5285714285714286,0.33175355450236965,0.9333333333333333,0.2,0.13270142180094788,2024.0,2025.0,C,1.0,C,1.0,B,3.0,C,1.0,C+,2.0,C,1.0,C,1.0,C+,2.0,False,False,False,2026-2026,0.5833,2026
3507159,Bom Sucesso de Itararé,3609,2026,2023,21470.490440565252,68.0481657798936,47.50029687685548,47.50029687685548,285.00178126113286,0.0,0.0,0.0,332.50207813798835,0.0,190.00118750742192,47.50029687685548,20,25,0.36,,0.0,,,0.0,2024.0,2025.0,C,1.0,C,1.0,B+,4.0,C+,2.0,C+,2.0,C,1.0,C,1.0,C,1.0,False,True,False,2026-2026,0.5833,2026
3507209,Borá,935,2026,2023,129371.12299465241,77.88819875776397,0.0,0.0,366.6921313980137,0.0,0.0,0.0,0.0,0.0,0.0,0.0,2,3,0.3333333333333333,0.5,0.6666666666666666,,,0.0,2024.0,2025.0,C+,2.0,C,1.0,B,3.0,B,3.0,B,3.0,B,3.0,C+,2.0,A,5.0,False,True,False,2026-2026,0.5833,2026
3507308,Boracéia,4852,2026,2023,135518.34295136028,89.66729147141518,0.0,0.0,741.9620774938169,35.33152749970557,0.0,0.0,317.9837474973501,35.33152749970557,105.9945824991167,35.33152749970557,36,42,0.5,0.75,0.2857142857142857,15.0,0.0,0.0,2024.0,2025.0,C+,2.0,C,1.0,B,3.0,C+,2.0,B+,4.0,C+,2.0,C,1.0,C+,2.0,False,True,False,2026-2026,0.5833,2026
3507407,Borborema,14396,2026,2023,48966.449013614896,90.13008465826968,0.0,0.0,571.5873456912633,23.81613940380264,0.0,0.0,595.403485095066,47.63227880760528,71.44841821140791,83.35648791330925,117,151,0.31125827814569534,0.6896551724137931,0.19205298013245034,1.75,0.25,0.2185430463576159,2024.0,2025.0,C+,2.0,C,1.0,B,3.0,B,3.0,B,3.0,C,1.0,C+,2.0,B,3.0,False,False,False,2026-2026,0.5833,2026
3507456,Borebi,2814,2026,2023,42093.81663113007,87.22197993894461,0.0,0.0,182.75967103259214,0.0,0.0,0.0,609.1989034419738,0.0,243.67956137678954,60.919890344197384,18,21,0.3333333333333333,0.36363636363636365,0.5238095238095238,,,0.047619047619047616,2024.0,2025.0,C+,2.0,C,1.0,B,3.0,B,3.0,B,3.0,C,1.0,C,1.0,C,1.0,False,True,False,2026-2026,0.5833,2026
3507506,Botucatu,151600,2026,2023,52718.65435356201,96.34801457652677,3.392385978137957,7.9155672823218985,614.0218620429702,21.485111194873728,2.261590652091971,0.0,653.5996984545797,33.92385978137956,50.88578967206935,135.69543912551825,1347,1718,0.5040745052386496,0.4444444444444444,0.2881257275902212,3.5555555555555554,0.37037037037037035,0.06111757857974389,2024.0,2025.0,C+,2.0,C,1.0,B,3.0,C+,2.0,B,3.0,B,3.0,A,5.0,A,5.0,False,False,False,2026-2026,0.5833,2026
3507605,Bragança Paulista,186631,2026,2023,55956.87747480322,96.94093114539606,3.674171416936552,5.511257125404828,377.52111309023076,44.09005700323863,4.59271427117069,7.348342833873104,661.3508550485794,57.868199816750696,38.5787998778338,139.61851384358897,1459,1673,0.5511057979677226,0.5714285714285714,0.301255230125523,2.9076923076923076,0.27692307692307694,0.20800956365809922,2024.0,2025.0,B,3.0,C,1.0,B,3.0,B,3.0,B,3.0,B+,4.0,B+,4.0,A,5.0,False,False,False,2026-2026,0.5833,2026
3507704,Braúna,5487,2026,2023,28768.90832877711,87.43278231428002,31.242677497461532,0.0,218.69874248223073,0.0,0.0,0.0,187.4560649847692,0.0,93.7280324923846,62.485354994923064,19,27,0.37037037037037035,1.0,0.037037037037037035,,,0.1111111111111111,2024.0,2025.0,C,1.0,C,1.0,C+,2.0,B,3.0,C+,2.0,C,1.0,C,1.0,C,1.0,False,False,False,2026-2026,0.5833,2026
3507753,Brejo Alegre,2605,2026,2023,34816.50671785029,82.00544111931598,0.0,0.0,263.2300520976144,0.0,0.0,0.0,526.4601041952288,0.0,65.8075130244036,0.0,13,17,0.4117647058823529,1.0,0.4117647058823529,,,0.0,2024.0,2025.0,C,1.0,C,1.0,B,3.0,B,3.0,B,3.0,C,1.0,B,3.0,C,1.0,False,True,False,2026-2026,0.5833,2026
3507803,Brodowski,26446,2026,2023,45765.144067155714,97.58373999147202,0.0,12.964423461284989,382.4504921079072,51.857693845139956,6.4822117306424945,6.4822117306424945,518.5769384513995,64.82211730642494,58.33990557578245,110.19759942092242,187,216,0.49537037037037035,0.5857142857142857,0.32407407407407407,1.4,0.4,0.05092592592592592,2024.0,2025.0,C,1.0,C,1.0,C,1.0,C+,2.0,B,3.0,C,1.0,C,1.0,C,1.0,False,False,False,2026-2026,0.5833,2026
3507902,Brotas,24571,2026,2023,63325.87196288307,86.18628359592215,0.0,20.93059762670279,383.7276231562178,69.76865875567596,6.976865875567597,0.0,411.63508665848826,55.81492700454078,48.83806112897318,334.88956202724466,191,213,0.4460093896713615,0.6557377049180327,0.2863849765258216,0.5454545454545454,0.18181818181818182,0.046948356807511735,2024.0,2025.0,C+,2.0,C,1.0,B,3.0,B,3.0,B,3.0,C,1.0,C,1.0,C,1.0,False,False,False,2026-2026,0.5833,2026
3508009,Buri,20783,2026,2023,43681.51854881393,80.76280773581857,24.74549941229439,16.49699960819626,552.6494868745746,32.99399921639252,8.24849980409813,0.0,602.1404856991634,32.99399921639252,82.4849980409813,519.6554876581821,227,244,0.45901639344262296,0.4174757281553398,0.42213114754098363,0.5,0.6,0.012295081967213115,2024.0,2025.0,C,1.0,C,1.0,C+,2.0,C+,2.0,C,1.0,C,1.0,C,1.0,C,1.0,False,False,False,2026-2026,0.5833,2026
3508108,Buritama,17712,2026,2023,42129.85546522132,94.21455441691528,0.0,9.67866821525358,377.4680603948897,48.39334107626791,0.0,0.0,687.1854432830042,0.0,38.71467286101432,135.50135501355012,134,151,0.3509933774834437,0.5306122448979592,0.32450331125827814,,,0.15894039735099338,2024.0,2025.0,C,1.0,C,1.0,B,3.0,C+,2.0,B,3.0,C,1.0,C,1.0,B,3.0,False,False,False,2026-2026,0.5833,2026
3508207,Buritizal,4467,2026,2023,68405.64137004701,81.56920799407847,0.0,0.0,307.0133358917778,38.37666698647222,0.0,38.37666698647222,882.6633406888611,38.37666698647222,38.37666698647222,76.75333397294445,37,59,0.5932203389830508,0.6666666666666666,0.2542372881355932,1.0,1.0,0.01694915254237288,2024.0,2025.0,C,1.0,C,1.0,B,3.0,C,1.0,C+,2.0,C,1.0,C,1.0,C+,2.0,False,True,False,2026-2026,0.5833,2026
3508306,Cabrália Paulista,4358,2026,2023,40725.33272143185,86.52920962199313,0.0,39.33652396249917,354.0287156624926,0.0,0.0,0.0,432.7017635874909,39.33652396249917,118.00957188749753,78.67304792499834,27,32,0.375,0.2857142857142857,0.4375,0.0,0.0,0.0,2024.0,2025.0,B,3.0,B,3.0,C,1.0,C+,2.0,B,3.0,B,3.0,B+,4.0,C+,2.0,False,True,False,2026-2026,0.5833,2026
3508405,Cabreúva,48815,2026,2023,148335.16337191436,84.75386982020959,14.047204459987416,10.535403344990561,312.55029923472,31.606210034971685,10.535403344990561,0.0,386.2981226496539,45.6534144949591,35.11801114996854,203.68446466981754,299,358,0.5865921787709497,0.43089430894308944,0.3435754189944134,4.181818181818182,0.6363636363636364,0.05027932960893855,2024.0,2025.0,C+,2.0,C,1.0,B,3.0,C+,2.0,C+,2.0,C,1.0,B,3.0,B+,4.0,False,False,False,2026-2026,0.5833,2026
3508504,Caçapava,100422,2026,2023,64888.87893091155,85.56376250707947,11.9495728027723,13.65665463173977,392.6288206625184,69.99035498766632,49.50537304005667,5.1212454869024135,988.4003789721659,88.76825510630852,32.434554750381956,104.13199156701575,1029,1125,0.7075555555555556,0.6185344827586207,0.41244444444444445,1.5121951219512195,0.2804878048780488,0.1671111111111111,2024.0,2025.0,C,1.0,C,1.0,B,3.0,C+,2.0,C,1.0,C,1.0,B+,4.0,C,1.0,False,False,False,2026-2026,0.5833,2026
3508603,Cachoeira Paulista,32579,2026,2023,26022.46846127874,81.65896779768038,31.57160835419836,15.78580417709918,268.35867101068607,36.83354307989809,21.04773890279891,0.0,599.860558729769,21.04773890279891,26.309673628498636,210.4773890279891,234,268,0.5559701492537313,0.48598130841121495,0.39925373134328357,4.0,0.2,0.08582089552238806,2024.0,2025.0,C,1.0,C,1.0,C,1.0,C,1.0,C,1.0,C,1.0,C,1.0,C,1.0,False,False,False,2026-2026,0.5833,2026
3508702,Caconde,17192,2026,2023,32230.630525825967,68.1788758226346,9.971415276208202,9.971415276208202,408.82802632453627,9.971415276208202,0.0,0.0,358.97094994349527,49.85707638104101,9.971415276208202,129.62839859070664,99,122,0.5327868852459017,0.7241379310344828,0.23770491803278687,3.0,0.6666666666666666,0.13114754098360656,2024.0,2025.0,C,1.0,C,1.0,B,3.0,C,1.0,C+,2.0,C,1.0,C,1.0,B,3.0,False,False,False,2026-2026,0.5833,2026
3508801,Cafelândia,16908,2026,2023,55041.10480246037,86.8669838020112,0.0,10.13890297069857,324.44489506235425,40.55561188279428,0.0,0.0,314.3059920916557,10.13890297069857,40.55561188279428,111.52793267768428,84,100,0.38,0.5185185185185185,0.27,12.0,0.0,0.07,2024.0,2025.0,B,3.0,C+,2.0,B,3.0,B+,4.0,B+,4.0,B,3.0,A,5.0,A,5.0,False,False,False,2026-2026,0.5833,2026
3508900,Caiabu,3715,2026,2023,23691.79004037685,81.40962671905697,0.0,0.0,1153.6243030186502,0.0,0.0,0.0,323.01480484522205,0.0,0.0,46.144972120746004,33,35,0.37142857142857144,0.45454545454545453,0.3142857142857143,,,0.02857142857142857,2024.0,2025.0,C+,2.0,C,1.0,B,3.0,B,3.0,B,3.0,C+,2.0,C+,2.0,C,1.0,False,True,False,2026-2026,0.5833,2026
3509007,Caieiras,98810,2026,2023,55739.48993016901,97.523373666632,1.7349313979209737,8.674656989604868,326.16710280914305,107.56574667110037,41.63835355010337,3.4698627958419475,577.7321555076842,57.25273613139213,27.75890236673558,52.04794193762922,694,779,0.6611039794608472,0.46963562753036436,0.3170731707317073,2.1724137931034484,0.5862068965517241,0.17586649550706032,2024.0,2025.0,C+,2.0,C,1.0,B,3.0,C,1.0,C+,2.0,C+,2.0,B,3.0,B+,4.0,False,False,False,2026-2026,0.5833,2026
3509106,Caiuá,5612,2026,2023,19938.524590163935,38.301250248065095,0.0,0.0,305.46787496181645,0.0,0.0,0.0,30.54678749618165,0.0,30.54678749618165,30.54678749618165,13,21,0.38095238095238093,0.5,0.19047619047619047,,,0.0,2024.0,2025.0,C,1.0,C,1.0,C,1.0,B,3.0,B,3.0,C,1.0,C,1.0,C,1.0,False,False,False,2026-2026,0.5833,2026
3509205,Cajamar,99249,2026,2023,292039.2346522383,97.986399226378,6.909029669964289,10.363544504946432,461.1777304701162,117.4535043893929,20.727089009892865,15.545316757419648,775.5385804534914,56.99949477720538,27.636118679857155,221.08894943885724,992,1162,0.6695352839931153,0.43544303797468353,0.3399311531841652,0.5970149253731343,0.1044776119402985,0.20137693631669534,2024.0,2025.0,C+,2.0,C+,2.0,C+,2.0,B,3.0,B+,4.0,C,1.0,C,1.0,B,3.0,False,False,False,2026-2026,0.5833,2026
3509254,Cajati,29267,2026,2023,67915.05791505791,73.02974763851685,5.857401559045048,5.857401559045048,521.3087387550092,41.00181091331534,0.0,11.714803118090096,796.6066120301265,23.42960623618019,76.14622026758562,210.86645612562174,289,333,0.45645645645645644,0.3898305084745763,0.35435435435435436,4.333333333333333,0.3333333333333333,0.07807807807807808,2024.0,2025.0,C+,2.0,C,1.0,B+,4.0,B,3.0,B,3.0,C,1.0,C,1.0,B+,4.0,False,False,False,2026-2026,0.5833,2026
3509304,Cajobi,9191,2026,2023,29920.683277118922,93.499180999181,0.0,0.0,391.68752040039163,18.651786685732937,0.0,0.0,596.857173943454,74.60714674293175,93.25893342866468,186.51786685732935,73,88,0.4772727272727273,0.6296296296296297,0.3068181818181818,1.0,0.0,0.10227272727272728,2024.0,2025.0,C,1.0,C,1.0,C,1.0,C,1.0,B,3.0,C,1.0,C,1.0,C,1.0,False,False,False,2026-2026,0.5833,2026
3509403,Cajuru,24247,2026,2023,46347.96057244195,88.97779299131402,14.140188182337727,0.0,516.1168686553269,63.630846820519764,14.140188182337727,0.0,728.2196913903929,56.56075272935091,28.280376364675455,42.42056454701318,207,232,0.4353448275862069,0.46875,0.27586206896551724,1.8,0.2,0.06896551724137931,2024.0,2025.0,C,1.0,C,1.0,B,3.0,C+,2.0,B,3.0,C,1.0,C,1.0,C,1.0,False,False,False,2026-2026,0.5833,2026
3509452,Campina do Monte Alegre,6101,2026,2023,34655.95803966563,84.60571223280043,28.098438195143654,28.098438195143654,477.6734493174421,28.098438195143654,0.0,0.0,590.0672020980167,56.19687639028731,0.0,224.78750556114923,51,56,0.3392857142857143,0.47619047619047616,0.375,5.0,1.0,0.05357142857142857,2024.0,2025.0,C+,2.0,B,3.0,C,1.0,C,1.0,B,3.0,C,1.0,C+,2.0,C,1.0,False,False,False,2026-2026,0.5833,2026
3509502,Campinas,1189761,2026,2023,77299.83416837499,98.28045769285252,7.348414633575267,7.780674317903224,362.23361546682787,238.1750860647042,68.44111668525984,2.3053849830824364,1349.0824747875533,275.9257651626791,31.6990435173835,71.75510759844084,16759,17968,0.7465494211932324,0.49715159094066974,0.4005454140694568,0.8531124048365427,0.3667711598746082,0.1798753339269813,2024.0,2025.0,B,3.0,C,1.0,C+,2.0,C+,2.0,B,3.0,B+,4.0,B+,4.0,B+,4.0,False,False,False,2026-2026,0.5833,2026
3509601,Campo Limpo Paulista,79890,2026,2023,40479.84729002378,100.0,4.291615256692237,4.291615256692237,345.47502816372514,145.91491872753608,72.95745936376804,0.0,484.9525240062228,94.41553564722922,45.0619601952685,105.14457378895982,607,704,0.6676136363636364,0.39826839826839827,0.328125,1.2567567567567568,0.3918918918918919,0.171875,2024.0,2025.0,C+,2.0,C,1.0,C+,2.0,B,3.0,C+,2.0,B,3.0,C+,2.0,B+,4.0,False,False,False,2026-2026,0.5833,2026
3509700,Campos do Jordão,47932,2026,2023,40615.851623132774,99.37642553725752,3.576495273065414,7.152990546130828,604.4277011480549,64.37691491517745,0.0,0.0,829.7469033511759,39.34144800371955,75.1064007343737,325.46106984895266,545,634,0.6182965299684543,0.5445026178010471,0.30126182965299686,3.0,0.5555555555555556,0.15457413249211358,2024.0,2025.0,C,1.0,C,1.0,C+,2.0,C+,2.0,C+,2.0,C,1.0,C,1.0,C,1.0,False,False,False,2026-2026,0.5833,2026
3509809,Campos Novos Paulista,5013,2026,2023,68281.46818272492,77.72637144745539,0.0,0.0,547.148841583312,0.0,0.0,0.0,205.18081559374195,102.59040779687098,0.0,170.984012994785,30,34,0.3235294117647059,0.6470588235294118,0.5,0.0,0.0,0.0,2024.0,2025.0,B,3.0,B+,4.0,B,3.0,C+,2.0,B,3.0,C,1.0,C,1.0,C+,2.0,False,False,False,2026-2026,0.5833,2026
3509908,Cananéia,12493,2026,2023,26457.85639958377,85.35907083265172,0.0,27.44394003499102,754.7083509622531,27.44394003499102,0.0,0.0,809.5962310322351,0.0,150.9416701924506,233.2734902974237,146,160,0.425,0.4931506849315068,0.45625,6.0,1.0,0.075,2024.0,2025.0,C,1.0,C,1.0,C,1.0,C,1.0,C,1.0,C,1.0,C,1.0,C,1.0,False,False,False,2026-2026,0.5833,2026
3509957,Canas,5084,2026,2023,23803.50118017309,92.8164196123147,33.7192312015286,33.7192312015286,303.4730808137574,67.4384624030572,0.0,0.0,775.5423176351578,33.7192312015286,33.7192312015286,134.8769248061144,42,50,0.4,0.5,0.44,0.0,0.0,0.06,2024.0,2025.0,C,1.0,C,1.0,B,3.0,C+,2.0,C,1.0,C,1.0,C,1.0,B,3.0,False,False,False,2026-2026,0.5833,2026
3510005,Cândido Mota,30144,2026,2023,82363.15684713375,94.01686521215366,0.0,17.060964513193813,449.27206551410376,5.686988171064605,0.0,0.0,517.515923566879,17.060964513193813,34.121929026387626,125.1137397634213,205,244,0.42213114754098363,0.5,0.38524590163934425,0.75,0.75,0.036885245901639344,2024.0,2025.0,C+,2.0,C,1.0,B,3.0,B,3.0,C,1.0,B,3.0,C+,2.0,C+,2.0,False,False,False,2026-2026,0.5833,2026
3510104,Cândido Rodrigues,2966,2026,2023,53253.877275792314,80.69715142428787,0.0,0.0,231.19160003853193,0.0,0.0,0.0,520.1811000866969,0.0,0.0,231.19160003853193,17,19,0.47368421052631576,0.8,0.2631578947368421,,,0.0,2024.0,2025.0,C,1.0,C,1.0,C,1.0,B,3.0,C+,2.0,B,3.0,C+,2.0,C,1.0,False,True,False,2026-2026,0.5833,2026
3510153,Canitar,6647,2026,2023,32846.09598315029,94.71274891279468,25.790367297814264,0.0,386.85550946721395,25.790367297814264,25.790367297814264,0.0,722.1302843387994,51.58073459562853,128.95183648907133,232.11330568032838,62,79,0.379746835443038,0.5,0.27848101265822783,18.0,0.0,0.012658227848101266,2024.0,2025.0,C,1.0,C,1.0,B+,4.0,C,1.0,B,3.0,C,1.0,C,1.0,C,1.0,False,False,False,2026-2026,0.5833,2026
3510203,Capão Bonito,47415,2026,2023,35197.34261309712,81.90913421975833,3.6154923848691647,3.6154923848691647,343.4717765625706,32.539431463822474,0.0,0.0,448.3210557237764,28.923939078953318,50.6168933881683,220.545035477019,313,352,0.39488636363636365,0.3987341772151899,0.44886363636363635,0.23076923076923078,0.46153846153846156,0.09659090909090909,2024.0,2025.0,C,1.0,C,1.0,C+,2.0,C+,2.0,B,3.0,C,1.0,C,1.0,B+,4.0,False,False,False,2026-2026,0.5833,2026
3510302,Capela do Alto,23939,2026,2023,22392.24696102594,82.83139402235912,0.0,7.161058165694951,336.5697337876627,7.161058165694951,0.0,0.0,386.6971409475273,71.6105816569495,78.77163982264445,221.99280313654344,155,181,0.4419889502762431,0.4411764705882353,0.3756906077348066,1.3333333333333333,0.5555555555555556,0.022099447513812154,2024.0,2025.0,C+,2.0,C,1.0,B,3.0,B,3.0,B,3.0,C,1.0,C,1.0,B,3.0,False,False,False,2026-2026,0.5833,2026
3510401,Capivari,51415,2026,2023,74384.1291451911,94.49934123847169,3.334213195148719,6.668426390297438,456.7872077353746,43.34477153693335,10.00263958544616,3.334213195148719,493.46355288201045,36.67634514663591,26.673705561189752,216.72385768466677,389,487,0.5770020533880903,0.48672566371681414,0.23203285420944558,1.5384615384615385,0.15384615384615385,0.09034907597535935,2024.0,2025.0,C+,2.0,C,1.0,C+,2.0,B+,4.0,B,3.0,C,1.0,A,5.0,A,5.0,False,False,False,2026-2026,0.5833,2026
3510500,Caraguatatuba,143291,2026,2023,40636.29257943625,95.86771122570408,31.10553249780417,27.51643259421138,619.7179166870214,160.31312902714456,10.767299710778365,0.0,1227.4721670287336,76.5674646099795,39.48009893952067,166.2949621997992,1972,2134,0.6087160262417994,0.4886104783599089,0.4114339268978444,1.7962962962962963,0.5555555555555556,0.17010309278350516,2024.0,2025.0,C,1.0,C,1.0,B,3.0,C,1.0,C,1.0,C,1.0,C,1.0,B,3.0,False,False,False,2026-2026,0.5833,2026
3510609,Carapicuíba,398772,2026,2023,21156.99447303221,100.0,6.878259112618596,7.308150307157257,337.46458771284983,456.54444860005924,54.5961817064101,3.86902075084796,779.3927356985946,218.3847268256404,36.970642730324954,70.07226470980193,4586,4923,0.7499492179565306,0.49554273728369164,0.387365427584806,1.6168582375478928,0.5038314176245211,0.2327848872638635,2024.0,2025.0,C,1.0,C,1.0,B,3.0,C,1.0,C,1.0,C,1.0,B,3.0,C,1.0,False,False,False,2026-2026,0.5833,2026
3510708,Cardoso,11462,2026,2023,38389.89705112546,90.89368911478188,0.0,14.956252960091732,628.1626243238527,14.956252960091732,0.0,0.0,613.206371363761,14.956252960091732,29.912505920183463,44.868758880275195,91,109,0.44954128440366975,0.4444444444444444,0.24770642201834864,0.0,0.0,0.045871559633027525,2024.0,2025.0,C,1.0,C,1.0,C,1.0,C,1.0,C+,2.0,C,1.0,C,1.0,C,1.0,False,False,False,2026-2026,0.5833,2026
3510807,Casa Branca,28773,2026,2023,51933.375039099155,81.79602218532519,0.0,0.0,518.3430895035524,23.831866184071377,5.957966546017844,5.957966546017844,637.5024204239094,11.915933092035688,29.789832730089223,244.27662838673163,248,295,0.423728813559322,0.48514851485148514,0.3423728813559322,0.45454545454545453,0.2727272727272727,0.0847457627118644,2024.0,2025.0,C+,2.0,C,1.0,B,3.0,B,3.0,B,3.0,B,3.0,C+,2.0,B,3.0,False,False,False,2026-2026,0.5833,2026
3510906,Cássia dos Coqueiros,2866,2026,2023,106788.55547801814,68.14730447987851,59.814574818063996,0.0,358.887448908384,0.0,0.0,0.0,1375.735220815472,179.443724454192,59.814574818063996,0.0,34,35,0.4857142857142857,0.7222222222222222,0.5142857142857142,0.5,0.5,0.0,2024.0,2025.0,C,1.0,C,1.0,C+,2.0,B,3.0,B,3.0,C,1.0,C,1.0,C,1.0,False,True,False,2026-2026,0.5833,2026
3511003,Castilho,20545,2026,2023,110758.87077147725,75.4652002444037,0.0,16.688106247609774,483.9550811806835,8.344053123804887,0.0,0.0,592.4277717901471,25.032159371414664,75.096478114244,108.47269060946354,157,204,0.39215686274509803,0.4745762711864407,0.28921568627450983,1.2,0.8,0.06862745098039216,2024.0,2025.0,C+,2.0,C,1.0,B,3.0,C+,2.0,B,3.0,C,1.0,C,1.0,C,1.0,False,False,False,2026-2026,0.5833,2026
3511102,Catanduva,119368,2026,2023,58893.11205683265,99.19695089523134,10.052945513035318,7.180675366453799,410.7346309611573,34.46724175897823,8.616810439744558,0.0,617.5380815150266,45.95632234530431,31.594971612396716,199.62277518741558,951,1363,0.5370506236243581,0.38769230769230767,0.2384446074834923,2.135135135135135,0.4594594594594595,0.06969919295671313,2024.0,2025.0,C+,2.0,C,1.0,C+,2.0,C+,2.0,C+,2.0,B,3.0,C+,2.0,B,3.0,False,False,False,2026-2026,0.5833,2026
3511201,Catiguá,7097,2026,2023,27750.59884458222,92.17061877367756,0.0,24.15507558525735,458.9464361198897,0.0,0.0,0.0,144.9304535115441,72.46522675577205,24.15507558525735,193.2406046820588,38,53,0.5283018867924528,0.5,0.18867924528301888,2.5,0.5,0.0,2024.0,2025.0,C+,2.0,C,1.0,C,1.0,B+,4.0,B,3.0,B+,4.0,C,1.0,C,1.0,False,False,False,2026-2026,0.5833,2026
3511300,Cedral,13454,2026,2023,60121.15356027947,79.11440040140492,0.0,0.0,547.898659984285,12.741829301960117,0.0,0.0,624.3496357960457,50.967317207840466,50.967317207840466,89.19280511372082,108,130,0.3923076923076923,0.4857142857142857,0.2692307692307692,4.333333333333333,0.6666666666666666,0.06153846153846154,2024.0,2025.0,C+,2.0,C,1.0,C+,2.0,B,3.0,B+,4.0,C,1.0,C,1.0,C,1.0,False,False,False,2026-2026,0.5833,2026
3511409,Cerqueira César,22329,2026,2023,62726.40960186305,89.64179785535022,7.677395827335367,15.354791654670734,752.3847910788661,15.354791654670734,0.0,0.0,429.9341663307806,23.0321874820061,138.19312489203662,460.6437496401221,240,270,0.35555555555555557,0.36507936507936506,0.23333333333333334,3.3333333333333335,0.3333333333333333,0.02962962962962963,2024.0,2025.0,C,1.0,C,1.0,B,3.0,C,1.0,C+,2.0,C,1.0,C,1.0,C,1.0,False,False,False,2026-2026,0.5833,2026
3511508,Cerquilho,46547,2026,2023,62116.31254431005,94.8254537193629,0.0,3.6829134300507325,276.2185072538049,51.56078802071025,7.365826860101465,0.0,766.0459934505523,99.43866261136976,44.194961160608784,114.17031633157268,370,415,0.5951807228915663,0.4305555555555556,0.3469879518072289,1.40625,0.46875,0.10843373493975904,2024.0,2025.0,B,3.0,C+,2.0,C+,2.0,B,3.0,B,3.0,B,3.0,C,1.0,A,5.0,False,False,False,2026-2026,0.5833,2026
3511607,Cesário Lange,19813,2026,2023,61367.990713168125,67.51608751608752,8.652327836701733,0.0,328.7884577946658,8.652327836701733,17.304655673403467,8.652327836701733,328.7884577946658,51.91396702021039,69.21862269361387,207.65586808084157,119,147,0.5238095238095238,0.4852941176470588,0.46258503401360546,1.3076923076923077,0.38461538461538464,0.02040816326530612,2024.0,2025.0,B,3.0,B,3.0,B,3.0,C+,2.0,B+,4.0,C,1.0,B+,4.0,A,5.0,False,False,False,2026-2026,0.5833,2026
3511706,Charqueada,15827,2026,2023,49953.054906173,90.72588664235997,10.831400229264638,10.831400229264638,379.0990080242623,21.662800458529276,0.0,0.0,433.25600917058546,32.494200687793914,32.494200687793914,119.145402521911,96,105,0.42857142857142855,0.5714285714285714,0.26666666666666666,0.6666666666666666,0.6666666666666666,0.1523809523809524,2024.0,2025.0,B,3.0,B,3.0,B,3.0,B+,4.0,B+,4.0,C+,2.0,C,1.0,C,1.0,False,False,False,2026-2026,0.5833,2026
3511904,Clementina,7082,2026,2023,35880.68342276193,95.31493276716206,24.206237140436517,48.412474280873035,411.5060313874208,24.206237140436517,0.0,0.0,242.06237140436517,24.206237140436517,24.206237140436517,72.61871142130956,36,42,0.38095238095238093,0.6666666666666666,0.21428571428571427,3.0,0.0,0.023809523809523808,2024.0,2025.0,C+,2.0,C,1.0,B,3.0,B,3.0,B,3.0,C+,2.0,C,1.0,C,1.0,False,False,False,2026-2026,0.5833,2026
3512001,Colina,18914,2026,2023,108521.51845194036,93.3912843244488,18.127162041722684,9.063581020861342,425.988307980483,9.063581020861342,0.0,0.0,471.3062130847897,27.190743062584023,72.50864816689074,271.9074306258402,144,158,0.37341772151898733,0.4262295081967213,0.3860759493670886,0.0,0.4,0.02531645569620253,2024.0,2025.0,C+,2.0,C,1.0,B,3.0,B,3.0,B,3.0,C,1.0,C,1.0,C,1.0,False,False,False,2026-2026,0.5833,2026
3512100,Colômbia,6822,2026,2023,108975.81354441513,72.27227227227228,0.0,50.25757004648825,728.7347656740795,25.128785023244124,0.0,0.0,1005.1514009297649,50.25757004648825,50.25757004648825,201.030280185953,84,94,0.3829787234042553,0.5625,0.3404255319148936,0.0,0.0,0.02127659574468085,2024.0,2025.0,C+,2.0,C,1.0,C+,2.0,B,3.0,B,3.0,B,3.0,C+,2.0,C,1.0,False,False,False,2026-2026,0.5833,2026
3512209,Conchal,29220,2026,2023,37428.61054072553,94.4904673193547,5.866823115283075,29.33411557641537,340.2757406864183,46.9345849222646,46.9345849222646,0.0,557.3481959518921,52.801408037547674,5.866823115283075,352.00938691698445,245,286,0.5314685314685315,0.47107438016528924,0.4230769230769231,2.6,0.5333333333333333,0.07692307692307693,2024.0,2025.0,C+,2.0,C,1.0,B,3.0,C+,2.0,C+,2.0,B,3.0,C,1.0,B,3.0,False,False,False,2026-2026,0.5833,2026
3512308,Conchas,15314,2026,2023,35986.87475512603,81.02283889980355,0.0,0.0,324.6329222560122,33.582716095449534,0.0,0.0,526.1292188287094,22.38847739696636,67.16543219089907,201.49629657269722,105,123,0.43902439024390244,0.25396825396825395,0.5121951219512195,2.0,0.6666666666666666,0.04878048780487805,2024.0,2025.0,C,1.0,C,1.0,C+,2.0,C,1.0,C,1.0,C,1.0,C,1.0,C,1.0,False,False,False,2026-2026,0.5833,2026
3512407,Cordeirópolis,25390,2026,2023,164155.76998818433,89.81973434535104,0.0,13.50362910032071,405.10887300962133,67.51814550160356,40.51088730096213,27.00725820064142,897.9913351713273,94.52540370224497,13.50362910032071,94.52540370224497,245,283,0.4664310954063604,0.7075471698113207,0.3745583038869258,0.84375,0.0625,0.26148409893992935,2024.0,2025.0,C+,2.0,C,1.0,C,1.0,B,3.0,C,1.0,B,3.0,C,1.0,C,1.0,False,False,False,2026-2026,0.5833,2026
3512506,Coroados,5509,2026,2023,60883.10038119441,80.98510882016036,0.0,0.0,311.17910950911494,0.0,0.0,0.0,653.4761299691414,31.117910950911497,0.0,31.117910950911497,33,46,0.391304347826087,0.7,0.21739130434782608,,,0.10869565217391304,2024.0,2025.0,C+,2.0,C,1.0,C+,2.0,B+,4.0,B,3.0,C,1.0,C+,2.0,C,1.0,False,False,False,2026-2026,0.5833,2026
3512605,Coronel Macedo,4249,2026,2023,39032.47823017181,77.28454309138172,0.0,0.0,484.1475305113808,0.0,0.0,0.0,363.1106478835356,0.0,201.72813771307534,161.38251017046025,30,33,0.2727272727272727,0.6666666666666666,0.2727272727272727,,,0.030303030303030304,2024.0,2025.0,C,1.0,C,1.0,B,3.0,C,1.0,B,3.0,C,1.0,C,1.0,C+,2.0,False,True,False,2026-2026,0.5833,2026
3512704,Corumbataí,4305,2026,2023,82370.26713124274,54.0268456375839,0.0,0.0,238.92483822797413,39.82080637132902,39.82080637132902,0.0,756.5953210552514,79.64161274265804,0.0,0.0,29,43,0.3488372093023256,0.8,0.23255813953488372,0.0,0.3333333333333333,0.023255813953488372,2024.0,2025.0,B,3.0,C+,2.0,B+,4.0,B,3.0,B,3.0,C,1.0,C+,2.0,B,3.0,False,True,False,2026-2026,0.5833,2026
3512803,Cosmópolis,61196,2026,2023,37802.53611347147,92.87232053308855,14.006517699569532,11.205214159655625,372.57337080854956,64.42998141801984,47.622160178536404,8.403910619741719,372.57337080854956,100.84692743690061,25.211731859225154,316.5473000102714,476,647,0.6846986089644513,0.4838709677419355,0.19165378670788252,1.5384615384615385,0.3269230769230769,0.08500772797527048,2024.0,2025.0,C,1.0,C,1.0,C,1.0,B,3.0,C,1.0,C,1.0,C,1.0,C,1.0,False,False,False,2026-2026,0.5833,2026
3512902,Cosmorama,9064,2026,2023,96913.83495145632,68.54726919878014,0.0,0.0,378.26251418484424,0.0,0.0,0.0,435.0018913125709,18.913125709242212,56.739377127726634,56.739377127726634,50,78,0.48717948717948717,0.6363636363636364,0.28205128205128205,,,0.038461538461538464,2024.0,2025.0,C+,2.0,C,1.0,B,3.0,B,3.0,B,3.0,C,1.0,C,1.0,C,1.0,False,False,False,2026-2026,0.5833,2026
3513009,Cotia,291704,2026,2023,65342.85782848367,100.0,4.113759153114115,7.639838427211929,316.1717749107706,272.6834638635642,88.73966173146162,20.568795765570577,773.3867207854537,124.00045447243976,27.620954313766205,66.40782632884215,2895,3273,0.7555759242285365,0.4809688581314879,0.35319278948976474,1.2195121951219512,0.5853658536585366,0.20134433241674304,2024.0,2025.0,C,1.0,C,1.0,C,1.0,C,1.0,C,1.0,C,1.0,C,1.0,B,3.0,False,False,False,2026-2026,0.5833,2026
3513108,Cravinhos,34356,2026,2023,68615.467458377,97.51033416427376,0.0,9.979541939025,404.1714485305124,34.92839678658749,9.979541939025,0.0,548.874806646375,89.81587745122499,19.95908387805,149.69312908537498,254,289,0.5051903114186851,0.5294117647058824,0.29411764705882354,0.9411764705882353,0.23529411764705882,0.10034602076124567,2024.0,2025.0,C+,2.0,C,1.0,B+,4.0,C+,2.0,B,3.0,C,1.0,C,1.0,C,1.0,False,False,False,2026-2026,0.5833,2026
3513207,Cristais Paulista,9651,2026,2023,46541.394674127034,72.85187137585662,17.762778098494604,0.0,355.2555619698921,35.52555619698921,0.0,0.0,692.7483458412896,53.28833429548381,17.762778098494604,35.52555619698921,68,80,0.3625,0.5925925925925926,0.3375,0.0,0.6666666666666666,0.075,2024.0,2025.0,C+,2.0,C,1.0,B,3.0,C+,2.0,B,3.0,C+,2.0,C,1.0,B,3.0,False,False,False,2026-2026,0.5833,2026
3513306,Cruzália,2118,2026,2023,103021.24645892352,66.4028144239226,0.0,0.0,80.93889113719142,0.0,0.0,0.0,404.6944556859571,0.0,0.0,0.0,6,7,0.2857142857142857,1.0,0.42857142857142855,,,0.0,2024.0,2025.0,B,3.0,B,3.0,B,3.0,B,3.0,B,3.0,B+,4.0,A,5.0,B+,4.0,False,True,False,2026-2026,0.5833,2026
3513405,Cruzeiro,76381,2026,2023,56060.56480014663,97.45193992653071,22.44387628187264,20.199488653685375,361.3464081381495,35.910202050996226,6.733162884561792,0.0,621.6953730078721,42.64336493555802,31.4214267946217,127.93009480667405,566,653,0.4946401225114854,0.565,0.30627871362940273,1.3333333333333333,0.7142857142857143,0.07350689127105667,2024.0,2025.0,C,1.0,C,1.0,C,1.0,C+,2.0,C+,2.0,C,1.0,C,1.0,C+,2.0,False,False,False,2026-2026,0.5833,2026
3513504,Cubatão,114681,2026,2023,242528.30024153957,100.0,5.979319030303936,13.453467818183858,351.28499303035625,189.84337921214998,59.79319030303936,2.989659515151968,783.2907929698157,98.65876400001495,37.3707439393996,113.60706157577478,1108,1256,0.6926751592356688,0.4835680751173709,0.339171974522293,1.2482758620689656,0.2689655172413793,0.2229299363057325,2024.0,2025.0,C,1.0,C,1.0,C+,2.0,C,1.0,C+,2.0,C+,2.0,C,1.0,C,1.0,False,False,False,2026-2026,0.5833,2026
3513603,Cunha,22467,2026,2023,19270.085013575466,55.64346473977865,7.630238635713331,22.890715907139995,228.90715907139995,53.41167044999333,7.630238635713331,0.0,198.3862045285466,30.520954542853325,22.890715907139995,38.15119317856666,80,108,0.49074074074074076,0.2962962962962963,0.25,1.4,0.6,0.08333333333333333,2024.0,2025.0,C,1.0,C,1.0,C,1.0,C,1.0,C,1.0,C,1.0,C,1.0,C+,2.0,False,False,False,2026-2026,0.5833,2026
3513702,Descalvado,32685,2026,2023,79072.44913568915,89.23235445646573,0.0,5.244869861666557,298.9575821149937,89.16278764833147,10.489739723333114,0.0,618.8946436766538,115.38713695666426,0.0,94.40765750999803,235,250,0.328,0.5462962962962963,0.432,0.7692307692307693,0.15384615384615385,0.092,2024.0,2025.0,B,3.0,C+,2.0,B,3.0,B,3.0,B,3.0,C,1.0,C,1.0,C,1.0,False,False,False,2026-2026,0.5833,2026
3513801,Diadema,403802,2026,2023,52573.00607723587,100.0,3.820825906897793,7.217115601918054,366.79928706218817,449.15931216642946,102.73776327436289,2.971753483142728,776.9012677358846,171.51262959852318,23.349491653264295,84.05816995175145,4684,5046,0.778636543797067,0.4608115619788771,0.3565200158541419,1.0796019900497513,0.5207296849087893,0.22968688069758225,2024.0,2025.0,C+,2.0,C,1.0,C,1.0,B,3.0,B,3.0,C+,2.0,C,1.0,B+,4.0,False,False,False,2026-2026,0.5833,2026
3513850,Dirce Reis,1637,2026,2023,60772.75503970678,75.72528123149793,0.0,104.72117985862639,314.1635395758792,0.0,0.0,0.0,418.88471943450554,104.72117985862639,0.0,209.44235971725277,11,13,0.6153846153846154,0.5,0.46153846153846156,,,0.07692307692307693,2024.0,2025.0,B,3.0,B+,4.0,B,3.0,C+,2.0,C+,2.0,C+,2.0,C,1.0,C,1.0,False,True,False,2026-2026,0.5833,2026
3513900,Divinolândia,11296,2026,2023,46793.90934844193,66.91648822269806,0.0,0.0,212.46458923512745,0.0,15.17604208822339,0.0,576.6895993524888,30.35208417644678,106.23229461756372,30.35208417644678,64,73,0.1917808219178082,0.4482758620689655,0.3972602739726027,2.5,0.5,0.0821917808219178,2024.0,2025.0,C,1.0,C,1.0,C,1.0,C,1.0,C,1.0,C,1.0,C,1.0,B,3.0,False,False,False,2026-2026,0.5833,2026
3514007,Dobrada,9011,2026,2023,23721.562534679837,97.77050006298025,19.024367043454824,0.0,171.2193033910934,19.024367043454824,0.0,0.0,418.53607495600613,38.04873408690965,0.0,0.0,35,41,0.6341463414634146,0.5,0.14634146341463414,3.0,0.0,0.07317073170731707,2024.0,2025.0,C+,2.0,C,1.0,B,3.0,B,3.0,C+,2.0,C+,2.0,C+,2.0,C,1.0,False,False,False,2026-2026,0.5833,2026
3514106,Dois Córregos,24839,2026,2023,47791.65827931881,94.68922902952224,13.803178181776351,6.901589090888176,420.9969345441787,13.803178181776351,0.0,6.901589090888176,669.4541418161532,20.70476727266453,55.212712727105405,193.24449454486893,203,236,0.3728813559322034,0.6153846153846154,0.2754237288135593,1.1428571428571428,0.0,0.0635593220338983,2024.0,2025.0,C+,2.0,C,1.0,B,3.0,B,3.0,B,3.0,C,1.0,B,3.0,B+,4.0,False,False,False,2026-2026,0.5833,2026
3514205,Dolcinópolis,2257,2026,2023,37390.34116083296,92.98664122137404,0.0,0.0,911.4500917779606,0.0,0.0,0.0,227.86252294449014,0.0,151.90834862966008,455.7250458889803,23,28,0.5357142857142857,0.75,0.14285714285714285,,,0.0,2024.0,2025.0,C,1.0,C,1.0,B,3.0,C,1.0,B,3.0,C,1.0,C,1.0,C,1.0,False,True,False,2026-2026,0.5833,2026
3514304,Dourado,8154,2026,2023,144486.14177090998,91.4043442908584,21.02386208346473,21.02386208346473,441.5011037527594,84.09544833385893,21.02386208346473,0.0,336.3817933354357,21.02386208346473,42.04772416692946,63.0715862503942,50,58,0.3275862068965517,0.7619047619047619,0.3620689655172414,1.1578947368421053,0.05263157894736842,0.10344827586206896,2024.0,2025.0,C,1.0,C,1.0,C,1.0,C,1.0,C,1.0,C,1.0,B,3.0,C+,2.0,False,False,False,2026-2026,0.5833,2026
3514403,Dracena,46800,2026,2023,39641.53846153846,92.34361274215172,3.663003663003663,3.663003663003663,465.20146520146517,21.978021978021978,0.0,0.0,783.8827838827839,43.956043956043956,25.641025641025642,139.19413919413918,406,579,0.5008635578583766,0.48739495798319327,0.20552677029360966,7.0,1.0,0.0535405872193437,2024.0,2025.0,C+,2.0,C+,2.0,C+,2.0,C+,2.0,C+,2.0,C,1.0,C,1.0,B+,4.0,False,False,False,2026-2026,0.5833,2026
3514502,Duartina,12534,2026,2023,34767.83149832456,89.76410088972328,0.0,0.0,341.92710114203646,0.0,0.0,0.0,437.66668946180664,13.677084045681458,68.3854202284073,136.7708404568146,73,91,0.38461538461538464,0.46875,0.3516483516483517,,,0.04395604395604396,2024.0,2025.0,C+,2.0,B,3.0,B,3.0,C,1.0,C+,2.0,C,1.0,C,1.0,B,3.0,False,False,False,2026-2026,0.5833,2026
3514601,Dumont,9804,2026,2023,42227.86617707058,96.4509394572025,0.0,17.485574401119077,157.37016961007168,0.0,17.485574401119077,0.0,314.74033922014337,17.485574401119077,17.485574401119077,69.94229760447631,35,40,0.525,0.6666666666666666,0.15,1.3333333333333333,0.3333333333333333,0.025,2024.0,2025.0,C,1.0,C,1.0,C+,2.0,B,3.0,C+,2.0,C,1.0,C+,2.0,C,1.0,False,False,False,2026-2026,0.5833,2026
3514700,Echaporã,6288,2026,2023,29803.276081424938,79.6454574232352,0.0,27.262813522355504,299.8909487459105,0.0,0.0,0.0,109.05125408942202,0.0,0.0,109.05125408942202,20,23,0.391304347826087,0.5,0.08695652173913043,,,0.0,2024.0,2025.0,C+,2.0,C,1.0,B,3.0,B,3.0,C+,2.0,B,3.0,C,1.0,B,3.0,False,False,False,2026-2026,0.5833,2026
3514809,Eldorado,13062,2026,2023,32460.189863726842,49.21111945905334,39.372662248179005,13.124220749393002,551.2172714745061,13.124220749393002,0.0,0.0,433.0992847299691,65.62110374696502,91.86954524575103,65.62110374696502,97,126,0.3888888888888889,0.4883720930232558,0.3412698412698413,2.2857142857142856,0.14285714285714285,0.14285714285714285,2024.0,2025.0,C,1.0,C,1.0,B,3.0,C,1.0,C,1.0,C,1.0,C,1.0,C,1.0,False,False,False,2026-2026,0.5833,2026
3514908,Elias Fausto,18226,2026,2023,118485.07626467684,79.60697305863708,0.0,0.0,404.4457682118167,9.405715539809691,9.405715539809691,0.0,263.36003511467135,65.84000877866784,9.405715539809691,94.0571553980969,91,123,0.5447154471544715,0.6875,0.2601626016260163,0.15384615384615385,0.07692307692307693,0.032520325203252036,2024.0,2025.0,C,1.0,C,1.0,B,3.0,C,1.0,B,3.0,C,1.0,C,1.0,C,1.0,False,False,False,2026-2026,0.5833,2026
3514924,Elisiário,3191,2026,2023,38223.4409276089,91.6025641025641,0.0,53.72252316783811,214.89009267135245,0.0,0.0,0.0,322.3351390070287,0.0,0.0,0.0,11,12,0.25,0.5,0.3333333333333333,,,0.5,2024.0,2025.0,B,3.0,B+,4.0,B,3.0,B,3.0,B,3.0,C,1.0,C,1.0,C,1.0,False,True,False,2026-2026,0.5833,2026
3514957,Embaúba,2346,2026,2023,39655.58397271952,85.0185720181593,0.0,0.0,584.5816587504567,0.0,0.0,0.0,365.36353671903544,0.0,0.0,0.0,13,14,0.2857142857142857,0.6666666666666666,0.21428571428571427,,,0.21428571428571427,2024.0,2025.0,C,1.0,C,1.0,B,3.0,B,3.0,C+,2.0,C,1.0,C,1.0,C,1.0,False,True,False,2026-2026,0.5833,2026
3515004,Embu das Artes,260113,2026,2023,66473.60954662012,100.0,5.272433793884086,4.6133795696485755,411.2498359229587,498.90404774628166,90.94948294450049,30.316494314833495,645.214085526565,173.33126097393935,57.33771750848944,77.76839845979028,3027,3199,0.7502344482650828,0.5289608177172062,0.3669896842763364,1.7540983606557377,0.6010928961748634,0.24101281650515785,2024.0,2025.0,C,1.0,C,1.0,C,1.0,B,3.0,C,1.0,C,1.0,B,3.0,C+,2.0,False,False,False,2026-2026,0.5833,2026
3515103,Embu-Guaçu,69041,2026,2023,25244.70966527136,97.3330784304354,7.448989937656092,2.482996645885364,399.7624599875436,178.7757585037462,81.93888931421701,2.482996645885364,583.5042117830606,72.00690273067555,37.244949688280464,72.00690273067555,579,642,0.6479750778816199,0.5175879396984925,0.3099688473520249,0.953125,0.46875,0.2071651090342679,2024.0,2025.0,C,1.0,C,1.0,C,1.0,C,1.0,C,1.0,C,1.0,C,1.0,C+,2.0,False,False,False,2026-2026,0.5833,2026
3515129,Emilianópolis,3061,2026,2023,31971.904606337797,82.68211920529801,0.0,56.00410696784431,168.01232090353292,0.0,0.0,0.0,784.0574975498203,0.0,0.0,0.0,18,20,0.05,0.3333333333333333,0.3,,,0.05,2024.0,2025.0,C,1.0,C,1.0,C,1.0,B+,4.0,B,3.0,C,1.0,C,1.0,C,1.0,False,True,False,2026-2026,0.5833,2026
3515152,Engenheiro Coelho,20377,2026,2023,39966.13829317367,73.13784110425546,8.412846416477961,0.0,328.1010102426405,0.0,0.0,8.412846416477961,235.55969966138295,33.651385665911846,33.651385665911846,126.19269624716942,92,111,0.4594594594594595,0.4883720930232558,0.38738738738738737,4.0,0.3333333333333333,0.018018018018018018,2024.0,2025.0,C,1.0,C,1.0,C,1.0,C,1.0,C,1.0,C,1.0,C,1.0,C,1.0,False,False,False,2026-2026,0.5833,2026
3515186,Espírito Santo do Pinhal,40547,2026,2023,66965.42284262707,88.87536688381415,0.0,0.0,401.65028943483577,16.911591134098348,4.227897783524587,0.0,346.6876182490161,50.73477340229504,25.36738670114752,469.2966539712291,311,385,0.5922077922077922,0.45652173913043476,0.23896103896103896,2.5555555555555554,0.7777777777777778,0.02857142857142857,2024.0,2025.0,C+,2.0,C,1.0,B,3.0,C+,2.0,C+,2.0,C+,2.0,C,1.0,A,5.0,False,False,False,2026-2026,0.5833,2026
3515194,Espírito Santo do Turvo,4211,2026,2023,43174.78033721206,85.5325164938737,0.0,40.70970587237507,447.80676459612573,0.0,0.0,0.0,407.0970587237507,40.70970587237507,40.70970587237507,284.96794110662546,31,41,0.34146341463414637,0.46153846153846156,0.3170731707317073,0.0,0.0,0.024390243902439025,2024.0,2025.0,B,3.0,B,3.0,B,3.0,B,3.0,B,3.0,B,3.0,B,3.0,C+,2.0,False,True,False,2026-2026,0.5833,2026
3515202,Estrela d'Oeste,9733,2026,2023,135329.60032877838,83.22368421052632,0.0,0.0,510.7807018831368,17.613127651142648,0.0,0.0,440.32819127856624,0.0,52.83938295342795,176.1312765114265,68,87,0.26436781609195403,0.5483870967741935,0.3563218390804598,0.0,0.0,0.12643678160919541,2024.0,2025.0,C,1.0,C,1.0,C+,2.0,C,1.0,B,3.0,C,1.0,C,1.0,C,1.0,False,False,False,2026-2026,0.5833,2026
3515301,Estrela do Norte,2752,2026,2023,25324.127906976744,78.9691497366441,0.0,0.0,498.33887043189367,0.0,0.0,0.0,373.75415282392026,0.0,62.29235880398671,0.0,15,18,0.3888888888888889,0.4,0.2777777777777778,,,0.0,2024.0,2025.0,C+,2.0,C,1.0,C,1.0,B+,4.0,C+,2.0,C,1.0,C,1.0,C,1.0,False,True,False,2026-2026,0.5833,2026
3515350,Euclides da Cunha Paulista,7833,2026,2023,20708.2854589557,63.755868544600936,0.0,0.0,415.823165727417,0.0,0.0,0.0,547.1357443781802,21.885429775127207,87.54171910050883,21.885429775127207,50,54,0.18518518518518517,0.2962962962962963,0.5,,,0.18518518518518517,2024.0,2025.0,C+,2.0,C,1.0,C+,2.0,B,3.0,B,3.0,B,3.0,A,5.0,B+,4.0,False,False,False,2026-2026,0.5833,2026
3515400,Fartura,17069,2026,2023,33182.67033803972,79.88250652741515,0.0,20.08653950771239,421.81732966196023,20.08653950771239,0.0,0.0,461.99040867738506,40.17307901542478,70.30288827699337,120.51923704627436,115,137,0.3722627737226277,0.47368421052631576,0.2773722627737226,1.1666666666666667,0.16666666666666666,0.021897810218978103,2024.0,2025.0,C,1.0,C,1.0,B,3.0,C+,2.0,C+,2.0,C+,2.0,C,1.0,C,1.0,False,False,False,2026-2026,0.5833,2026
3515509,Fernandópolis,73706,2026,2023,37862.69774509538,96.93644120192904,0.0,13.955056963767243,411.67418043113366,6.977528481883621,4.651685654589081,2.3258428272945406,469.82025111349725,30.23595675482903,51.1685422004799,153.50562660143967,492,631,0.45800316957210774,0.47770700636942676,0.24881141045958796,1.3333333333333333,0.2857142857142857,0.08240887480190175,2024.0,2025.0,C+,2.0,C,1.0,C+,2.0,C+,2.0,B,3.0,C+,2.0,B,3.0,B,3.0,False,False,False,2026-2026,0.5833,2026
3515608,Fernando Prestes,6092,2026,2023,46234.73407747866,84.8933863389953,0.0,0.0,506.519088265641,0.0,28.13994934809117,0.0,534.6590376137323,28.13994934809117,28.13994934809117,28.13994934809117,41,44,0.36363636363636365,0.47619047619047616,0.4772727272727273,0.0,0.0,0.09090909090909091,2024.0,2025.0,C+,2.0,C,1.0,B,3.0,C+,2.0,B+,4.0,B,3.0,C,1.0,C,1.0,False,False,False,2026-2026,0.5833,2026
3515657,Fernão,1695,2026,2023,60551.032448377584,54.38259756877799,0.0,0.0,809.102402022756,101.1378002528445,0.0,0.0,606.8268015170669,0.0,202.275600505689,202.275600505689,19,21,0.2857142857142857,0.5454545454545454,0.5238095238095238,,,0.0,2024.0,2025.0,C+,2.0,C,1.0,B,3.0,B,3.0,B+,4.0,B,3.0,C,1.0,C,1.0,False,True,False,2026-2026,0.5833,2026
3515707,Ferraz de Vasconcelos,186816,2026,2023,29569.10007708119,95.5129347735672,2.752899721039495,9.176332403464983,381.73542798414326,353.28879753340186,66.98722654529438,1.8352664806929966,667.1193657319043,206.46747907796214,26.611363970048448,45.88166201732491,1920,2017,0.7273177987109569,0.49813200498132004,0.39811601388200296,1.3280632411067195,0.308300395256917,0.2583044124938027,2024.0,2025.0,B,3.0,C,1.0,B,3.0,B+,4.0,B,3.0,B,3.0,B,3.0,C+,2.0,False,False,False,2026-2026,0.5833,2026
3515806,Flora Rica,1475,2026,2023,44518.64406779661,80.93607305936074,0.0,0.0,813.5593220338983,0.0,0.0,0.0,581.1138014527845,0.0,0.0,0.0,12,14,0.07142857142857142,0.0,0.07142857142857142,,,0.0,2024.0,2025.0,C,1.0,C,1.0,B,3.0,C+,2.0,C+,2.0,B,3.0,C,1.0,C,1.0,False,True,False,2026-2026,0.5833,2026
3515905,Floreal,2739,2026,2023,47890.105878057686,81.21878121878122,0.0,62.588014395243306,312.9400719762166,0.0,0.0,0.0,563.2921295571898,125.17602879048661,62.588014395243306,62.588014395243306,19,22,0.2727272727272727,0.8571428571428571,0.3181818181818182,0.5,0.0,0.18181818181818182,2024.0,2025.0,B,3.0,C+,2.0,B,3.0,B,3.0,B,3.0,B,3.0,B+,4.0,B,3.0,False,True,False,2026-2026,0.5833,2026
3516002,Flórida Paulista,13179,2026,2023,27443.963881933378,78.8994396014944,0.0,0.0,481.2851614581639,0.0,0.0,0.0,273.1618483951741,26.015414132873726,39.02312119931059,143.08477773080548,74,89,0.3258426966292135,0.6956521739130435,0.25842696629213485,0.0,0.5,0.07865168539325842,2024.0,2025.0,C+,2.0,C,1.0,B+,4.0,C,1.0,B,3.0,C,1.0,C+,2.0,C,1.0,False,False,False,2026-2026,0.5833,2026
3516101,Florínea,4053,2026,2023,53333.58006415001,88.79462707670555,0.0,0.0,211.48355715343132,0.0,0.0,0.0,634.450671460294,0.0,0.0,296.07698001480384,27,28,0.42857142857142855,0.7142857142857143,0.5,,,0.03571428571428571,2024.0,2025.0,C+,2.0,C,1.0,C,1.0,B,3.0,B+,4.0,B,3.0,B,3.0,C+,2.0,False,True,False,2026-2026,0.5833,2026
3516200,Franca,366534,2026,2023,39220.55525544697,98.24441375847351,4.209315214569843,4.209315214569843,338.61602392761847,61.73662314702436,14.96645409624833,0.0,1111.2592166464385,113.65151079338577,33.206820026050984,185.2098694410731,3992,4734,0.6060414026193494,0.586248492159228,0.35023236163920574,1.0509554140127388,0.4872611464968153,0.10308407266582172,2024.0,2025.0,C+,2.0,C,1.0,C+,2.0,B,3.0,B,3.0,C+,2.0,C+,2.0,B+,4.0,False,False,False,2026-2026,0.5833,2026
3516309,Francisco Morato,171806,2026,2023,13023.229689300722,99.79672691491017,0.0,5.986819020124027,431.0509694489299,245.4595798250851,59.86819020124027,1.9956063400413422,667.5303207438291,41.90773314086819,51.885764841074895,79.8242536016537,1589,1703,0.6899588960657663,0.4846153846153846,0.3816793893129771,1.8785046728971964,0.6261682242990654,0.2178508514386377,2024.0,2025.0,C+,2.0,C,1.0,B,3.0,C+,2.0,B,3.0,C,1.0,B+,4.0,B+,4.0,False,False,False,2026-2026,0.5833,2026
3516408,Franco da Rocha,150648,2026,2023,36097.98337847167,92.12789884805932,2.275882473429072,5.68970618357268,505.245909101254,202.55354013518743,93.31118141059196,4.551764946858144,746.4894512847357,76.24206285987391,51.20735565215412,146.79441953617516,1612,1749,0.6346483704974271,0.46097201767304863,0.3882218410520297,1.4154929577464788,0.7112676056338029,0.16352201257861634,2024.0,2025.0,C,1.0,C,1.0,C,1.0,C+,2.0,B,3.0,C,1.0,B+,4.0,C+,2.0,False,False,False,2026-2026,0.5833,2026
3516507,Gabriel Monteiro,2815,2026,2023,44034.10301953819,83.34564254062037,0.0,0.0,365.3894950520172,0.0,0.0,0.0,182.6947475260086,0.0,60.89824917533621,60.89824917533621,11,14,0.42857142857142855,0.6666666666666666,0.21428571428571427,,,0.0,2024.0,2025.0,C+,2.0,C,1.0,B,3.0,C,1.0,C+,2.0,B,3.0,B,3.0,C,1.0,False,True,False,2026-2026,0.5833,2026
3516606,Gália,6394,2026,2023,34540.03753518924,74.52574525745257,26.810849457080295,26.810849457080295,1126.0556771973725,53.62169891416059,26.810849457080295,0.0,670.2712364270075,26.810849457080295,80.4325483712409,348.5410429420439,89,100,0.37,0.6176470588235294,0.34,,,0.03,2024.0,2025.0,B,3.0,B,3.0,B,3.0,B,3.0,C+,2.0,C,1.0,C,1.0,C,1.0,False,False,False,2026-2026,0.5833,2026
3516705,Garça,43051,2026,2023,43988.89688973543,90.90107851095908,3.981988140311988,15.927952561247952,402.1808021715108,19.909940701559943,0.0,0.0,605.2621973274223,23.89192884187193,47.78385768374386,290.6851342427751,354,456,0.5109649122807017,0.4649122807017544,0.25,1.5,0.25,0.05921052631578947,2024.0,2025.0,B,3.0,C,1.0,B+,4.0,B,3.0,B+,4.0,B+,4.0,B,3.0,B+,4.0,False,False,False,2026-2026,0.5833,2026
3516804,Gastão Vidigal,3175,2026,2023,32107.716535433072,89.57786787502981,0.0,53.99325084364454,485.9392575928009,0.0,0.0,0.0,431.9460067491563,0.0,53.99325084364454,53.99325084364454,20,21,0.5238095238095238,0.5,0.2857142857142857,,,0.047619047619047616,2024.0,2025.0,C+,2.0,C,1.0,B,3.0,C+,2.0,B,3.0,C+,2.0,C,1.0,C,1.0,False,True,False,2026-2026,0.5833,2026
3516853,Gavião Peixoto,4815,2026,2023,360463.759086189,80.90065625707173,0.0,0.0,320.42723631508676,0.0,0.0,0.0,462.8393413440142,0.0,0.0,106.8090787716956,25,27,0.4444444444444444,0.6,0.37037037037037035,,,0.0,2024.0,2025.0,B,3.0,C,1.0,B,3.0,B+,4.0,B,3.0,B,3.0,C,1.0,B+,4.0,False,True,False,2026-2026,0.5833,2026
3516903,General Salgado,10426,2026,2023,33466.621906771536,85.14387477739245,0.0,16.44241045737305,575.4843660080568,32.8848209147461,0.0,0.0,641.2540078375489,49.32723137211915,32.8848209147461,164.4241045737305,92,96,0.4791666666666667,0.6956521739130435,0.23958333333333334,0.0,0.0,0.052083333333333336,2024.0,2025.0,C,1.0,C,1.0,C+,2.0,B,3.0,B,3.0,C,1.0,C,1.0,C,1.0,False,False,False,2026-2026,0.5833,2026
3517000,Getulina,10321,2026,2023,26435.519813971514,77.41755689735254,0.0,0.0,315.58403809154703,33.219372430689155,0.0,0.0,431.85184159895914,16.609686215344578,33.219372430689155,16.609686215344578,51,57,0.22807017543859648,0.5,0.3157894736842105,0.0,1.0,0.017543859649122806,2024.0,2025.0,C+,2.0,C,1.0,B,3.0,B,3.0,B,3.0,C+,2.0,A,5.0,C,1.0,False,False,False,2026-2026,0.5833,2026
3517109,Glicério,4145,2026,2023,45450.42219541616,73.6473165388828,0.0,0.0,413.5791831811132,0.0,0.0,0.0,454.9371014992244,82.71583663622263,82.71583663622263,82.71583663622263,27,35,0.2857142857142857,0.5384615384615384,0.37142857142857144,,,0.0,2024.0,2025.0,C+,2.0,C,1.0,B,3.0,B,3.0,B,3.0,C,1.0,C,1.0,C+,2.0,False,True,False,2026-2026,0.5833,2026
3517208,Guaiçara,11496,2026,2023,27040.01391788448,90.85285848172448,14.912019087384433,44.736057262153295,626.3048016701462,29.824038174768866,0.0,0.0,745.6009543692215,74.56009543692215,0.0,104.38413361169101,110,132,0.3939393939393939,0.5555555555555556,0.2727272727272727,3.0,0.3333333333333333,0.11363636363636363,2024.0,2025.0,C,1.0,C,1.0,B,3.0,C,1.0,B,3.0,C,1.0,C,1.0,C,1.0,False,False,False,2026-2026,0.5833,2026
3517307,Guaimbê,5611,2026,2023,105822.84797718767,87.37327188940091,0.0,30.55223158591542,916.5669475774625,30.55223158591542,0.0,0.0,580.492400132393,30.55223158591542,30.55223158591542,122.20892634366167,57,63,0.2857142857142857,0.4666666666666667,0.23809523809523808,,,0.07936507936507936,2024.0,2025.0,C+,2.0,C,1.0,B,3.0,B+,4.0,B,3.0,C,1.0,A,5.0,C+,2.0,False,False,False,2026-2026,0.5833,2026
3517406,Guaíra,40547,2026,2023,79758.25585123437,96.40412790075928,8.455795567049174,29.595284484672106,439.70136948655704,38.05108005172128,4.227897783524587,0.0,706.058929848606,21.139488917622934,67.64636453639339,456.61296062065543,419,536,0.5149253731343284,0.5357142857142857,0.26119402985074625,27.0,1.0,0.10074626865671642,2024.0,2025.0,C,1.0,C,1.0,B,3.0,C+,2.0,B,3.0,C,1.0,C,1.0,C+,2.0,False,False,False,2026-2026,0.5833,2026
3517505,Guapiaçu,22562,2026,2023,50264.914457938125,88.4492696849292,7.598110603163345,0.0,334.31686653918723,37.99055301581673,0.0,0.0,516.6715210151075,37.99055301581673,83.57921663479681,45.58866361898008,140,169,0.33727810650887574,0.5166666666666667,0.35502958579881655,1.2,0.4,0.07692307692307693,2024.0,2025.0,C,1.0,C,1.0,C,1.0,C+,2.0,B,3.0,C,1.0,C,1.0,C,1.0,False,False,False,2026-2026,0.5833,2026
3517604,Guapiara,17197,2026,2023,34028.14444379834,40.18779864429381,0.0,19.93703220661411,338.92954751243985,49.84258051653527,0.0,0.0,458.5517407521245,9.968516103307055,29.905548309921162,99.68516103307054,101,118,0.4745762711864407,0.5263157894736842,0.4830508474576271,2.5,0.5,0.07627118644067797,2024.0,2025.0,C,1.0,C,1.0,C,1.0,C,1.0,C+,2.0,C,1.0,C,1.0,C,1.0,False,False,False,2026-2026,0.5833,2026
3517703,Guará,18711,2026,2023,45679.81401314735,96.80229630375668,0.0,9.161913923818686,430.6099544194782,64.1333974667308,9.161913923818686,0.0,824.5722531436817,36.64765569527474,45.80956961909343,229.04784809546715,180,304,0.5657894736842105,0.648,0.41118421052631576,0.2,0.4,0.125,2024.0,2025.0,C,1.0,C,1.0,C,1.0,C+,2.0,C,1.0,C,1.0,C,1.0,B+,4.0,False,False,False,2026-2026,0.5833,2026
3517802,Guaraçaí,7423,2026,2023,50445.10305806278,78.88559573206877,0.0,0.0,300.22516887665745,23.09424375974288,0.0,0.0,300.22516887665745,23.09424375974288,23.09424375974288,46.18848751948576,31,36,0.19444444444444445,0.5333333333333333,0.4166666666666667,,,0.05555555555555555,2024.0,2025.0,C+,2.0,C,1.0,B,3.0,B,3.0,B,3.0,C,1.0,C,1.0,C,1.0,False,False,False,2026-2026,0.5833,2026
3517901,Guaraci,10566,2026,2023,62510.50539466213,89.48476343223737,0.0,16.22454774073173,486.7364322219518,32.44909548146346,0.0,0.0,811.2273870365864,48.67364322219518,48.67364322219518,97.34728644439036,95,112,0.33035714285714285,0.4642857142857143,0.25,4.0,0.0,0.125,2024.0,2025.0,C+,2.0,C+,2.0,C+,2.0,C+,2.0,B,3.0,C,1.0,B+,4.0,C,1.0,False,False,False,2026-2026,0.5833,2026
3518008,Guarani d'Oeste,1999,2026,2023,24344.672336168085,88.07106598984772,0.0,0.0,943.3288072607733,0.0,0.0,0.0,686.0573143714714,0.0,171.51432859286786,85.75716429643393,22,24,0.4583333333333333,0.2857142857142857,0.2916666666666667,,,0.125,2024.0,2025.0,C+,2.0,C+,2.0,B,3.0,B,3.0,B,3.0,C,1.0,C,1.0,C,1.0,False,True,False,2026-2026,0.5833,2026
3518107,Guarantã,6532,2026,2023,47771.739130434784,85.29044347282948,0.0,0.0,839.8215379231912,26.244423060099724,0.0,0.0,629.8661534423934,52.48884612019945,131.22211530049864,209.9553844807978,72,85,0.3176470588235294,0.5454545454545454,0.12941176470588237,3.0,0.0,0.047058823529411764,2024.0,2025.0,C+,2.0,C,1.0,B,3.0,C+,2.0,B,3.0,B,3.0,C,1.0,B+,4.0,False,False,False,2026-2026,0.5833,2026
3518206,Guararapes,31902,2026,2023,53867.71989216977,92.55155734222308,5.373599505628846,16.120798516886538,263.3063757758134,16.120798516886538,0.0,0.0,644.8319406754614,21.494398022515384,32.241597033773076,96.72479110131921,204,270,0.5259259259259259,0.6133333333333333,0.2777777777777778,10.0,0.0,0.0962962962962963,2024.0,2025.0,C,1.0,C,1.0,B,3.0,C,1.0,C,1.0,C,1.0,C,1.0,C,1.0,False,False,False,2026-2026,0.5833,2026
3518305,Guararema,32785,2026,2023,62060.78999542474,86.05479028014238,0.0,36.602104621015705,512.4294646942199,47.05984879844876,15.686616266149587,5.228872088716529,611.7780343798339,36.602104621015705,20.915488354866117,47.05984879844876,255,291,0.4948453608247423,0.48333333333333334,0.41237113402061853,1.4516129032258065,0.03225806451612903,0.0859106529209622,2024.0,2025.0,B,3.0,C,1.0,B,3.0,B+,4.0,B+,4.0,C+,2.0,C,1.0,C,1.0,False,False,False,2026-2026,0.5833,2026
3518404,Guaratinguetá,122100,2026,2023,68548.90253890253,95.26197444499964,11.232011232011233,19.656019656019655,325.72832572832573,65.98806598806598,12.636012636012635,0.0,680.940680940681,35.1000351000351,32.292032292032296,153.03615303615302,952,1107,0.5636856368563685,0.46616541353383456,0.3604336043360434,2.7083333333333335,0.7083333333333334,0.1020776874435411,2024.0,2025.0,C,1.0,C,1.0,B,3.0,C,1.0,C+,2.0,C,1.0,C,1.0,C+,2.0,False,False,False,2026-2026,0.5833,2026
3518503,Guareí,15299,2026,2023,25243.545329760116,57.761757638173705,0.0,0.0,268.925139831735,11.205214159655625,0.0,0.0,179.28342655449,22.41042831931125,89.641713277245,571.4659221424369,102,112,0.3392857142857143,0.34615384615384615,0.23214285714285715,0.0,1.0,0.017857142857142856,2024.0,2025.0,C,1.0,C,1.0,B,3.0,C+,2.0,B,3.0,C,1.0,C,1.0,C,1.0,False,False,False,2026-2026,0.5833,2026
3518602,Guariba,38740,2026,2023,39184.15074858028,97.92030659978585,17.70042038498414,17.70042038498414,296.4820414484844,84.07699682867467,44.251050962460354,8.85021019249207,402.68456375838923,97.35231211741278,4.425105096246035,323.0326720259606,293,324,0.5864197530864198,0.43410852713178294,0.39814814814814814,2.608695652173913,0.34782608695652173,0.12345679012345678,2024.0,2025.0,B,3.0,C,1.0,B,3.0,B,3.0,B,3.0,C+,2.0,B,3.0,B,3.0,False,False,False,2026-2026,0.5833,2026
3518701,Guarujá,294780,2026,2023,39135.48748219011,99.98073959938368,4.0708324852432325,8.141664970486465,395.45229856648535,391.9630135791341,12.212497455729697,4.0708324852432325,1160.768805792213,65.71486726178361,26.751184903026953,127.94044953621587,3778,4217,0.741285273891392,0.43027638190954776,0.37751956367085604,1.6328125,0.5,0.2162674887360683,2024.0,2025.0,C,1.0,C,1.0,C,1.0,C,1.0,C+,2.0,C,1.0,C,1.0,B+,4.0,False,False,False,2026-2026,0.5833,2026
3518800,Guarulhos,1351284,2026,2023,72196.2770224468,100.0,4.059630903432798,4.820811697826448,316.27062007056145,258.5477431623764,67.23763683810573,11.163984984440196,1041.1684632647805,206.40685874641133,30.70095870721054,70.78981387860942,15853,16983,0.7936760289701467,0.47590870667793744,0.4179473591238297,1.095564700502972,0.2830361225422954,0.21886592474827768,2024.0,2025.0,C+,2.0,C,1.0,B,3.0,C,1.0,C+,2.0,C,1.0,B+,4.0,B,3.0,False,False,False,2026-2026,0.5833,2026
3518859,Guatapará,7485,2026,2023,47267.60187040748,73.44243468274476,22.90294875465216,91.61179501860865,618.3796163756083,45.80589750930432,0.0,22.90294875465216,641.2825651302605,114.5147437732608,68.70884626395649,893.2150014314343,110,134,0.6044776119402985,0.39622641509433965,0.39552238805970147,4.0,0.0,0.04477611940298507,2024.0,2025.0,C,1.0,C,1.0,C,1.0,C+,2.0,B,3.0,C,1.0,C,1.0,C,1.0,False,False,False,2026-2026,0.5833,2026
3518909,Guzolândia,4243,2026,2023,28318.642469950508,84.58140513251998,40.402680044442945,80.80536008888589,484.83216053331535,0.0,0.0,0.0,969.6643210666307,80.80536008888589,0.0,80.80536008888589,43,45,0.3111111111111111,0.46875,0.7111111111111111,0.0,0.0,0.044444444444444446,2024.0,2025.0,C+,2.0,C,1.0,B,3.0,C+,2.0,B,3.0,C+,2.0,C,1.0,C,1.0,False,True,False,2026-2026,0.5833,2026
3519006,Herculândia,9329,2026,2023,59244.18480008576,91.08785648574056,18.375878596695404,18.375878596695404,441.0210863206897,36.75175719339081,0.0,0.0,569.6522364975575,55.12763579008621,36.75175719339081,183.75878596695404,74,93,0.3225806451612903,0.46153846153846156,0.27956989247311825,,,0.12903225806451613,2024.0,2025.0,C,1.0,C,1.0,C,1.0,B,3.0,C+,2.0,C,1.0,C+,2.0,C,1.0,False,False,False,2026-2026,0.5833,2026
3519055,Holambra,15832,2026,2023,114112.7463365336,72.43118860076113,0.0,0.0,324.83938497076446,10.827979499025481,0.0,0.0,422.29120046199375,64.96787699415289,43.311917996101926,32.483938497076444,83,108,0.6388888888888888,0.5294117647058824,0.1574074074074074,13.0,0.0,0.027777777777777776,2024.0,2025.0,C+,2.0,C,1.0,C+,2.0,C+,2.0,B,3.0,C+,2.0,C,1.0,A,5.0,False,False,False,2026-2026,0.5833,2026
3519071,Hortolândia,250195,2026,2023,88586.5984532065,100.0,4.111079072609079,8.907337990653005,332.31222503590055,124.70273186914207,50.70330856217864,2.0555395363045394,593.3657461465771,248.72028389284927,45.22186979869986,205.55395363045392,2358,2729,0.6760718211799194,0.43283582089552236,0.2946134115060462,1.0472813238770686,0.26004728132387706,0.10333455478197141,2024.0,2025.0,B,3.0,C,1.0,B,3.0,B,3.0,C+,2.0,B+,4.0,C+,2.0,B,3.0,False,False,False,2026-2026,0.5833,2026
3519105,Iacanga,10661,2026,2023,64490.197917643745,87.14670927793868,16.0799710560521,16.0799710560521,707.5187264662924,16.0799710560521,0.0,0.0,771.8386106905007,32.1599421121042,16.0799710560521,48.23991316815629,101,117,0.2905982905982906,0.5,0.27350427350427353,1.0,0.5,0.06837606837606838,2024.0,2025.0,C,1.0,C,1.0,C+,2.0,C+,2.0,B,3.0,C,1.0,C,1.0,A,5.0,False,False,False,2026-2026,0.5833,2026
3519204,Iacri,6189,2026,2023,60128.29213120052,78.67269045022589,0.0,27.698912817671903,360.0858666297347,0.0,0.0,0.0,360.0858666297347,55.39782563534381,110.79565127068761,138.4945640883595,38,50,0.46,0.7142857142857143,0.28,2.0,1.0,0.02,2024.0,2025.0,B,3.0,B+,4.0,B,3.0,B,3.0,B+,4.0,C+,2.0,C,1.0,B,3.0,False,False,False,2026-2026,0.5833,2026
3519253,Iaras,8362,2026,2023,38986.72566371682,44.49498117942284,0.0,20.500905456657666,246.01086547989198,20.500905456657666,0.0,0.0,389.5172036764957,0.0,20.500905456657666,287.0126763932073,48,57,0.42105263157894735,0.4117647058823529,0.2982456140350877,0.0,0.0,0.14035087719298245,2024.0,2025.0,C,1.0,C,1.0,B,3.0,C,1.0,C,1.0,C,1.0,C,1.0,C,1.0,False,False,False,2026-2026,0.5833,2026
3519303,Ibaté,33204,2026,2023,45682.35754728346,96.0109325177328,10.32577830553978,15.48866745830967,464.66002374929013,36.140224069389234,10.32577830553978,0.0,722.8044813877846,123.90933966647736,51.628891527698904,222.00423356910528,321,384,0.5963541666666666,0.5732484076433121,0.4088541666666667,0.7567567567567568,0.1891891891891892,0.10416666666666667,2024.0,2025.0,C,1.0,C,1.0,C+,2.0,B,3.0,C,1.0,C,1.0,C,1.0,B,3.0,False,False,False,2026-2026,0.5833,2026
3519402,Ibirá,11976,2026,2023,34918.00267201069,92.18979441997062,0.0,14.3143429716576,443.7446321213856,14.3143429716576,0.0,0.0,400.8016032064128,57.2573718866304,14.3143429716576,57.2573718866304,70,87,0.632183908045977,0.4444444444444444,0.3103448275862069,2.5,0.0,0.022988505747126436,2024.0,2025.0,C+,2.0,C+,2.0,C+,2.0,B,3.0,B,3.0,C,1.0,C,1.0,C,1.0,False,False,False,2026-2026,0.5833,2026
3519501,Ibirarema,6439,2026,2023,51465.60024848579,92.37174721189592,0.0,53.246954939764386,532.4695493976437,26.623477469882193,0.0,0.0,612.3399818072903,0.0,26.623477469882193,638.9634592771725,71,83,0.4578313253012048,0.47619047619047616,0.25301204819277107,,,0.07228915662650602,2024.0,2025.0,C+,2.0,C,1.0,C+,2.0,B,3.0,B,3.0,B,3.0,A,5.0,C+,2.0,False,False,False,2026-2026,0.5833,2026
3519600,Ibitinga,62353,2026,2023,40556.74947476465,96.04763158884832,5.498647103702193,10.997294207404385,563.6113281294748,27.493235518510964,2.7493235518510963,0.0,789.0558593812648,38.49052972591535,41.23985327776644,310.6735613591739,651,715,0.45034965034965035,0.4522058823529412,0.3804195804195804,1.5294117647058822,0.23529411764705882,0.1062937062937063,2024.0,2025.0,C,1.0,C,1.0,C+,2.0,C+,2.0,C+,2.0,C,1.0,C,1.0,C,1.0,False,False,False,2026-2026,0.5833,2026
3519709,Ibiúna,77936,2026,2023,38794.66485321289,35.009899321791146,8.798428014194796,8.798428014194796,417.9253306742528,79.18585212775317,48.39135407807138,2.199607003548699,813.8545913130187,94.58310115259407,50.59096108162008,63.78860310291227,722,836,0.5155502392344498,0.5669014084507042,0.3397129186602871,0.9891304347826086,0.30434782608695654,0.11722488038277512,2024.0,2025.0,C,1.0,C,1.0,C,1.0,C,1.0,C,1.0,C,1.0,C,1.0,B,3.0,False,False,False,2026-2026,0.5833,2026
3519808,Icém,7992,2026,2023,33024.524524524524,85.82149557759314,21.45002145002145,0.0,493.3504933504933,42.9000429000429,0.0,0.0,622.0506220506221,64.35006435006434,21.45002145002145,150.15015015015015,66,73,0.1780821917808219,0.631578947368421,0.2602739726027397,0.5,0.0,0.0958904109589041,2024.0,2025.0,C,1.0,C,1.0,C,1.0,C+,2.0,B,3.0,C,1.0,C,1.0,C,1.0,False,False,False,2026-2026,0.5833,2026
3519907,Iepê,7739,2026,2023,65090.06331567386,88.79129522810697,0.0,0.0,443.0251232163624,0.0,0.0,0.0,243.6638177689993,44.302512321636236,22.151256160818118,22.151256160818118,35,40,0.225,0.5833333333333334,0.3,0.0,0.5,0.075,2024.0,2025.0,B,3.0,B,3.0,B,3.0,B,3.0,B+,4.0,C,1.0,C,1.0,C,1.0,False,False,False,2026-2026,0.5833,2026
3520004,Igaraçu do Tietê,23414,2026,2023,20414.111215512086,99.42641897097852,0.0,21.964880596468532,431.9759850638811,7.3216268654895105,0.0,0.0,907.8817313206995,29.286507461958042,29.286507461958042,388.0462238709441,248,285,0.8035087719298246,0.5520833333333334,0.3368421052631579,0.0,0.25,0.056140350877192984,2024.0,2025.0,C,1.0,C,1.0,B,3.0,C+,2.0,C+,2.0,C,1.0,C,1.0,C,1.0,False,False,False,2026-2026,0.5833,2026
3520103,Igarapava,26643,2026,2023,53376.947040498446,94.31167716084715,6.434281853716602,0.0,347.4512201006965,32.171409268583005,6.434281853716602,0.0,765.6795405922755,32.171409268583005,38.6056911222996,64.34281853716601,201,349,0.6074498567335244,0.6027397260273972,0.20916905444126074,2.5,0.25,0.045845272206303724,2024.0,2025.0,C,1.0,C,1.0,C+,2.0,C,1.0,B,3.0,C,1.0,C,1.0,B,3.0,False,False,False,2026-2026,0.5833,2026
3520202,Igaratá,11037,2026,2023,31998.097309051373,79.3228399954705,31.064342018405622,0.0,419.3686172484759,46.59651302760843,46.59651302760843,31.064342018405622,714.4798664233293,77.66085504601406,77.66085504601406,170.85388110123094,104,119,0.5378151260504201,0.39285714285714285,0.47058823529411764,0.55,0.1,0.16806722689075632,2024.0,2025.0,C,1.0,C,1.0,B,3.0,B,3.0,B,3.0,C,1.0,C,1.0,C+,2.0,False,False,False,2026-2026,0.5833,2026
3520301,Iguape,29900,2026,2023,63439.79933110368,85.596893311605,5.733397037744863,11.466794075489727,510.2723363592928,17.200191113234588,0.0,0.0,808.4089823220256,34.400382226469176,57.33397037744864,275.2030578117534,300,335,0.47761194029850745,0.5205479452054794,0.43582089552238806,0.8888888888888888,0.7777777777777778,0.12238805970149254,2024.0,2025.0,C+,2.0,C,1.0,C,1.0,C+,2.0,B,3.0,C,1.0,C,1.0,B+,4.0,False,False,False,2026-2026,0.5833,2026
3520400,Ilhabela,36766,2026,2023,403381.2489800359,99.31195914314088,4.662693016062977,9.325386032125953,787.9951197146431,32.63885111244084,4.662693016062977,0.0,1230.9509562406258,41.964237144566795,97.91655333732251,65.27770222488168,488,539,0.47309833024118736,0.4942084942084942,0.4805194805194805,18.0,0.5,0.10018552875695733,2024.0,2025.0,C+,2.0,C,1.0,C,1.0,C+,2.0,B,3.0,C+,2.0,C,1.0,B+,4.0,False,False,False,2026-2026,0.5833,2026
3520426,Ilha Comprida,14237,2026,2023,196848.77432043268,100.0,0.0,36.123180043949866,698.3814808496974,48.164240058599816,12.041060014649954,0.0,1782.0768821681932,36.123180043949866,60.20530007324977,662.2583008057476,277,305,0.5016393442622951,0.5483870967741935,0.4065573770491803,4.25,0.5,0.07540983606557378,2024.0,2025.0,C+,2.0,B,3.0,C,1.0,B,3.0,C,1.0,C,1.0,C,1.0,B,3.0,False,False,False,2026-2026,0.5833,2026
3520442,Ilha Solteira,26272,2026,2023,34931.94275274056,93.8397701883179,13.05028710631634,13.05028710631634,332.78232121106663,19.57543065947451,0.0,0.0,652.5143553158169,32.625717765790846,32.625717765790846,84.8268661910562,181,228,0.43859649122807015,0.4642857142857143,0.3684210526315789,4.0,1.0,0.07456140350877193,2024.0,2025.0,B,3.0,C,1.0,B+,4.0,B,3.0,B,3.0,C,1.0,B,3.0,C+,2.0,False,False,False,2026-2026,0.5833,2026
3520509,Indaiatuba,271322,2026,2023,104174.60803031085,98.99463840213473,3.1591351130496492,7.581924271319159,338.65928411892247,44.85971860530503,3.7909621356595795,0.6318270226099298,562.3260501228376,57.49625905750362,31.5913511304965,130.7881936802555,1869,2309,0.6327414465136423,0.458955223880597,0.34820268514508446,2.1142857142857143,0.4,0.08271979211779991,2024.0,2025.0,B,3.0,C+,2.0,B+,4.0,B,3.0,B,3.0,C+,2.0,C,1.0,B+,4.0,False,False,False,2026-2026,0.5833,2026
3520608,Indiana,5208,2026,2023,19179.339477726575,85.53367875647669,0.0,32.91639236339697,460.8294930875576,0.0,0.0,0.0,559.5786701777486,65.83278472679395,0.0,32.91639236339697,35,38,0.39473684210526316,0.35294117647058826,0.4473684210526316,2.0,0.0,0.05263157894736842,2024.0,2025.0,C,1.0,C,1.0,C,1.0,C+,2.0,B+,4.0,C,1.0,C,1.0,C,1.0,False,False,False,2026-2026,0.5833,2026
3520707,Indiaporã,4117,2026,2023,40584.64901627399,86.57442992569818,0.0,0.0,416.39196363510183,0.0,0.0,0.0,1165.897498178285,41.63919636351019,41.63919636351019,291.4743745445713,47,60,0.3333333333333333,0.4444444444444444,0.15,0.0,0.0,0.016666666666666666,2024.0,2025.0,C+,2.0,B,3.0,B,3.0,C,1.0,B,3.0,C+,2.0,C,1.0,C,1.0,False,True,False,2026-2026,0.5833,2026
3520806,Inúbia Paulista,3670,2026,2023,48153.40599455041,87.52066115702479,0.0,0.0,186.84312962242117,0.0,0.0,0.0,0.0,0.0,0.0,0.0,4,4,0.0,0.0,0.25,,,0.0,2024.0,2025.0,C+,2.0,C,1.0,B+,4.0,B,3.0,B,3.0,C,1.0,C,1.0,B+,4.0,False,True,False,2026-2026,0.5833,2026
3520905,Ipaussu,13936,2026,2023,48659.443168771526,92.13203542413818,0.0,12.301131704116777,307.52829260291946,0.0,0.0,0.0,442.840741348204,12.301131704116777,0.0,147.61358044940133,75,92,0.34782608695652173,0.4772727272727273,0.4782608695652174,15.0,1.0,0.06521739130434782,2024.0,2025.0,C,1.0,C,1.0,B,3.0,B,3.0,C+,2.0,C,1.0,C,1.0,C,1.0,False,False,False,2026-2026,0.5833,2026
3521002,Iperó,38527,2026,2023,33509.04560438135,61.70671378091873,8.899139379062548,13.348709068593823,307.02030857765794,22.247848447656374,4.449569689531274,4.449569689531274,560.6457808809406,22.247848447656374,53.394836274375294,80.09225441156295,242,261,0.39846743295019155,0.5508474576271186,0.4521072796934866,2.3333333333333335,0.6666666666666666,0.1111111111111111,2024.0,2025.0,B,3.0,C,1.0,B+,4.0,C+,2.0,B,3.0,C+,2.0,C+,2.0,B+,4.0,False,False,False,2026-2026,0.5833,2026
3521101,Ipeúna,7051,2026,2023,149734.22209615656,86.07047872340425,24.312660818121035,48.62532163624207,364.6899122718155,0.0,0.0,0.0,802.3178069979941,24.312660818121035,0.0,194.50128654496828,60,70,0.2857142857142857,0.5416666666666666,0.34285714285714286,4.0,0.0,0.02857142857142857,2024.0,2025.0,C,1.0,C,1.0,B,3.0,B,3.0,B,3.0,C+,2.0,C,1.0,C,1.0,False,False,False,2026-2026,0.5833,2026
3521150,Ipiguá,7184,2026,2023,24093.958797327396,60.43020389872284,0.0,0.0,381.80082723512567,0.0,0.0,0.0,238.62551702195353,23.862551702195354,47.72510340439071,47.72510340439071,31,37,0.24324324324324326,0.3333333333333333,0.32432432432432434,1.0,0.0,0.0,2024.0,2025.0,C,1.0,C,1.0,B,3.0,C,1.0,B+,4.0,C,1.0,C,1.0,C,1.0,False,False,False,2026-2026,0.5833,2026
3521200,Iporanga,4075,2026,2023,17381.349693251534,55.8501977204001,0.0,84.136722173532,673.093777388256,42.068361086766,0.0,0.0,715.162138475022,42.068361086766,42.068361086766,0.0,38,40,0.35,0.5625,0.4,0.0,1.0,0.0,2024.0,2025.0,C,1.0,C,1.0,C+,2.0,C,1.0,B,3.0,C,1.0,C,1.0,C,1.0,False,True,False,2026-2026,0.5833,2026
3521309,Ipuã,14711,2026,2023,40093.127591598124,95.85807181227028,0.0,23.306175165328174,431.1642405585713,46.61235033065635,11.653087582664087,0.0,850.6753935344785,23.306175165328174,23.306175165328174,221.4086640706177,140,264,0.12878787878787878,0.5416666666666666,0.18181818181818182,0.25,0.0,0.07954545454545454,2024.0,2025.0,C+,2.0,C,1.0,C+,2.0,B,3.0,B,3.0,B,3.0,C,1.0,C+,2.0,False,False,False,2026-2026,0.5833,2026
3521408,Iracemápolis,22559,2026,2023,106555.16645241367,97.93798991462378,0.0,7.599121035000285,402.7534148550151,60.79296828000228,7.599121035000285,0.0,349.5595676100131,121.58593656000455,15.19824207000057,159.58154173500597,148,161,0.5714285714285714,0.5777777777777777,0.2795031055900621,0.3684210526315789,0.2631578947368421,0.07453416149068323,2024.0,2025.0,C+,2.0,C,1.0,C+,2.0,B,3.0,B,3.0,C,1.0,C,1.0,C+,2.0,False,False,False,2026-2026,0.5833,2026
3521507,Irapuã,6920,2026,2023,40811.560693641615,89.19587628865979,0.0,24.772914946325347,594.5499587118084,24.772914946325347,24.772914946325347,0.0,272.50206440957885,0.0,74.31874483897604,148.6374896779521,47,57,0.2631578947368421,0.6153846153846154,0.22807017543859648,1.0,0.0,0.14035087719298245,2024.0,2025.0,C,1.0,C,1.0,C+,2.0,C+,2.0,B,3.0,C,1.0,C,1.0,C,1.0,False,False,False,2026-2026,0.5833,2026
3521606,Irapuru,7098,2026,2023,20065.08875739645,70.70227243548595,0.0,24.151672503320853,483.0334500664171,0.0,0.0,0.0,217.3650525298877,0.0,24.151672503320853,72.45501750996257,34,45,0.3333333333333333,0.5,0.3111111111111111,,,0.044444444444444446,2024.0,2025.0,C+,2.0,C,1.0,B,3.0,B,3.0,B,3.0,C,1.0,B,3.0,B,3.0,False,False,False,2026-2026,0.5833,2026
3521705,Itaberá,18267,2026,2023,57927.35534023102,67.97513719341471,0.0,9.384604556225513,347.23036858034396,9.384604556225513,9.384604556225513,0.0,272.1535321305399,46.92302278112756,65.6922318935786,46.92302278112756,86,108,0.32407407407407407,0.5344827586206896,0.5370370370370371,1.8,0.4,0.018518518518518517,2024.0,2025.0,C+,2.0,C,1.0,B,3.0,C,1.0,C+,2.0,C,1.0,B,3.0,C+,2.0,False,False,False,2026-2026,0.5833,2026
3521804,Itaí,26023,2026,2023,41607.50105675749,78.52382539153615,13.175158239140103,6.5875791195700515,480.8932757286137,6.5875791195700515,0.0,0.0,375.49200981549285,6.5875791195700515,46.11305383699035,217.39011094581167,175,240,0.2875,0.5,0.20833333333333334,,,0.03333333333333333,2024.0,2025.0,C+,2.0,C+,2.0,B,3.0,C+,2.0,C+,2.0,C+,2.0,C,1.0,A,5.0,False,False,False,2026-2026,0.5833,2026
3521903,Itajobi,17576,2026,2023,72743.17250796541,83.41577356416599,0.0,9.753560049418036,380.3888419273034,19.507120098836072,0.0,0.0,429.1566421743936,29.26068014825411,58.52136029650822,302.36036153195914,126,146,0.4589041095890411,0.37777777777777777,0.3082191780821918,0.3333333333333333,0.3333333333333333,0.14383561643835616,2024.0,2025.0,B,3.0,C,1.0,B,3.0,B+,4.0,B+,4.0,B+,4.0,B+,4.0,B+,4.0,False,False,False,2026-2026,0.5833,2026
3522000,Itaju,3726,2026,2023,82744.22973698335,72.73567467652495,0.0,0.0,414.0786749482402,46.008741660915575,0.0,0.0,552.1048999309869,0.0,0.0,0.0,22,25,0.24,0.25,0.32,0.0,0.0,0.12,2024.0,2025.0,C,1.0,C,1.0,B,3.0,B,3.0,C+,2.0,C,1.0,C,1.0,C,1.0,False,True,False,2026-2026,0.5833,2026
3522109,Itanhaém,119274,2026,2023,24786.67605681037,99.06383174242164,8.623601359654481,4.311800679827241,461.3626727415147,222.77636845774074,33.05713854534218,2.8745337865514937,2293.877961668092,211.2782333115348,66.11427709068435,201.21736505860454,2439,2589,0.7118578601776748,0.417296389588581,0.4600231749710313,0.746268656716418,0.6537313432835821,0.14600231749710313,2024.0,2025.0,C+,2.0,B,3.0,C,1.0,C,1.0,C,1.0,C,1.0,C+,2.0,C+,2.0,False,False,False,2026-2026,0.5833,2026
3522158,Itaoca,3503,2026,2023,19406.79417642021,54.522924411400254,0.0,0.0,146.8129358509033,0.0,0.0,0.0,48.93764528363443,97.87529056726886,97.87529056726886,0.0,8,10,0.4,0.42857142857142855,0.7,0.0,1.0,0.0,2024.0,2025.0,C,1.0,C,1.0,B,3.0,B,3.0,C+,2.0,C,1.0,C,1.0,C,1.0,False,True,False,2026-2026,0.5833,2026
3522208,Itapecerica da Serra,163187,2026,2023,38085.962729874314,99.17111143145452,4.202015391632211,6.3030230874483175,370.8278583115426,625.0497895052914,160.7270887299321,33.61612313305769,930.7464092465348,135.51499638013883,36.76763467678185,97.69685785544893,2286,2398,0.7835696413678065,0.5776470588235294,0.35446205170975814,1.5153061224489797,0.29846938775510207,0.37364470391993326,2024.0,2025.0,C,1.0,C,1.0,C+,2.0,C,1.0,C,1.0,C,1.0,C,1.0,B,3.0,False,False,False,2026-2026,0.5833,2026
3522307,Itapetininga,164687,2026,2023,48351.12668273756,90.76930536027209,5.204678311845241,10.409356623690481,462.1754340918573,44.76023348186907,6.2456139742142875,0.0,880.6315703642147,47.88304046897621,58.29239709266669,233.16958837066676,1680,2090,0.5593301435406699,0.541038525963149,0.2856459330143541,2.760869565217391,0.6304347826086957,0.13110047846889952,2024.0,2025.0,B,3.0,C,1.0,B,3.0,B,3.0,B+,4.0,C+,2.0,B+,4.0,A,5.0,False,False,False,2026-2026,0.5833,2026
3522406,Itapeva,92454,2026,2023,49305.7304172886,84.27746059963762,3.7084078877835776,12.97942760724252,400.5080518806264,20.396243382809676,0.0,0.0,741.6815775567155,40.79248676561935,90.85599325069765,114.96064452129089,769,945,0.47195767195767196,0.5029585798816568,0.3576719576719577,1.75,0.5416666666666666,0.08148148148148149,2024.0,2025.0,C+,2.0,C,1.0,B+,4.0,B,3.0,B,3.0,C,1.0,B,3.0,C,1.0,False,False,False,2026-2026,0.5833,2026
3522505,Itapevi,243967,2026,2023,64004.95558825579,100.0,5.621369166438786,9.837396041267876,392.79317050491017,267.0150354058423,101.887316141703,16.161436353511508,688.6177228887514,118.04875249521452,37.944241873461806,40.05225531087635,2388,2624,0.7381859756097561,0.5219465648854962,0.39939024390243905,1.67,0.5833333333333334,0.25990853658536583,2024.0,2025.0,C+,2.0,C,1.0,B,3.0,B,3.0,B,3.0,C,1.0,B,3.0,C+,2.0,False,False,False,2026-2026,0.5833,2026
3522604,Itapira,74145,2026,2023,85858.43954413649,92.7615740402994,2.312071905436259,9.248287621745035,272.8244848414786,27.74486286523511,27.74486286523511,0.0,443.91780584376176,78.61044478483281,13.872431432617555,272.8244848414786,497,615,0.6130081300813008,0.4605263157894737,0.24715447154471545,1.3333333333333333,0.24444444444444444,0.05853658536585366,2024.0,2025.0,C,1.0,C,1.0,C,1.0,C,1.0,B,3.0,B,3.0,C,1.0,C,1.0,False,False,False,2026-2026,0.5833,2026
3522653,Itapirapuã Paulista,4433,2026,2023,17439.205955334986,48.76288659793814,38.67100641294189,0.0,193.35503206470946,0.0,0.0,0.0,116.01301923882566,0.0,116.01301923882566,0.0,12,14,0.35714285714285715,0.5,0.2857142857142857,,,0.0,2024.0,2025.0,C,1.0,C,1.0,B,3.0,B,3.0,B,3.0,C,1.0,C,1.0,C,1.0,False,True,False,2026-2026,0.5833,2026
3522703,Itápolis,40429,2026,2023,62451.65598951248,90.69686150158547,12.720713207987192,4.2402377359957315,432.5042490715646,29.681664151970118,12.720713207987192,0.0,898.9304000310949,55.12309056794451,46.64261509595304,169.60950943982925,392,512,0.482421875,0.4326923076923077,0.203125,1.7647058823529411,0.29411764705882354,0.072265625,2024.0,2025.0,C+,2.0,C,1.0,C+,2.0,C+,2.0,C+,2.0,C+,2.0,B+,4.0,B+,4.0,False,False,False,2026-2026,0.5833,2026
3522802,Itaporanga,14231,2026,2023,28691.377977654418,75.83339061103857,0.0,24.09227340714938,445.7070580322635,12.04613670357469,0.0,0.0,313.1995542929419,24.09227340714938,36.13841011072407,204.7843239607697,88,94,0.3723404255319149,0.6363636363636364,0.23404255319148937,0.0,0.0,0.10638297872340426,2024.0,2025.0,C,1.0,C,1.0,B,3.0,C,1.0,C+,2.0,C,1.0,C,1.0,C,1.0,False,False,False,2026-2026,0.5833,2026
3522901,Itapuí,14080,2026,2023,93134.80113636363,95.53930830526576,24.35064935064935,24.35064935064935,426.1363636363636,36.52597402597402,0.0,0.0,560.064935064935,0.0,48.7012987012987,231.3311688311688,111,124,0.33064516129032256,0.5344827586206896,0.46774193548387094,,,0.056451612903225805,2024.0,2025.0,C+,2.0,C,1.0,B+,4.0,B,3.0,C+,2.0,C,1.0,C+,2.0,B+,4.0,False,False,False,2026-2026,0.5833,2026
3523008,Itapura,3990,2026,2023,52468.42105263158,79.9173743401423,0.0,0.0,601.5037593984963,0.0,0.0,0.0,558.5392051557465,0.0,42.964554242749735,0.0,28,32,0.28125,0.4444444444444444,0.28125,,,0.0625,2024.0,2025.0,C,1.0,C,1.0,B,3.0,B,3.0,B,3.0,C,1.0,C,1.0,C,1.0,False,True,False,2026-2026,0.5833,2026
3523107,Itaquaquecetuba,384436,2026,2023,31160.609308181334,100.0,6.688833957872237,4.013300374723342,352.724510711796,329.53655299117224,111.92648822839543,0.8918445277162983,557.8487520865446,151.6135697117707,27.201258095347097,126.64192293571435,3743,4047,0.7289350135903138,0.49333333333333335,0.37064492216456635,1.7476979742173113,0.3333333333333333,0.2863849765258216,2024.0,2025.0,C,1.0,C,1.0,B,3.0,C+,2.0,C,1.0,C,1.0,B+,4.0,C,1.0,False,False,False,2026-2026,0.5833,2026
3523206,Itararé,45111,2026,2023,31177.429008445833,92.35615638169148,7.600300211858368,7.600300211858368,573.8226659953068,7.600300211858368,0.0,0.0,406.6160613344227,7.600300211858368,87.40345243637124,79.80315222451287,310,420,0.4595238095238095,0.5208333333333334,0.22857142857142856,7.0,0.0,0.07380952380952381,2024.0,2025.0,B,3.0,B+,4.0,C+,2.0,C,1.0,B,3.0,C,1.0,B,3.0,B,3.0,False,False,False,2026-2026,0.5833,2026
3523305,Itariri,15917,2026,2023,25169.755607212413,63.854954430870656,21.540311796013242,0.0,441.57639181827153,32.31046769401987,0.0,0.0,495.42717130830465,53.85077949003311,32.31046769401987,32.31046769401987,103,111,0.38738738738738737,0.4358974358974359,0.35135135135135137,1.6666666666666667,0.3333333333333333,0.036036036036036036,2024.0,2025.0,C,1.0,C+,2.0,C+,2.0,B,3.0,B,3.0,C,1.0,C,1.0,C,1.0,False,False,False,2026-2026,0.5833,2026
3523404,Itatiba,127729,2026,2023,80854.52011680981,84.42412117747928,5.368508997285547,9.394890745249707,297.9522493493478,52.342962723534086,33.55318123303467,17.44765424117803,448.27050127334314,63.079980718105176,49.65870822489131,85.89614395656875,792,1017,0.5929203539823009,0.4918032786885246,0.2999016715830875,3.4134615384615383,0.14423076923076922,0.15142576204523106,2024.0,2025.0,C+,2.0,C,1.0,B,3.0,C+,2.0,C+,2.0,C+,2.0,B,3.0,C+,2.0,False,False,False,2026-2026,0.5833,2026
3523503,Itatinga,19493,2026,2023,30839.839942543476,90.9594504764015,0.0,17.58873148602795,360.568995463573,70.3549259441118,0.0,0.0,404.5408241786428,35.1774629720559,61.56056020109783,70.3549259441118,116,146,0.410958904109589,0.625,0.2191780821917808,12.0,0.0,0.0547945205479452,2024.0,2025.0,B,3.0,B,3.0,B,3.0,C+,2.0,B,3.0,C+,2.0,C,1.0,B+,4.0,False,False,False,2026-2026,0.5833,2026
3523602,Itirapina,16473,2026,2023,95324.04540763675,90.18938417933522,10.406639435960143,31.219918307880427,385.0456591305253,20.813278871920286,10.406639435960143,20.813278871920286,603.5850872856882,41.62655774384057,10.406639435960143,343.4191013866847,142,170,0.3352941176470588,0.5365853658536586,0.2411764705882353,2.25,0.125,0.07647058823529412,2024.0,2025.0,B,3.0,B,3.0,B,3.0,B,3.0,B,3.0,C+,2.0,B+,4.0,B+,4.0,False,False,False,2026-2026,0.5833,2026
3523701,Itirapuã,5853,2026,2023,32611.652144199557,83.34460601961447,0.0,0.0,439.3351394889068,0.0,0.0,0.0,351.4681115911254,87.86702789778136,29.289009299260453,117.15603719704181,35,98,0.7755102040816326,0.5454545454545454,0.11224489795918367,2.3333333333333335,0.0,0.02040816326530612,2024.0,2025.0,C+,2.0,C,1.0,C+,2.0,B,3.0,B,3.0,C,1.0,C,1.0,C,1.0,False,False,False,2026-2026,0.5833,2026
3523800,Itobi,8242,2026,2023,30470.51686483863,90.11396766498808,0.0,20.799389884563386,519.9847471140846,20.799389884563386,0.0,0.0,748.7780358442818,20.799389884563386,20.799389884563386,166.3951190765071,73,79,0.35443037974683544,0.8,0.31645569620253167,0.0,0.0,0.012658227848101266,2024.0,2025.0,C,1.0,C,1.0,B,3.0,C,1.0,B,3.0,C,1.0,C,1.0,C,1.0,False,False,False,2026-2026,0.5833,2026
3523909,Itu,175483,2026,2023,79851.2106585823,93.59183117413896,10.745851653517922,11.722747258383189,339.9596704931124,66.42890113083807,8.79206044378739,4.884478024326328,659.4045332840543,100.62024730112236,33.214450565419035,106.48162093031397,1374,1562,0.5019206145966709,0.4607142857142857,0.3585147247119078,0.8878504672897196,0.5327102803738317,0.13956466069142126,2024.0,2025.0,C+,2.0,C,1.0,B,3.0,B,3.0,B,3.0,B,3.0,C+,2.0,C,1.0,False,False,False,2026-2026,0.5833,2026
3524006,Itupeva,75776,2026,2023,138952.4387668919,86.83876145255132,6.786920849420848,6.786920849420848,321.24758687258685,76.91843629343629,31.672297297297295,11.311534749034749,613.0851833976833,72.39382239382239,20.360762548262546,133.47611003861005,572,682,0.5762463343108505,0.4870848708487085,0.3973607038123167,1.2641509433962264,0.32075471698113206,0.15542521994134897,2024.0,2025.0,C,1.0,C,1.0,C,1.0,C,1.0,C+,2.0,C,1.0,C,1.0,B,3.0,False,False,False,2026-2026,0.5833,2026
3524105,Ituverava,38379,2026,2023,57808.30662601944,94.14653055950382,4.466728456410314,8.933456912820628,268.00370738461885,58.06746993333408,13.400185369230941,0.0,741.4769237641121,107.20148295384753,44.66728456410314,120.60166832307847,306,396,0.4621212121212121,0.6265060240963856,0.20959595959595959,1.173913043478261,0.6521739130434783,0.11616161616161616,2024.0,2025.0,C,1.0,C,1.0,C,1.0,C,1.0,C+,2.0,C,1.0,C,1.0,C,1.0,False,False,False,2026-2026,0.5833,2026
3524204,Jaborandi,6269,2026,2023,39415.37725315042,93.5376213592233,0.0,27.345441287058765,519.5633844541167,0.0,27.345441287058765,0.0,355.490736731764,27.345441287058765,27.345441287058765,136.72720643529385,41,47,0.48936170212765956,0.5,0.46808510638297873,2.0,0.0,0.10638297872340426,2024.0,2025.0,B,3.0,C,1.0,B,3.0,B+,4.0,B+,4.0,C+,2.0,B,3.0,B+,4.0,False,False,False,2026-2026,0.5833,2026
3524303,Jaboticabal,73479,2026,2023,56563.82095564719,97.02073623398732,11.6651404774542,16.33119666843588,265.96520288595576,58.325702387271,20.99725285941756,2.33302809549084,821.2258896127757,95.65415191512443,20.99725285941756,156.31288239788628,630,719,0.5910987482614742,0.5391304347826087,0.3198887343532684,0.5714285714285714,0.2857142857142857,0.0890125173852573,2024.0,2025.0,C+,2.0,C,1.0,B,3.0,B,3.0,B,3.0,B,3.0,B+,4.0,B,3.0,False,False,False,2026-2026,0.5833,2026
3524402,Jacareí,251848,2026,2023,78193.97414313395,98.61893624475653,4.764778755439789,10.210240190228118,349.8708971851502,74.87509472833953,10.89092286957666,8.168192152182495,584.706421560397,108.9092286957666,33.353451288078524,127.2876610381772,1929,2207,0.6225645672859085,0.5167785234899329,0.33756230176710467,0.9182692307692307,0.14423076923076922,0.14725872224739464,2024.0,2025.0,C+,2.0,C,1.0,C,1.0,C+,2.0,C+,2.0,C+,2.0,B,3.0,B,3.0,False,False,False,2026-2026,0.5833,2026
3524501,Jaci,8003,2026,2023,110058.72797700862,86.10570974014496,0.0,0.0,471.25185198407735,0.0,0.0,0.0,299.8875421716856,0.0,64.26161617964692,21.420538726548973,40,47,0.2978723404255319,0.6428571428571429,0.2978723404255319,,,0.0425531914893617,2024.0,2025.0,C+,2.0,C,1.0,B,3.0,B,3.0,B,3.0,C,1.0,C,1.0,C,1.0,False,False,False,2026-2026,0.5833,2026
3524600,Jacupiranga,16183,2026,2023,43187.35710313292,54.44560669456067,0.0,10.593126826210927,413.1319462222261,21.186253652421854,0.0,0.0,1069.9058094473037,21.186253652421854,42.37250730484371,52.965634131054635,154,183,0.3879781420765027,0.3076923076923077,0.4262295081967213,6.0,0.0,0.04371584699453552,2024.0,2025.0,C,1.0,C,1.0,C+,2.0,C,1.0,C+,2.0,C+,2.0,C,1.0,B,3.0,False,False,False,2026-2026,0.5833,2026
3524709,Jaguariúna,62764,2026,2023,233906.0289337837,97.11584031053238,8.193960140936115,10.925280187914819,286.788604932764,51.89508089259539,30.044520516765754,5.462640093957409,527.14476906689,133.83468230195652,19.119240328850932,128.3720422079991,440,586,0.5887372013651877,0.5139664804469274,0.3054607508532423,0.8461538461538461,0.46153846153846156,1.3156996587030716,2024.0,2025.0,C+,2.0,C,1.0,B,3.0,C,1.0,C+,2.0,B,3.0,B+,4.0,A,5.0,False,False,False,2026-2026,0.5833,2026
3524808,Jales,50132,2026,2023,51667.75712120003,94.10150599846848,3.419543832852697,6.839087665705394,492.4143119307885,23.936806829968884,6.839087665705394,0.0,642.8742405763071,51.293157492790456,58.132245158495856,225.68989296827803,442,726,0.5399449035812672,0.4012345679012346,0.2231404958677686,3.0,0.6923076923076923,0.07575757575757576,2024.0,2025.0,C+,2.0,C,1.0,C,1.0,B,3.0,C+,2.0,B+,4.0,C+,2.0,A,5.0,False,False,False,2026-2026,0.5833,2026
3524907,Jambeiro,6642,2026,2023,69503.46281240591,47.87810805758085,0.0,0.0,206.47825525874305,25.80978190734288,0.0,0.0,903.3423667570008,51.61956381468576,77.42934572202864,51.61956381468576,51,58,0.39655172413793105,0.6896551724137931,0.5,5.0,0.0,0.05172413793103448,2024.0,2025.0,C+,2.0,C+,2.0,C+,2.0,C+,2.0,B,3.0,C,1.0,C,1.0,B,3.0,False,False,False,2026-2026,0.5833,2026
3525003,Jandira,121848,2026,2023,45524.80959884446,100.0,8.441430541095698,2.8138101803652327,379.8643743493064,175.86313627282703,18.289766172374012,8.441430541095698,595.1208531472467,101.29716649314837,42.20715270547849,47.83477306620895,981,1068,0.6554307116104869,0.5026178010471204,0.35767790262172283,1.7922077922077921,0.4025974025974026,0.19101123595505617,2024.0,2025.0,C,1.0,C,1.0,C,1.0,C+,2.0,C+,2.0,C,1.0,C,1.0,C+,2.0,False,False,False,2026-2026,0.5833,2026
3525102,Jardinópolis,47354,2026,2023,50652.78540355619,95.96399458325588,10.860449260584414,14.48059901411255,289.61198028225095,25.34104827469696,3.6201497535281373,0.0,568.3635113039176,141.18584038759738,47.061946795865786,94.12389359173157,330,407,0.48402948402948404,0.5098039215686274,0.3759213759213759,0.6551724137931034,0.4827586206896552,0.05896805896805897,2024.0,2025.0,C+,2.0,C,1.0,B,3.0,B,3.0,B,3.0,C,1.0,C,1.0,B,3.0,False,False,False,2026-2026,0.5833,2026
3525201,Jarinu,40433,2026,2023,87711.62169515,77.28016102654422,12.719454759372649,4.2398182531242155,258.62891344057715,76.31672855623589,42.398182531242156,12.719454759372649,500.2985538686575,93.27600156873274,46.63800078436637,161.1130936187202,285,341,0.6099706744868035,0.5714285714285714,0.2873900293255132,1.5,0.22,0.23460410557184752,2024.0,2025.0,C,1.0,C,1.0,C+,2.0,C+,2.0,C,1.0,C,1.0,C,1.0,C,1.0,False,False,False,2026-2026,0.5833,2026
3525300,Jaú,137486,2026,2023,47589.8127809377,96.87347374847374,1.246880201828342,11.221921816455078,365.33589913570415,21.196963431081812,6.23440100914171,0.0,1009.972963480957,34.91264565119357,31.17200504570855,198.25395209070638,1347,1682,0.5862068965517241,0.5891891891891892,0.32996432818073723,5.153846153846154,0.6153846153846154,0.061236623067776455,2024.0,2025.0,C+,2.0,C,1.0,B,3.0,B,3.0,C+,2.0,C,1.0,B,3.0,B,3.0,False,False,False,2026-2026,0.5833,2026
3525409,Jeriquara,4021,2026,2023,76794.08107435961,82.46835443037975,0.0,42.63331793796852,980.566312573276,42.63331793796852,0.0,0.0,639.4997690695278,42.63331793796852,255.7999076278111,213.16658968984257,52,103,0.6310679611650486,0.75,0.1941747572815534,3.0,0.0,0.0,2024.0,2025.0,C+,2.0,C+,2.0,B,3.0,B,3.0,C,1.0,C,1.0,C,1.0,B,3.0,False,True,False,2026-2026,0.5833,2026
3525508,Joanópolis,13162,2026,2023,25508.053487311958,100.0,0.0,0.0,234.44114007858118,0.0,0.0,0.0,625.1763735428831,39.07352334643019,39.07352334643019,130.245077821434,82,92,0.4891304347826087,0.575,0.43478260869565216,3.0,0.0,0.07608695652173914,2024.0,2025.0,C+,2.0,C,1.0,B,3.0,C,1.0,B,3.0,C+,2.0,C+,2.0,C,1.0,False,False,False,2026-2026,0.5833,2026
3525607,João Ramalho,4470,2026,2023,41834.451901566,85.37349397590361,0.0,0.0,383.5091083413231,0.0,0.0,0.0,421.8600191754554,0.0,0.0,115.05273250239692,24,35,0.4,0.9,0.2857142857142857,,,0.0,2024.0,2025.0,C,1.0,C,1.0,C+,2.0,B,3.0,B+,4.0,C,1.0,C,1.0,C,1.0,False,True,False,2026-2026,0.5833,2026
3525706,José Bonifácio,38111,2026,2023,50918.10763296686,90.6022037053994,4.49813889503218,22.4906944751609,503.7915562436042,35.98511116025744,17.99255558012872,0.0,998.586834697144,49.479527845353985,58.47580563541835,130.44602795593323,405,513,0.45419103313840153,0.5753424657534246,0.28460038986354774,2.3076923076923075,0.07692307692307693,0.07797270955165692,2024.0,2025.0,C+,2.0,B,3.0,C,1.0,C+,2.0,B,3.0,C,1.0,C,1.0,C,1.0,False,False,False,2026-2026,0.5833,2026
3525805,Júlio Mesquita,4297,2026,2023,19278.333721200837,95.12415349887134,0.0,0.0,478.7393197912164,0.0,0.0,0.0,758.0039230027594,39.894943315934704,79.78988663186941,119.6848299478041,37,41,0.1951219512195122,0.6923076923076923,0.3170731707317073,0.0,1.0,0.0975609756097561,2024.0,2025.0,C,1.0,C,1.0,C,1.0,C+,2.0,C+,2.0,C,1.0,C,1.0,C,1.0,False,True,False,2026-2026,0.5833,2026
3525854,Jumirim,3139,2026,2023,91733.3545715196,58.00571837026447,0.0,0.0,218.4499158057616,0.0,54.6124789514404,0.0,819.187184271606,0.0,54.6124789514404,0.0,21,21,0.38095238095238093,0.9375,0.7619047619047619,0.0,0.0,0.09523809523809523,2024.0,2025.0,B,3.0,B,3.0,B,3.0,B+,4.0,B,3.0,C+,2.0,B,3.0,B,3.0,False,True,False,2026-2026,0.5833,2026
3525904,Jundiaí,465277,2026,2023,140600.92804931256,95.69822168666886,1.842220563541411,5.15821757791595,267.12198171350457,117.16522784123373,27.26486434041288,4.052885239791104,856.2641179340477,84.7421459229049,21.738202649788647,78.11015189415582,3972,4686,0.717242851045668,0.4548802946593002,0.34763124199743917,2.0903225806451613,0.36451612903225805,0.17114810072556552,2024.0,2025.0,B,3.0,C,1.0,B,3.0,B,3.0,B,3.0,B,3.0,B+,4.0,A,5.0,False,False,False,2026-2026,0.5833,2026
3526001,Junqueirópolis,20991,2026,2023,44822.59063408127,82.23325857097085,0.0,0.0,612.507401131097,0.0,0.0,0.0,416.505032769146,0.0,81.66765348414627,155.1685416198779,155,200,0.39,0.3333333333333333,0.21,,,0.03,2024.0,2025.0,B,3.0,C,1.0,B,3.0,B,3.0,B,3.0,C,1.0,C,1.0,B,3.0,False,False,False,2026-2026,0.5833,2026
3526100,Juquiá,17121,2026,2023,26074.294725775362,63.07284630572586,0.0,20.025532554006357,610.778742897194,10.012766277003179,0.0,0.0,1061.3532253623368,40.051065108012715,70.08936393902226,280.35745575608905,209,245,0.4489795918367347,0.49038461538461536,0.42448979591836733,5.0,0.0,0.14285714285714285,2024.0,2025.0,C,1.0,C,1.0,C+,2.0,C,1.0,C+,2.0,C,1.0,B,3.0,B+,4.0,False,False,False,2026-2026,0.5833,2026
3526209,Juquitiba,27929,2026,2023,23655.161301872606,77.3915161638306,6.138013227418505,24.55205290967402,558.559203695084,153.4503306854626,24.55205290967402,18.414039682255513,840.9078121563351,55.24211904676654,67.51814550160356,85.93218518385906,299,320,0.50625,0.5555555555555556,0.421875,3.2666666666666666,0.13333333333333333,0.146875,2024.0,2025.0,C,1.0,C,1.0,C,1.0,C+,2.0,C,1.0,C,1.0,C,1.0,C,1.0,False,False,False,2026-2026,0.5833,2026
3526308,Lagoinha,5191,2026,2023,19535.927566942784,64.82131790952282,33.024190219335665,0.0,297.2177119740209,0.0,33.024190219335665,0.0,330.2419021933566,0.0,33.024190219335665,33.024190219335665,23,30,0.5333333333333333,0.5294117647058824,0.5666666666666667,,,0.13333333333333333,2024.0,2025.0,C+,2.0,C,1.0,B,3.0,C+,2.0,B,3.0,C,1.0,C,1.0,B+,4.0,False,False,False,2026-2026,0.5833,2026
3526407,Laranjal Paulista,27075,2026,2023,62381.495844875346,89.54892875529681,0.0,18.994855559952512,348.2390185991294,6.33161851998417,6.33161851998417,0.0,690.1464186782746,18.994855559952512,50.65294815987336,316.5809259992085,230,255,0.5176470588235295,0.5287356321839081,0.3411764705882353,2.25,0.0,0.0392156862745098,2024.0,2025.0,C+,2.0,C,1.0,B,3.0,B,3.0,C+,2.0,C,1.0,C,1.0,B+,4.0,False,False,False,2026-2026,0.5833,2026
3526506,Lavínia,9967,2026,2023,26316.243603892846,48.80965941451191,17.199615875245453,0.0,240.7946222534363,0.0,0.0,0.0,120.39731112671815,0.0,17.199615875245453,1066.376184265218,85,98,0.04081632653061224,0.045454545454545456,0.22448979591836735,,,0.0,2024.0,2025.0,C+,2.0,C,1.0,B,3.0,C+,2.0,B,3.0,C,1.0,C,1.0,C+,2.0,False,False,False,2026-2026,0.5833,2026
3526605,Lavrinhas,7365,2026,2023,23068.024439918532,91.79059180576633,23.276112889147512,23.276112889147512,395.69391911550775,46.552225778295025,23.276112889147512,46.552225778295025,325.8655804480652,23.276112889147512,46.552225778295025,93.10445155659005,45,50,0.56,0.47619047619047616,0.42,4.5,0.0,0.06,2024.0,2025.0,C,1.0,C,1.0,B,3.0,C+,2.0,C+,2.0,C,1.0,C,1.0,C,1.0,False,False,False,2026-2026,0.5833,2026
3526704,Leme,101734,2026,2023,48543.3778284546,97.93582980949476,15.165599925857066,3.370133316857126,436.4322645329978,48.86693309442832,15.165599925857066,1.685066658428563,545.9615973308544,67.40266633714252,35.38639982699982,453.28293111728345,963,1179,0.6463104325699746,0.47555555555555556,0.19083969465648856,1.64,0.54,0.06361323155216285,2024.0,2025.0,C+,2.0,C,1.0,B,3.0,C+,2.0,B,3.0,C+,2.0,C+,2.0,B,3.0,False,False,False,2026-2026,0.5833,2026
3526803,Lençóis Paulista,68724,2026,2023,95521.91374192422,97.75835124047666,2.4944498490857843,0.0,359.2007782683529,22.450048641772057,2.4944498490857843,0.0,651.0514106113897,17.461148943600488,42.40564743445833,139.6891915488039,496,712,0.6165730337078652,0.5054347826086957,0.25842696629213485,1.8333333333333333,0.6666666666666666,0.08426966292134831,2024.0,2025.0,B,3.0,C,1.0,B,3.0,B,3.0,B,3.0,B,3.0,B+,4.0,B+,4.0,False,False,False,2026-2026,0.5833,2026
3526902,Limeira,301780,2026,2023,69179.3359400888,97.01581757975814,3.9764066538538008,10.225045681338344,335.1542751105346,121.56443198924477,26.130672296753545,7.384755214299916,796.9855050509832,208.4773202806207,21.58620754949206,249.94556109938173,3136,3479,0.7027881575165278,0.5388429752066116,0.3478010922678931,1.4,0.32558139534883723,0.10204081632653061,2024.0,2025.0,C+,2.0,C,1.0,C+,2.0,B,3.0,B,3.0,B+,4.0,B+,4.0,B+,4.0,False,False,False,2026-2026,0.5833,2026
3527009,Lindóia,7167,2026,2023,56551.9743267755,100.0,23.91915326197453,0.0,310.94899240566883,23.91915326197453,0.0,0.0,382.70645219159246,47.83830652394906,119.59576630987262,95.67661304789812,42,56,0.48214285714285715,0.37037037037037035,0.48214285714285715,,,0.07142857142857142,2024.0,2025.0,C,1.0,C,1.0,B,3.0,C+,2.0,B,3.0,C,1.0,B,3.0,C+,2.0,False,False,False,2026-2026,0.5833,2026
3527108,Lins,76946,2026,2023,111901.37239102747,98.83105610930676,0.0,11.139537560664063,505.73500525414846,17.8232600970625,0.0,0.0,717.3862189067657,46.78605775478906,49.01396526692188,153.7256183371641,674,874,0.4633867276887872,0.4854771784232365,0.2757437070938215,4.416666666666667,0.5833333333333334,0.07322654462242563,2024.0,2025.0,B,3.0,B+,4.0,C+,2.0,C+,2.0,B,3.0,C+,2.0,B+,4.0,B,3.0,False,False,False,2026-2026,0.5833,2026
3527207,Lorena,87551,2026,2023,51413.66746239335,97.1358299913978,23.49650897354521,33.28672104585572,305.45461665608775,95.94407830864296,5.874127243386303,0.0,597.2029364109409,31.32867863139362,23.49650897354521,231.04900490652793,688,839,0.6221692491060786,0.509090909090909,0.2622169249106079,2.0,0.7058823529411765,0.10965435041716329,2024.0,2025.0,C+,2.0,C,1.0,C+,2.0,C+,2.0,B,3.0,B,3.0,C+,2.0,C+,2.0,False,False,False,2026-2026,0.5833,2026
3527256,Lourdes,1957,2026,2023,28329.075114971896,81.95488721804512,0.0,0.0,87.59763486385866,0.0,0.0,0.0,350.39053945543463,0.0,87.59763486385866,0.0,6,6,0.16666666666666666,0.6666666666666666,0.5,,,0.3333333333333333,2024.0,2025.0,B,3.0,C+,2.0,B,3.0,C+,2.0,B+,4.0,B,3.0,C+,2.0,C,1.0,False,True,False,2026-2026,0.5833,2026
3527306,Louveira,55314,2026,2023,364367.28495498426,96.14814814814817,0.0,12.396758247718221,269.62949188787127,55.78541211473199,9.297568685788665,0.0,446.2832969178559,58.88460167666155,34.091085181225104,145.66190941068908,333,406,0.6182266009852216,0.49137931034482757,0.2857142857142857,1.9565217391304348,0.391304347826087,0.07635467980295567,2024.0,2025.0,C,1.0,C,1.0,C,1.0,C,1.0,C+,2.0,B,3.0,C,1.0,B+,4.0,False,False,False,2026-2026,0.5833,2026
3527405,Lucélia,20383,2026,2023,29439.631065103273,86.6059752539986,8.410369986192975,0.0,613.9570089920873,8.410369986192975,0.0,0.0,386.87701936487684,8.410369986192975,126.15554979289463,84.10369986192975,147,194,0.35051546391752575,0.5217391304347826,0.23711340206185566,1.0,0.0,0.041237113402061855,2024.0,2025.0,C+,2.0,C,1.0,B+,4.0,B,3.0,C+,2.0,C+,2.0,C,1.0,C,1.0,False,False,False,2026-2026,0.5833,2026
3527504,Lucianópolis,2427,2026,2023,57129.78986402967,79.14628723877279,0.0,0.0,494.4375772558714,0.0,0.0,0.0,211.9018188239449,0.0,0.0,141.26787921596326,12,15,0.4666666666666667,0.5,0.13333333333333333,,,0.06666666666666667,2024.0,2025.0,C+,2.0,C,1.0,B+,4.0,C+,2.0,B,3.0,C+,2.0,B,3.0,B+,4.0,False,True,False,2026-2026,0.5833,2026
3527603,Luís Antônio,12594,2026,2023,189424.88486580912,96.588693957115,0.0,0.0,353.9100251820594,13.611924045463825,0.0,0.0,462.80541754577,40.835772136391476,54.4476961818553,163.3430885455659,80,99,0.5757575757575758,0.72,0.25252525252525254,3.5,0.5,0.030303030303030304,2024.0,2025.0,C+,2.0,B,3.0,C,1.0,B,3.0,B,3.0,B,3.0,C,1.0,B,3.0,False,False,False,2026-2026,0.5833,2026
3527702,Luiziânia,4730,2026,2023,24906.76532769556,91.66998011928428,0.0,0.0,398.6710963455149,0.0,0.0,0.0,326.18544246451216,36.24282694050136,0.0,0.0,21,22,0.22727272727272727,0.42857142857142855,0.6363636363636364,,,0.09090909090909091,2024.0,2025.0,C+,2.0,C,1.0,B+,4.0,B,3.0,B,3.0,C,1.0,C,1.0,C,1.0,False,True,False,2026-2026,0.5833,2026
3527801,Lupércio,3993,2026,2023,28861.507638367144,88.78934068458534,0.0,0.0,300.5259203606311,0.0,0.0,0.0,171.72909734893207,0.0,0.0,0.0,11,17,0.5882352941176471,0.5,0.35294117647058826,,,0.0,2024.0,2025.0,C,1.0,C,1.0,C+,2.0,C,1.0,C+,2.0,C,1.0,C,1.0,C,1.0,False,True,False,2026-2026,0.5833,2026
3527900,Lutécia,2696,2026,2023,50313.42729970327,79.51363301400147,0.0,0.0,317.931326833404,0.0,0.0,0.0,508.69012293344633,0.0,127.17253073336158,63.58626536668079,16,19,0.47368421052631576,0.6,0.2631578947368421,,,0.10526315789473684,2024.0,2025.0,C,1.0,C,1.0,B,3.0,C+,2.0,B,3.0,C,1.0,C,1.0,C,1.0,False,True,False,2026-2026,0.5833,2026
3528007,Macatuba,17157,2026,2023,40324.47397563676,97.02933759763825,9.991756800639472,9.991756800639472,309.74446081982364,9.991756800639472,0.0,0.0,469.6125696300552,29.97527040191842,0.0,59.95054080383684,90,95,0.42105263157894735,0.5490196078431373,0.5368421052631579,8.0,0.0,0.010526315789473684,2024.0,2025.0,C+,2.0,C,1.0,B,3.0,C+,2.0,B,3.0,C+,2.0,B+,4.0,B+,4.0,False,False,False,2026-2026,0.5833,2026
3528106,Macaubal,7575,2026,2023,32348.25082508251,88.38574970638132,0.0,0.0,316.83168316831683,0.0,0.0,0.0,362.0933521923621,22.63083451202263,0.0,67.89250353606789,34,40,0.275,0.5333333333333333,0.375,0.0,0.0,0.025,2024.0,2025.0,C+,2.0,C+,2.0,B,3.0,B,3.0,B,3.0,C,1.0,C,1.0,C,1.0,False,False,False,2026-2026,0.5833,2026
3528205,Macedônia,4067,2026,2023,30427.833784116057,75.79148471615721,0.0,0.0,126.45333520671606,0.0,0.0,0.0,168.6044469422881,0.0,0.0,0.0,7,10,0.3,1.0,0.1,,,0.0,2024.0,2025.0,C,1.0,C,1.0,B,3.0,B,3.0,B,3.0,C,1.0,C,1.0,C+,2.0,False,True,False,2026-2026,0.5833,2026
3528304,Magda,3210,2026,2023,52632.08722741433,82.96875,0.0,0.0,747.6635514018691,0.0,0.0,0.0,320.42723631508676,53.404539385847784,0.0,53.404539385847784,22,27,0.3333333333333333,0.7777777777777778,0.3333333333333333,0.0,0.0,0.037037037037037035,2024.0,2025.0,C+,2.0,C,1.0,B,3.0,B,3.0,B,3.0,C,1.0,C,1.0,C,1.0,False,True,False,2026-2026,0.5833,2026
3528403,Mairinque,52092,2026,2023,56121.151040466866,80.25819586794069,9.872642906506071,16.454404844176786,404.7783591667488,59.23585743903642,23.0361667818475,3.2908809688353564,592.3585743903642,72.39938131437785,39.490571626024284,82.27202422088392,396,448,0.43080357142857145,0.43558282208588955,0.3638392857142857,2.09375,0.4375,0.12946428571428573,2024.0,2025.0,C,1.0,C+,2.0,C,1.0,C,1.0,C,1.0,C,1.0,C,1.0,B,3.0,False,False,False,2026-2026,0.5833,2026
3528502,Mairiporã,98241,2026,2023,28167.272320110747,87.39315183556499,3.489959821837551,10.469879465512653,378.6606406693743,85.50401563502,38.38955804021306,3.489959821837551,802.6907590226367,80.26907590226368,36.64457812929429,127.38353349707062,898,987,0.6747720364741642,0.5067385444743935,0.375886524822695,1.8352941176470587,0.17647058823529413,0.13272543059777103,2024.0,2025.0,B,3.0,C,1.0,B+,4.0,C+,2.0,B,3.0,C,1.0,B,3.0,B+,4.0,False,False,False,2026-2026,0.5833,2026
3528601,Manduri,10148,2026,2023,35585.139929050056,86.4991103202847,0.0,0.0,320.96401824427045,16.89284306548792,0.0,16.89284306548792,439.2139197026859,0.0,33.78568613097584,304.0711751787826,67,80,0.325,0.52,0.3125,11.0,0.0,0.0125,2024.0,2025.0,C,1.0,C,1.0,B,3.0,B,3.0,C,1.0,C,1.0,C,1.0,C,1.0,False,False,False,2026-2026,0.5833,2026
3528700,Marabá Paulista,4612,2026,2023,43726.799653078924,44.51371571072319,0.0,0.0,483.2114979556436,37.1701152273572,0.0,0.0,185.850576136786,0.0,74.3402304547144,74.3402304547144,23,30,0.3,0.5,0.26666666666666666,,,0.0,2024.0,2025.0,C,1.0,C,1.0,C,1.0,C,1.0,C+,2.0,C+,2.0,C,1.0,C,1.0,False,True,False,2026-2026,0.5833,2026
3528809,Maracaí,12784,2026,2023,81326.34543178974,90.64656465646564,13.409619166815661,26.819238333631322,455.9270516717325,13.409619166815661,0.0,0.0,496.1559091721795,40.228857500446985,13.409619166815661,107.27695333452529,87,99,0.2222222222222222,0.41379310344827586,0.29292929292929293,0.0,1.0,0.08080808080808081,2024.0,2025.0,B,3.0,C,1.0,B,3.0,B+,4.0,B+,4.0,C,1.0,B,3.0,A,5.0,False,False,False,2026-2026,0.5833,2026
3528858,Marapoama,3435,2026,2023,47616.30276564774,83.5169008735283,0.0,0.0,598.8771054273237,0.0,0.0,0.0,399.2514036182158,0.0,99.81285090455395,49.90642545227698,23,27,0.37037037037037035,0.5,0.37037037037037035,,,0.037037037037037035,2024.0,2025.0,C,1.0,C,1.0,C,1.0,B,3.0,C+,2.0,C,1.0,C,1.0,C,1.0,False,True,False,2026-2026,0.5833,2026
3528908,Mariápolis,3514,2026,2023,25684.405236198065,80.10725229826353,0.0,0.0,292.70672412391247,0.0,0.0,0.0,292.70672412391247,48.784454020652085,195.13781608260834,97.56890804130417,19,22,0.45454545454545453,1.0,0.22727272727272727,,,0.0,2024.0,2025.0,B,3.0,B,3.0,B,3.0,B,3.0,B+,4.0,B,3.0,B,3.0,B+,4.0,False,True,False,2026-2026,0.5833,2026
3529005,Marília,247992,2026,2023,50435.380980031616,95.51362199820063,4.147599231311609,8.986465001175153,394.7131935131548,38.71092615890835,2.0737996156558043,0.0,951.1827570474622,40.09345923601222,35.25459346614868,157.60877078984115,2362,3014,0.5640345056403451,0.5178197064989518,0.3165228931652289,3.7777777777777777,0.5833333333333334,0.08593231585932316,2024.0,2025.0,C,1.0,C,1.0,C,1.0,C+,2.0,C+,2.0,C,1.0,C,1.0,B,3.0,False,False,False,2026-2026,0.5833,2026
3529104,Marinópolis,1854,2026,2023,30401.83387270766,79.08187411263606,0.0,0.0,554.7850208044383,0.0,0.0,0.0,369.8566805362922,92.46417013407304,0.0,277.39251040221916,14,20,0.55,0.75,0.2,,,0.0,2024.0,2025.0,B,3.0,B,3.0,B,3.0,B,3.0,B+,4.0,C,1.0,C+,2.0,C,1.0,False,True,False,2026-2026,0.5833,2026
3529203,Martinópolis,25260,2026,2023,37585.74821852732,83.98777819067675,0.0,0.0,515.7787580590431,6.7865626060400395,6.7865626060400395,0.0,339.32813030200197,27.146250424160158,40.71937563624024,278.24906684764164,179,203,0.3694581280788177,0.43243243243243246,0.3645320197044335,2.0,0.3333333333333333,0.024630541871921183,2024.0,2025.0,C+,2.0,C,1.0,B,3.0,C+,2.0,B,3.0,C,1.0,C+,2.0,B+,4.0,False,False,False,2026-2026,0.5833,2026
3529302,Matão,81144,2026,2023,94237.15863156857,98.165030083609,2.112646300756327,4.225292601512654,293.65783580512954,40.14027971437022,4.225292601512654,0.0,819.7067646934549,59.15409642117716,29.57704821058858,88.73114463176576,635,741,0.5317139001349528,0.5451127819548872,0.358974358974359,1.7407407407407407,0.48148148148148145,0.11470985155195682,2024.0,2025.0,C+,2.0,C,1.0,C+,2.0,C+,2.0,B,3.0,C,1.0,B,3.0,A,5.0,False,False,False,2026-2026,0.5833,2026
3529401,Mauá,429064,2026,2023,58268.071896034155,100.0,3.196326355575325,5.993111916703735,269.29049545722114,248.11483335153463,45.947191361395305,1.9977039722345782,667.6326675207961,303.251462985209,23.17336607792111,45.14810977250147,4039,4284,0.7672735760971056,0.46621237932992615,0.4110644257703081,0.7337526205450734,0.2389937106918239,0.20728291316526612,2024.0,2025.0,C+,2.0,C,1.0,C+,2.0,C+,2.0,C+,2.0,C,1.0,C,1.0,B,3.0,False,False,False,2026-2026,0.5833,2026
3529500,Mendonça,6466,2026,2023,91825.70368079183,81.74568965517241,0.0,0.0,530.2461225752286,79.5369183862843,0.0,0.0,715.8322654765586,79.5369183862843,26.512306128761434,106.04922451504574,58,65,0.36923076923076925,0.43333333333333335,0.46153846153846156,0.25,0.0,0.1076923076923077,2024.0,2025.0,C+,2.0,C,1.0,B,3.0,C,1.0,B,3.0,C,1.0,C,1.0,C,1.0,False,False,False,2026-2026,0.5833,2026
3529609,Meridiano,4743,2026,2023,92251.31773139363,69.36446173800259,0.0,0.0,289.14791723140866,0.0,36.14348965392608,0.0,325.29140688533477,0.0,72.28697930785216,36.14348965392608,21,28,0.5357142857142857,0.4,0.35714285714285715,1.5,1.0,0.03571428571428571,2024.0,2025.0,C+,2.0,C,1.0,C+,2.0,B,3.0,B,3.0,C,1.0,C,1.0,C,1.0,False,True,False,2026-2026,0.5833,2026
3529658,Mesópolis,1992,2026,2023,54383.03212851405,77.83669141039236,86.05851979345955,0.0,516.3511187607573,0.0,0.0,0.0,258.1755593803787,0.0,0.0,172.1170395869191,12,15,0.4,0.6,0.3333333333333333,,,0.0,2024.0,2025.0,C+,2.0,C+,2.0,B,3.0,C,1.0,B,3.0,C+,2.0,C,1.0,C,1.0,False,True,False,2026-2026,0.5833,2026
3529708,Miguelópolis,19591,2026,2023,56816.803634321885,94.20077257835804,0.0,17.500747427754725,358.7653222689719,43.751868569386815,0.0,8.750373713877362,875.0373713877362,43.751868569386815,52.50224228326418,218.75934284693406,185,255,0.4823529411764706,0.5411764705882353,0.3333333333333333,1.8333333333333333,0.6666666666666666,0.058823529411764705,2024.0,2025.0,C,1.0,C,1.0,C+,2.0,C,1.0,B,3.0,C,1.0,C,1.0,C,1.0,False,False,False,2026-2026,0.5833,2026
3529807,Mineiros do Tietê,11297,2026,2023,27435.690891387094,95.5308190729357,15.174698719002517,0.0,485.59035900808055,30.349397438005035,0.0,0.0,515.9397564460855,45.52409615700754,60.69879487601007,75.87349359501259,81,94,0.3829787234042553,0.6470588235294118,0.3617021276595745,1.6666666666666667,0.6666666666666666,0.05319148936170213,2024.0,2025.0,C,1.0,C,1.0,C,1.0,C+,2.0,B,3.0,C,1.0,C,1.0,C,1.0,False,False,False,2026-2026,0.5833,2026
3529906,Miracatu,18549,2026,2023,30234.891368806944,51.40831390831391,9.241930639310551,18.483861278621102,425.1288094082854,120.14509831103717,27.72579191793166,73.93544511448441,924.1930639310551,36.967722557242205,184.83861278621106,120.14509831103717,210,239,0.4100418410041841,0.45714285714285713,0.2928870292887029,0.5471698113207547,0.03773584905660377,0.16317991631799164,2024.0,2025.0,C+,2.0,C+,2.0,B,3.0,C+,2.0,C,1.0,C,1.0,B,3.0,B+,4.0,False,False,False,2026-2026,0.5833,2026
3530003,Mira Estrela,3218,2026,2023,24002.486016159106,66.70212765957447,0.0,0.0,266.3588741898251,0.0,0.0,0.0,639.2612980555803,53.27177483796502,159.81532451389506,106.54354967593004,23,28,0.39285714285714285,0.4444444444444444,0.32142857142857145,,,0.10714285714285714,2024.0,2025.0,C+,2.0,C,1.0,C+,2.0,B,3.0,B,3.0,B,3.0,C,1.0,C,1.0,False,True,False,2026-2026,0.5833,2026
3530102,Mirandópolis,28770,2026,2023,34022.17587765033,88.9822799548812,17.875763444063757,5.9585878146879185,393.2667957694026,11.917175629375837,0.0,0.0,256.21927603158053,17.875763444063757,17.875763444063757,143.00610755251006,145,196,0.35714285714285715,0.425,0.20408163265306123,,,0.01020408163265306,2024.0,2025.0,C,1.0,C,1.0,B,3.0,C+,2.0,B,3.0,C,1.0,C,1.0,C+,2.0,False,False,False,2026-2026,0.5833,2026
3530201,Mirante do Paranapanema,15997,2026,2023,40701.881602800524,58.88387361510053,0.0,10.716295019601889,492.94957090168685,0.0,0.0,0.0,717.9917663133266,53.58147509800944,0.0,117.87924521562078,130,152,0.26973684210526316,0.673469387755102,0.3223684210526316,0.0,0.75,0.07236842105263158,2024.0,2025.0,B,3.0,C,1.0,C+,2.0,B+,4.0,B+,4.0,B,3.0,A,5.0,A,5.0,False,False,False,2026-2026,0.5833,2026
3530300,Mirassol,66102,2026,2023,50617.04638286285,97.4736020226056,2.5933946238929444,12.966973119464724,365.6686419689052,33.71413011060828,5.186789247785889,0.0,599.0741581192702,44.08770860618006,44.08770860618006,124.48294194686135,475,589,0.5042444821731749,0.49696969696969695,0.2801358234295416,2.2857142857142856,0.7857142857142857,0.06791171477079797,2024.0,2025.0,C+,2.0,C,1.0,B,3.0,B,3.0,C+,2.0,C,1.0,C,1.0,B,3.0,False,False,False,2026-2026,0.5833,2026
3530409,Mirassolândia,4795,2026,2023,78864.23357664233,81.30384167636787,0.0,0.0,572.0244302100402,35.751526888127515,0.0,0.0,464.7698495456576,35.751526888127515,35.751526888127515,71.50305377625503,34,43,0.4186046511627907,0.5,0.27906976744186046,,,0.023255813953488372,2024.0,2025.0,C,1.0,C,1.0,C+,2.0,B,3.0,B,3.0,C,1.0,C,1.0,C,1.0,False,True,False,2026-2026,0.5833,2026
3530508,Mococa,69415,2026,2023,57834.08485197724,92.24468245587568,0.0,9.878474187341146,498.86294646072787,37.0442782025293,12.348092734176433,0.0,898.9411510480444,49.39237093670573,27.165804015188154,190.16062810631706,698,866,0.5542725173210161,0.6161137440758294,0.24364896073903003,0.6176470588235294,0.2647058823529412,0.07967667436489607,2024.0,2025.0,C,1.0,C,1.0,C,1.0,C+,2.0,C+,2.0,C,1.0,C,1.0,B+,4.0,False,False,False,2026-2026,0.5833,2026
3530607,Mogi das Cruzes,472255,2026,2023,55208.56740532128,92.14346315813904,5.808000217800007,7.26000027225001,407.649015286838,151.73400569002519,23.95800089842503,1.8150000680625025,826.914031009276,95.10600356647512,36.663001374862546,58.44300219161258,4450,4876,0.6890894175553732,0.4982473710565849,0.40955701394585725,2.1494661921708187,0.3167259786476868,0.17555373256767842,2024.0,2025.0,C,1.0,C,1.0,B,3.0,C+,2.0,C+,2.0,C+,2.0,C,1.0,B+,4.0,False,False,False,2026-2026,0.5833,2026
3530706,Mogi Guaçu,160841,2026,2023,58653.19166133014,94.93606324456265,2.131652643648963,17.053221149191703,393.28991275323364,68.21288459676681,20.250700114665147,1.0658263218244814,946.4537737801395,168.40055884826808,19.184873792840666,130.03081126258675,1657,2057,0.6101118133203695,0.5441176470588235,0.2975206611570248,0.7215189873417721,0.46835443037974683,0.0899368011667477,2024.0,2025.0,C,1.0,C,1.0,B,3.0,C,1.0,C+,2.0,C,1.0,B,3.0,B+,4.0,False,False,False,2026-2026,0.5833,2026
3530805,Mogi Mirim,95929,2026,2023,84361.54864535229,93.57262585977688,7.148143790869139,12.509251634020995,321.66647058911127,103.64808496760253,16.083323529455562,0.0,802.379140525061,150.11101960825192,12.509251634020995,139.38880392194824,876,1062,0.5734463276836158,0.4816753926701571,0.35969868173258,1.178082191780822,0.4383561643835616,0.11864406779661017,2024.0,2025.0,C+,2.0,C,1.0,B+,4.0,C,1.0,B,3.0,B,3.0,B+,4.0,B+,4.0,False,False,False,2026-2026,0.5833,2026
3530904,Mombuca,3844,2026,2023,46615.244536940685,82.2106552357624,0.0,44.59640255686041,222.98201278430204,0.0,0.0,0.0,356.7712204548833,44.59640255686041,44.59640255686041,89.19280511372082,18,23,0.21739130434782608,0.42857142857142855,0.30434782608695654,0.0,0.0,0.0,2024.0,2025.0,C+,2.0,C+,2.0,B,3.0,C+,2.0,B,3.0,C,1.0,C,1.0,C,1.0,False,True,False,2026-2026,0.5833,2026
3531001,Monções,1941,2026,2023,40124.162802679035,86.11632270168855,0.0,0.0,529.9183042614263,0.0,0.0,0.0,176.63943475380879,0.0,88.31971737690439,88.31971737690439,10,12,0.5833333333333334,0.6,0.4166666666666667,,,0.0,2024.0,2025.0,C+,2.0,C,1.0,B+,4.0,B,3.0,B,3.0,C,1.0,C,1.0,C,1.0,False,True,False,2026-2026,0.5833,2026
3531100,Mongaguá,65321,2026,2023,23513.204023208462,99.56364893180395,2.624402128390126,20.995217027121008,635.1053150704105,325.4258639203756,31.49282554068151,0.0,2325.2202857536513,186.33255111569892,62.98565108136302,215.20097452799033,1450,1565,0.6728434504792332,0.4073529411764706,0.43450479233226835,1.0365853658536586,0.4268292682926829,0.14185303514376996,2024.0,2025.0,C+,2.0,C,1.0,C+,2.0,C,1.0,C,1.0,C,1.0,B+,4.0,C+,2.0,False,False,False,2026-2026,0.5833,2026
3531209,Monte Alegre do Sul,8967,2026,2023,33963.97903423665,57.20078299776287,19.11771734454906,0.0,363.23662954643214,19.11771734454906,0.0,0.0,401.4720642355303,19.11771734454906,19.11771734454906,0.0,44,52,0.34615384615384615,0.3,0.19230769230769232,,,0.23076923076923078,2024.0,2025.0,C,1.0,C,1.0,C,1.0,C,1.0,C,1.0,C,1.0,C,1.0,C,1.0,False,False,False,2026-2026,0.5833,2026
3531308,Monte Alto,48787,2026,2023,62778.6500502183,95.49976416105656,0.0,10.541449859300926,224.8842636650864,24.596716338368825,17.569083098834877,0.0,755.4705732498996,56.2210659162716,31.624349577902777,196.7737307069506,375,474,0.6012658227848101,0.5126050420168067,0.2510548523206751,0.48148148148148145,0.48148148148148145,0.06751054852320675,2024.0,2025.0,B,3.0,C,1.0,B,3.0,B,3.0,B,3.0,B+,4.0,B,3.0,B,3.0,False,False,False,2026-2026,0.5833,2026
3531407,Monte Aprazível,22684,2026,2023,45783.81237876917,91.06502345258896,7.557246139506764,37.78623069753382,589.4651988815275,0.0,0.0,0.0,423.20578381237874,22.671738418520288,52.90072297654734,98.24419981358793,163,205,0.4,0.5555555555555556,0.2634146341463415,3.5,0.5,0.02926829268292683,2024.0,2025.0,C,1.0,C,1.0,C+,2.0,C+,2.0,C+,2.0,C,1.0,C,1.0,C,1.0,False,False,False,2026-2026,0.5833,2026
3531506,Monte Azul Paulista,18314,2026,2023,52310.47286229114,93.56610849928688,0.0,9.360520444936737,449.3049813569634,0.0,0.0,0.0,383.7813382424062,18.721040889873475,84.24468400443064,243.37353156835516,127,155,0.34838709677419355,0.6666666666666666,0.15483870967741936,2.0,0.5,0.012903225806451613,2024.0,2025.0,C,1.0,C,1.0,C,1.0,C+,2.0,B,3.0,C,1.0,C,1.0,C,1.0,False,False,False,2026-2026,0.5833,2026
3531605,Monte Castelo,4311,2026,2023,37565.99396891672,79.03027319714496,39.76538423302515,0.0,556.7153792623521,0.0,0.0,0.0,636.2461477284024,39.76538423302515,39.76538423302515,0.0,33,40,0.275,0.6666666666666666,0.3,,,0.075,2024.0,2025.0,C+,2.0,C,1.0,B+,4.0,B,3.0,B,3.0,C+,2.0,C,1.0,C,1.0,False,True,False,2026-2026,0.5833,2026
3531704,Monteiro Lobato,4206,2026,2023,27078.22158820732,43.15533980582524,0.0,0.0,407.58100672508664,0.0,0.0,0.0,652.1296107601386,40.75810067250866,122.27430201752598,0.0,30,33,0.5454545454545454,0.6153846153846154,0.3939393939393939,1.0,0.0,0.0,2024.0,2025.0,C+,2.0,B,3.0,B,3.0,C+,2.0,C+,2.0,C+,2.0,C+,2.0,B+,4.0,False,True,False,2026-2026,0.5833,2026
3531803,Monte Mor,68311,2026,2023,88556.71853727804,93.93041737318434,10.03812395828323,10.03812395828323,353.8438695294838,57.71921276012857,22.585778906137264,0.0,391.4868343730459,102.8907705724031,47.68108880184534,60.228743749699376,421,479,0.5073068893528184,0.41784037558685444,0.44467640918580376,1.6326530612244898,0.2653061224489796,0.07515657620041753,2024.0,2025.0,C,1.0,C,1.0,B,3.0,C,1.0,C+,2.0,C,1.0,C,1.0,C,1.0,False,False,False,2026-2026,0.5833,2026
3531902,Morro Agudo,28485,2026,2023,69517.11427066877,95.84764390713008,18.054615211013314,18.054615211013314,403.2197397126307,30.091025351688856,24.072820281351085,0.0,734.2210185812082,30.091025351688856,60.18205070337771,294.89204844655086,268,481,0.6444906444906445,0.45918367346938777,0.20374220374220375,0.8181818181818182,0.0,0.08523908523908524,2024.0,2025.0,C,1.0,C,1.0,C,1.0,B,3.0,B,3.0,C,1.0,C+,2.0,B,3.0,False,False,False,2026-2026,0.5833,2026
3532009,Morungaba,14206,2026,2023,53895.607489793045,85.40232815022517,0.0,0.0,241.34671466784656,36.202007200176986,0.0,0.0,349.9527362683775,36.202007200176986,108.60602160053095,72.40401440035397,70,76,0.4473684210526316,0.65625,0.42105263157894735,0.0,0.0,0.05263157894736842,2024.0,2025.0,C,1.0,C,1.0,B+,4.0,C,1.0,C+,2.0,B,3.0,C,1.0,C,1.0,False,False,False,2026-2026,0.5833,2026
3532058,Motuca,4063,2026,2023,42093.77307408319,72.44755244755244,0.0,0.0,253.1556555676664,42.19260926127773,0.0,0.0,548.5039203966105,42.19260926127773,0.0,42.19260926127773,22,30,0.4666666666666667,0.25,0.13333333333333333,3.0,0.0,0.0,2024.0,2025.0,C,1.0,C,1.0,C,1.0,C+,2.0,B,3.0,C,1.0,C,1.0,C,1.0,False,True,False,2026-2026,0.5833,2026
3532108,Murutinga do Sul,3734,2026,2023,30389.394750937332,61.46679407548973,0.0,0.0,596.8321983319304,0.0,0.0,0.0,413.1915219221057,0.0,0.0,0.0,22,23,0.43478260869565216,0.6,0.21739130434782608,,,0.08695652173913043,2024.0,2025.0,C+,2.0,C,1.0,B,3.0,B,3.0,C+,2.0,C,1.0,C,1.0,C,1.0,False,True,False,2026-2026,0.5833,2026
3532157,Nantes,2696,2026,2023,70310.08902077151,89.8042113040266,0.0,0.0,445.1038575667656,0.0,0.0,0.0,317.931326833404,63.58626536668079,0.0,0.0,13,15,0.26666666666666666,0.5555555555555556,0.6,0.0,1.0,0.06666666666666667,2024.0,2025.0,C+,2.0,C,1.0,B,3.0,C+,2.0,B,3.0,C,1.0,C,1.0,C,1.0,False,True,False,2026-2026,0.5833,2026
3532207,Narandiba,5999,2026,2023,149367.72795465912,72.41138059701493,0.0,0.0,1000.1666944490747,0.0,0.0,0.0,571.5238253994712,0.0,57.15238253994713,0.0,57,58,0.3448275862068966,0.4090909090909091,0.3793103448275862,,,0.06896551724137931,2024.0,2025.0,B,3.0,C,1.0,B,3.0,C+,2.0,B,3.0,B,3.0,C,1.0,C,1.0,False,False,False,2026-2026,0.5833,2026
3532306,Natividade da Serra,7164,2026,2023,22253.6292573981,41.74902665468704,23.929169657812874,71.78750897343862,167.50418760469012,23.929169657812874,0.0,0.0,574.300071787509,0.0,0.0,0.0,36,40,0.425,0.6111111111111112,0.45,,,0.125,2024.0,2025.0,C,1.0,C,1.0,C+,2.0,C+,2.0,C+,2.0,C,1.0,C,1.0,B+,4.0,False,False,False,2026-2026,0.5833,2026
3532405,Nazaré Paulista,18729,2026,2023,31790.80570238667,84.75082246862435,0.0,0.0,247.1339328619482,73.22486899613281,45.765543122583004,0.0,640.7176037161621,36.612434498066406,45.765543122583004,18.306217249033203,121,133,0.48120300751879697,0.5714285714285714,0.42105263157894735,1.4166666666666667,0.25,0.20300751879699247,2024.0,2025.0,C,1.0,C,1.0,C+,2.0,B,3.0,C,1.0,C,1.0,C,1.0,B,3.0,False,False,False,2026-2026,0.5833,2026
3532504,Neves Paulista,9981,2026,2023,38532.411582005814,90.24167806657547,0.0,0.0,360.6853020739405,17.175490574949546,0.0,0.0,154.57941517454591,0.0,68.70196229979818,51.52647172484864,38,44,0.36363636363636365,0.2857142857142857,0.1590909090909091,,,0.022727272727272728,2024.0,2025.0,C+,2.0,C,1.0,B,3.0,B,3.0,B+,4.0,C,1.0,C,1.0,C,1.0,False,False,False,2026-2026,0.5833,2026
3532603,Nhandeara,9888,2026,2023,51361.448220064725,81.00699300699301,0.0,0.0,312.0665742024965,17.337031900138697,0.0,0.0,554.7850208044383,34.674063800277395,34.674063800277395,69.34812760055479,59,72,0.2916666666666667,0.7083333333333334,0.3333333333333333,0.0,0.0,0.027777777777777776,2024.0,2025.0,C+,2.0,B,3.0,C,1.0,C,1.0,B,3.0,C+,2.0,C,1.0,C+,2.0,False,False,False,2026-2026,0.5833,2026
3532702,Nipoã,4891,2026,2023,29997.75097117154,88.83949461862424,0.0,0.0,350.4979992405876,0.0,0.0,0.0,175.2489996202938,0.0,35.04979992405877,0.0,16,19,0.10526315789473684,0.2,0.2631578947368421,,,0.0,2024.0,2025.0,C+,2.0,C,1.0,B,3.0,B,3.0,B,3.0,C,1.0,C+,2.0,C,1.0,False,True,False,2026-2026,0.5833,2026
3532801,Nova Aliança,6910,2026,2023,52314.03762662807,82.85520285180785,24.808765763903246,0.0,496.17531527806483,24.808765763903246,0.0,0.0,421.74901798635517,49.61753152780649,198.47012611122597,124.04382881951621,54,64,0.3125,0.8,0.234375,2.0,1.0,0.171875,2024.0,2025.0,B,3.0,C+,2.0,B,3.0,B+,4.0,B,3.0,C,1.0,C+,2.0,C,1.0,False,False,False,2026-2026,0.5833,2026
3532827,Nova Campina,8630,2026,2023,30214.71610660487,67.66881972988843,19.86426088395961,0.0,317.82817414335375,19.86426088395961,0.0,0.0,715.1133918225459,39.72852176791922,79.45704353583844,39.72852176791922,62,68,0.5,0.5384615384615384,0.38235294117647056,2.0,0.0,0.029411764705882353,2024.0,2025.0,C+,2.0,C+,2.0,B+,4.0,C,1.0,B,3.0,C,1.0,C,1.0,C,1.0,False,False,False,2026-2026,0.5833,2026
3532843,Nova Canaã Paulista,2053,2026,2023,27848.027277155383,41.62724692526017,0.0,0.0,417.50748034235613,83.50149606847121,0.0,0.0,250.50448820541365,0.0,0.0,0.0,9,11,0.36363636363636365,0.5,0.18181818181818182,,,0.09090909090909091,2024.0,2025.0,C+,2.0,C,1.0,B,3.0,B+,4.0,C+,2.0,C,1.0,C,1.0,C,1.0,False,True,False,2026-2026,0.5833,2026
3532868,Nova Castilho,1070,2026,2023,85259.81308411215,66.3111111111111,0.0,0.0,640.8544726301735,0.0,0.0,0.0,961.2817089452602,0.0,160.21361815754338,0.0,11,12,0.25,1.0,0.16666666666666666,,,0.0,2024.0,2025.0,C,1.0,C,1.0,C,1.0,C+,2.0,B,3.0,C,1.0,C,1.0,C,1.0,False,True,False,2026-2026,0.5833,2026
3532900,Nova Europa,9460,2026,2023,58816.06765327696,92.74193548387096,0.0,18.12141347025068,398.6710963455149,0.0,0.0,0.0,561.7638175777711,18.12141347025068,72.48565388100272,54.36424041075203,62,78,0.2948717948717949,0.6363636363636364,0.28205128205128205,,,0.10256410256410256,2024.0,2025.0,C,1.0,C,1.0,B,3.0,C+,2.0,B,3.0,C,1.0,C,1.0,C,1.0,False,False,False,2026-2026,0.5833,2026
3533007,Nova Granada,19741,2026,2023,37097.46213464363,92.67466110531804,0.0,0.0,512.3492079573332,17.36776976126553,0.0,0.0,599.1880567636607,8.683884880632766,52.10330928379659,34.73553952253106,141,164,0.23780487804878048,0.48936170212765956,0.2865853658536585,2.0,1.0,0.07317073170731707,2024.0,2025.0,C+,2.0,C,1.0,B,3.0,C,1.0,B,3.0,C,1.0,C,1.0,C,1.0,False,False,False,2026-2026,0.5833,2026
3533106,Nova Guataporanga,2187,2026,2023,21696.84499314129,86.81672025723472,0.0,0.0,235.15579071134627,0.0,0.0,0.0,78.38526357044876,0.0,0.0,0.0,4,5,0.6,0.5,0.4,,,0.0,2024.0,2025.0,C+,2.0,C,1.0,B,3.0,B,3.0,B,3.0,B,3.0,B,3.0,C,1.0,False,True,False,2026-2026,0.5833,2026
3533205,Nova Independência,4894,2026,2023,58426.440539436044,79.72620599739244,0.0,35.028314554264696,315.25483098838225,35.028314554264696,0.0,0.0,280.22651643411757,35.028314554264696,70.05662910852939,105.08494366279407,25,37,0.32432432432432434,0.46153846153846156,0.35135135135135137,,,0.02702702702702703,2024.0,2025.0,C,1.0,C,1.0,C+,2.0,C,1.0,B,3.0,C,1.0,C,1.0,C,1.0,False,True,False,2026-2026,0.5833,2026
3533254,Novais,4457,2026,2023,23672.201032084362,91.04965156794424,0.0,38.462771242668026,307.7021699413442,0.0,0.0,0.0,307.7021699413442,0.0,38.462771242668026,0.0,18,20,0.4,0.7777777777777778,0.45,,,0.05,2024.0,2025.0,C,1.0,C,1.0,B,3.0,B,3.0,B,3.0,C,1.0,C,1.0,C,1.0,False,True,False,2026-2026,0.5833,2026
3533304,Nova Luzitânia,2799,2026,2023,25037.513397642015,89.7122929380994,61.24636349716736,0.0,489.97090797733887,0.0,0.0,0.0,306.2318174858368,0.0,61.24636349716736,183.73909049150205,18,22,0.22727272727272727,0.5,0.36363636363636365,,,0.0,2024.0,2025.0,C+,2.0,C,1.0,B,3.0,B,3.0,B,3.0,B,3.0,B,3.0,C,1.0,False,True,False,2026-2026,0.5833,2026
3533403,Nova Odessa,64924,2026,2023,86459.50649990758,98.37047734280472,7.921349798005579,5.280899865337053,298.37084239154353,63.37079838404463,26.40449932668527,10.561799730674107,710.2810318878336,166.34834575811718,29.044949259353793,66.01124831671316,524,633,0.6050552922590837,0.47465437788018433,0.34281200631911535,0.9859154929577465,0.49295774647887325,0.10268562401263823,2024.0,2025.0,C+,2.0,C,1.0,C,1.0,C+,2.0,C+,2.0,B,3.0,B,3.0,C,1.0,False,False,False,2026-2026,0.5833,2026
3533502,Novo Horizonte,39548,2026,2023,58505.68928896531,93.04511791872764,0.0,17.33878541808146,381.4532791977922,8.66939270904073,4.334696354520365,0.0,619.8615786964123,26.008178127122193,17.33878541808146,182.05724688985535,290,359,0.3816155988857939,0.44545454545454544,0.3064066852367688,0.8461538461538461,0.6153846153846154,0.11142061281337047,2024.0,2025.0,B,3.0,B,3.0,B,3.0,B,3.0,B,3.0,C,1.0,C,1.0,B,3.0,False,False,False,2026-2026,0.5833,2026
3533601,Nuporanga,7587,2026,2023,162849.2157638065,90.72905970368195,0.0,0.0,384.1156866067898,22.595040388634693,0.0,0.0,632.6611308817714,158.16528272044286,0.0,203.35536349771226,62,95,0.4,0.75,0.16842105263157894,1.75,0.5,0.08421052631578947,2024.0,2025.0,C,1.0,C,1.0,B,3.0,C+,2.0,B,3.0,C,1.0,C,1.0,C,1.0,False,False,False,2026-2026,0.5833,2026
3533700,Ocauçu,4423,2026,2023,37058.557540131136,79.84626471294739,0.0,38.75843803494719,271.3090662446303,0.0,0.0,0.0,426.34281838441905,0.0,38.75843803494719,116.27531410484157,23,27,0.4444444444444444,0.2857142857142857,0.25925925925925924,,,0.0,2024.0,2025.0,C,1.0,C,1.0,B,3.0,B,3.0,C+,2.0,C,1.0,C,1.0,C,1.0,False,True,False,2026-2026,0.5833,2026
3533809,Óleo,2530,2026,2023,56605.533596837944,65.95585484474373,0.0,0.0,474.3083003952569,67.75832862789385,0.0,0.0,474.3083003952569,0.0,0.0,0.0,15,15,0.4666666666666667,0.0,0.3333333333333333,,,0.0,2024.0,2025.0,C,1.0,C,1.0,B,3.0,B,3.0,B,3.0,C,1.0,C,1.0,C,1.0,False,True,False,2026-2026,0.5833,2026
3533908,Olímpia,57028,2026,2023,62595.14624395034,94.4426675195906,3.006042144710869,12.024168578843476,438.8821531277868,48.0966743153739,0.0,0.0,673.3534404152346,36.072505736530424,72.14501147306085,168.33836010380864,483,559,0.46332737030411447,0.48,0.31305903398926654,2.0,0.1111111111111111,0.11806797853309481,2024.0,2025.0,B,3.0,C+,2.0,B+,4.0,B,3.0,C+,2.0,C,1.0,B,3.0,B,3.0,False,False,False,2026-2026,0.5833,2026
3534005,Onda Verde,4969,2026,2023,74580.19722278124,78.3470648815654,0.0,68.99922375873271,379.4957306730299,34.499611879366356,34.499611879366356,0.0,689.992237587327,103.49883563809907,34.499611879366356,0.0,39,44,0.36363636363636365,0.2727272727272727,0.25,7.0,0.0,0.0,2024.0,2025.0,C,1.0,C,1.0,B,3.0,C,1.0,B,3.0,C,1.0,C,1.0,C,1.0,False,True,False,2026-2026,0.5833,2026
3534104,Oriente,6180,2026,2023,31404.368932038837,93.4065934065934,0.0,27.73925104022191,221.91400832177527,27.73925104022191,0.0,0.0,332.87101248266293,0.0,27.73925104022191,110.95700416088764,27,31,0.41935483870967744,0.25,0.25806451612903225,,,0.06451612903225806,2024.0,2025.0,B,3.0,B,3.0,B,3.0,B,3.0,B,3.0,C,1.0,C,1.0,C,1.0,False,False,False,2026-2026,0.5833,2026
3534203,Orindiúva,6167,2026,2023,134647.31636127777,92.0352422907489,0.0,0.0,277.97725219486205,0.0,0.0,0.0,416.96587829229304,27.797725219486207,0.0,0.0,26,29,0.20689655172413793,0.5833333333333334,0.41379310344827586,6.0,0.0,0.034482758620689655,2024.0,2025.0,C+,2.0,C,1.0,B+,4.0,B,3.0,B+,4.0,C+,2.0,C,1.0,C,1.0,False,False,False,2026-2026,0.5833,2026
3534302,Orlândia,39099,2026,2023,83062.1755032098,97.4233930770971,4.384474575528055,0.0,363.9113897688286,8.76894915105611,8.76894915105611,0.0,377.06481349541275,35.07579660422444,17.53789830211222,122.76528811478555,214,323,0.5634674922600619,0.6527777777777778,0.22291021671826625,1.4545454545454546,0.2727272727272727,0.030959752321981424,2024.0,2025.0,C+,2.0,C,1.0,C+,2.0,B,3.0,B,3.0,C,1.0,C+,2.0,C+,2.0,False,False,False,2026-2026,0.5833,2026
3534401,Osasco,761441,2026,2023,156813.26983968556,100.0,2.926781495311427,4.953014838219338,301.0082199408752,415.37783529612176,45.47768169637756,19.361785276675597,1042.8347604832716,325.32302005577014,18.911511200473836,56.28425952521975,9916,10614,0.789711701526286,0.4817785927114371,0.4110608630111174,1.0511182108626198,0.336741214057508,0.25956284153005466,2024.0,2025.0,C+,2.0,C,1.0,B,3.0,C+,2.0,B,3.0,C,1.0,C+,2.0,B+,4.0,False,False,False,2026-2026,0.5833,2026
3534500,Oscar Bressane,2500,2026,2023,49359.6,82.73551438707133,0.0,0.0,68.57142857142856,0.0,0.0,0.0,617.1428571428571,0.0,0.0,0.0,10,11,0.36363636363636365,0.3333333333333333,0.2727272727272727,,,0.2727272727272727,2024.0,2025.0,C,1.0,C,1.0,B,3.0,C+,2.0,C+,2.0,C,1.0,C,1.0,C+,2.0,False,True,False,2026-2026,0.5833,2026
3534609,Osvaldo Cruz,32123,2026,2023,50283.22385829468,89.85994760164311,0.0,5.3366301848697635,256.1582488737486,10.673260369739527,0.0,0.0,453.6135657139299,5.3366301848697635,10.673260369739527,85.38608295791622,155,257,0.4980544747081712,0.40384615384615385,0.20233463035019456,,,0.0311284046692607,2024.0,2025.0,C,1.0,C,1.0,B,3.0,B,3.0,C+,2.0,C+,2.0,C,1.0,B,3.0,False,False,False,2026-2026,0.5833,2026
3534708,Ourinhos,106941,2026,2023,45845.484893539426,97.41738244285922,4.809060269547828,14.427180808643483,447.242605067948,41.67852233608117,3.2060401796985514,1.6030200898492757,878.4550092374033,48.090602695478275,49.693622785327555,235.64395320784357,1076,1385,0.5212996389891696,0.4331896551724138,0.33501805054151623,2.6956521739130435,0.7391304347826086,0.07292418772563176,2024.0,2025.0,C,1.0,C,1.0,B,3.0,C,1.0,C,1.0,C,1.0,C,1.0,C+,2.0,False,False,False,2026-2026,0.5833,2026
3534757,Ouroeste,10717,2026,2023,62586.07819352431,89.77989292088043,15.99594769325104,15.99594769325104,495.87437849078225,0.0,0.0,0.0,623.8419600367906,0.0,95.97568615950625,63.98379077300416,82,106,0.39622641509433965,0.4146341463414634,0.3867924528301887,,,0.018867924528301886,2024.0,2025.0,C+,2.0,C+,2.0,C+,2.0,C+,2.0,B+,4.0,C,1.0,C,1.0,C,1.0,False,False,False,2026-2026,0.5833,2026
3534807,Ouro Verde,7899,2026,2023,23660.083554880366,92.0,0.0,21.702566328468343,455.75389289783516,0.0,0.0,0.0,564.2667245401769,0.0,43.405132656936686,108.51283164234171,55,64,0.359375,0.36363636363636365,0.171875,,,0.046875,2024.0,2025.0,C+,2.0,C+,2.0,B,3.0,B,3.0,C+,2.0,C,1.0,C+,2.0,C+,2.0,False,False,False,2026-2026,0.5833,2026
3534906,Pacaembu,15322,2026,2023,18616.629682809034,73.68062906396491,22.37678781210957,0.0,302.0866354634792,11.188393906054785,0.0,0.0,246.1446659332053,0.0,22.37678781210957,246.1446659332053,76,114,0.24561403508771928,0.25,0.21052631578947367,,,0.017543859649122806,2024.0,2025.0,C+,2.0,C,1.0,B,3.0,B,3.0,B,3.0,C,1.0,C,1.0,C+,2.0,False,False,False,2026-2026,0.5833,2026
3535002,Palestina,11717,2026,2023,51493.385678928054,83.14179712243237,14.630756288177128,29.261512576354257,468.1842012216681,29.261512576354257,0.0,0.0,395.0304197807825,29.261512576354257,58.52302515270851,0.0,70,79,0.24050632911392406,0.4594594594594595,0.46835443037974683,3.0,0.0,0.02531645569620253,2024.0,2025.0,C+,2.0,C,1.0,B,3.0,C,1.0,B,3.0,C+,2.0,C,1.0,C,1.0,False,False,False,2026-2026,0.5833,2026
3535101,Palmares Paulista,9627,2026,2023,21776.877531941416,97.1190781049936,17.80706049948805,17.80706049948805,641.0541779815696,0.0,0.0,0.0,249.29884699283267,0.0,35.6141209989761,106.84236299692829,60,70,0.35714285714285715,0.3333333333333333,0.17142857142857143,,,0.07142857142857142,2024.0,2025.0,C,1.0,C,1.0,C+,2.0,B,3.0,B,3.0,C,1.0,C,1.0,C,1.0,False,False,False,2026-2026,0.5833,2026
3535200,Palmeira d'Oeste,8951,2026,2023,34506.08870517261,75.8347245409015,0.0,0.0,229.8226854142394,38.303780902373234,19.151890451186617,0.0,383.03780902373234,19.151890451186617,19.151890451186617,57.45567135355985,40,51,0.49019607843137253,0.42857142857142855,0.4117647058823529,,,0.058823529411764705,2024.0,2025.0,C,1.0,C,1.0,C,1.0,C,1.0,B,3.0,C,1.0,C,1.0,C,1.0,False,False,False,2026-2026,0.5833,2026
3535309,Palmital,19666,2026,2023,71484.1350554256,91.69734730482394,17.434005026804783,8.717002513402392,444.5671281835219,0.0,8.717002513402392,0.0,801.9642312330201,8.717002513402392,8.717002513402392,278.94408042887653,181,211,0.32701421800947866,0.5476190476190477,0.3981042654028436,24.0,0.0,0.03317535545023697,2024.0,2025.0,B,3.0,C,1.0,B+,4.0,B,3.0,B+,4.0,B,3.0,B,3.0,B+,4.0,False,False,False,2026-2026,0.5833,2026
3535408,Panorama,15239,2026,2023,26061.6182164184,97.13364876911471,0.0,0.0,562.4666035454144,11.249332070908288,11.249332070908288,0.0,854.9492373890299,33.747996212724864,56.24666035454145,67.49599242544973,142,162,0.35185185185185186,0.4339622641509434,0.3271604938271605,1.3333333333333333,0.6666666666666666,0.13580246913580246,2024.0,2025.0,C,1.0,C,1.0,C,1.0,C+,2.0,B,3.0,C,1.0,C,1.0,C,1.0,False,False,False,2026-2026,0.5833,2026
3535507,Paraguaçu Paulista,42014,2026,2023,74591.85033560242,90.6239651828374,4.080272562207155,8.16054512441431,420.26807390733694,24.481635373242934,0.0,0.0,844.6164203768811,20.401362811035778,16.32109024882862,73.4449061197288,346,398,0.39195979899497485,0.6015625,0.32160804020100503,2.0,0.75,0.11055276381909548,2024.0,2025.0,C+,2.0,C,1.0,B,3.0,C+,2.0,B,3.0,B,3.0,C+,2.0,C,1.0,False,False,False,2026-2026,0.5833,2026
3535606,Paraibuna,17968,2026,2023,22738.70213713268,30.147227973314926,9.540770894288258,9.540770894288258,543.8239409744307,0.0,0.0,0.0,734.6393588601959,28.622312682864774,76.32616715430606,66.7853962600178,154,174,0.47701149425287354,0.5606060606060606,0.3793103448275862,0.25,0.5,0.06321839080459771,2024.0,2025.0,C,1.0,C,1.0,B,3.0,C+,2.0,B,3.0,C,1.0,C,1.0,B,3.0,False,False,False,2026-2026,0.5833,2026
3535705,Paraíso,6224,2026,2023,70063.62467866324,87.96202102407595,0.0,27.54315093646713,165.25890561880277,0.0,0.0,0.0,330.51781123760554,55.08630187293426,27.54315093646713,27.54315093646713,23,27,0.5555555555555556,0.2222222222222222,0.3333333333333333,0.0,0.75,0.037037037037037035,2024.0,2025.0,C,1.0,C,1.0,B+,4.0,C+,2.0,B,3.0,C,1.0,C,1.0,B,3.0,False,False,False,2026-2026,0.5833,2026
3535804,Paranapanema,19901,2026,2023,61431.43560625094,81.29492362982928,8.614068209063435,0.0,706.3535931432017,34.45627283625374,0.0,0.0,430.7034104531717,43.07034104531717,51.68440925438061,94.75475029969778,159,196,0.4336734693877551,0.45454545454545453,0.22448979591836735,16.5,0.5,0.061224489795918366,2024.0,2025.0,C+,2.0,B+,4.0,B,3.0,C,1.0,C,1.0,C,1.0,C+,2.0,B,3.0,False,False,False,2026-2026,0.5833,2026
3535903,Paranapuã,4125,2026,2023,38946.181818181816,88.9646133682831,0.0,0.0,374.02597402597405,0.0,0.0,0.0,290.9090909090909,41.55844155844156,207.7922077922078,457.14285714285717,33,42,0.40476190476190477,0.625,0.38095238095238093,,,0.023809523809523808,2024.0,2025.0,C+,2.0,B+,4.0,C+,2.0,C+,2.0,B+,4.0,C,1.0,C,1.0,C,1.0,False,True,False,2026-2026,0.5833,2026
3536000,Parapuã,10712,2026,2023,107389.46975354743,82.03614902250092,0.0,0.0,368.0785234183292,16.00341406166649,0.0,0.0,656.139976528326,0.0,16.00341406166649,48.01024218499946,69,82,0.24390243902439024,0.4,0.36585365853658536,,,0.06097560975609756,2024.0,2025.0,B,3.0,C,1.0,B+,4.0,B,3.0,B+,4.0,C,1.0,C,1.0,C+,2.0,False,False,False,2026-2026,0.5833,2026
3536109,Pardinho,7482,2026,2023,68961.64127238706,78.62773199570047,0.0,22.912131973880168,481.15477145148355,0.0,45.824263947760336,0.0,595.7154313208845,45.824263947760336,45.824263947760336,45.824263947760336,56,71,0.4225352112676056,0.55,0.28169014084507044,1.5714285714285714,0.14285714285714285,0.1267605633802817,2024.0,2025.0,C,1.0,C,1.0,C+,2.0,C,1.0,C,1.0,C,1.0,C,1.0,C,1.0,False,False,False,2026-2026,0.5833,2026
3536208,Pariquera-Açu,19627,2026,2023,38370.45906149692,68.63818714084354,8.734323708593847,34.937294834375386,419.2475380125046,52.405942251563076,8.734323708593847,0.0,768.6204863562584,34.937294834375386,69.87458966875077,192.1551215890646,182,206,0.4320388349514563,0.3956043956043956,0.441747572815534,3.0,1.0,0.07281553398058252,2024.0,2025.0,B,3.0,C+,2.0,B+,4.0,C,1.0,B,3.0,B,3.0,C+,2.0,B,3.0,False,False,False,2026-2026,0.5833,2026
3536257,Parisi,3056,2026,2023,22228.730366492146,80.85629921259843,0.0,0.0,785.3403141361256,0.0,0.0,0.0,1234.1062079281974,0.0,0.0,224.3829468960359,40,44,0.22727272727272727,0.3333333333333333,0.3409090909090909,,,0.11363636363636363,2024.0,2025.0,C+,2.0,C,1.0,B,3.0,B,3.0,C+,2.0,C,1.0,B,3.0,C+,2.0,False,True,False,2026-2026,0.5833,2026
3536307,Patrocínio Paulista,14934,2026,2023,123879.20182134726,80.76153846153846,34.437238133501694,22.958158755667796,332.89330195718304,11.479079377833898,0.0,0.0,780.5773976927051,80.35355564483729,34.437238133501694,103.31171440050508,122,203,0.5270935960591133,0.631578947368421,0.28078817733990147,1.0909090909090908,0.36363636363636365,0.06896551724137931,2024.0,2025.0,C+,2.0,C,1.0,B,3.0,B,3.0,B,3.0,C,1.0,C,1.0,C+,2.0,False,False,False,2026-2026,0.5833,2026
3536406,Paulicéia,8303,2026,2023,38828.61616283271,83.13614134721566,0.0,0.0,247.758985564598,0.0,0.0,0.0,371.63847834689693,0.0,41.29316426076633,165.17265704306533,40,51,0.43137254901960786,0.5714285714285714,0.27450980392156865,,,0.13725490196078433,2024.0,2025.0,C,1.0,C,1.0,B,3.0,C+,2.0,B+,4.0,C,1.0,C,1.0,C,1.0,False,False,False,2026-2026,0.5833,2026
3536505,Paulínia,117554,2026,2023,570523.3339571601,99.90748180069632,2.9165927391423754,10.208074586998315,347.0745359579427,64.16504026113226,16.041260065283065,5.833185478284751,968.3087893952688,90.41437491341365,33.540816500137325,103.53904223955435,1126,1286,0.6150855365474339,0.5399159663865546,0.3701399688958009,2.135135135135135,0.24324324324324326,0.19129082426127528,2024.0,2025.0,B,3.0,B,3.0,B+,4.0,B,3.0,B,3.0,B,3.0,A,5.0,C+,2.0,False,False,False,2026-2026,0.5833,2026
3536570,Paulistânia,2166,2026,2023,34397.96860572484,68.12816188870153,0.0,0.0,791.4523149980214,0.0,0.0,0.0,633.1618519984171,0.0,0.0,0.0,18,22,0.45454545454545453,0.5,0.2727272727272727,,,0.045454545454545456,2024.0,2025.0,C+,2.0,C,1.0,B,3.0,B,3.0,B,3.0,C+,2.0,B+,4.0,C,1.0,False,True,False,2026-2026,0.5833,2026
3536604,Paulo de Faria,7354,2026,2023,57947.5115583356,90.23169169868436,0.0,0.0,629.3950813939935,0.0,0.0,0.0,303.04207622673755,23.310928940518277,46.621857881036554,93.24371576207311,47,56,0.19642857142857142,0.5,0.10714285714285714,,,0.017857142857142856,2024.0,2025.0,C,1.0,C,1.0,C+,2.0,C+,2.0,B,3.0,C,1.0,C,1.0,B,3.0,False,False,False,2026-2026,0.5833,2026
3536703,Pederneiras,46439,2026,2023,82698.18471543315,92.99949393932091,14.765914117752013,7.3829570588760065,439.2859450031224,40.60626382381803,3.6914785294380033,0.0,1026.2310311837648,59.06365647100805,55.372177941570044,166.11653382471013,491,595,0.4857142857142857,0.4888888888888889,0.3025210084033613,3.9,0.4,0.06050420168067227,2024.0,2025.0,C+,2.0,C,1.0,C+,2.0,B,3.0,B,3.0,C,1.0,B,3.0,C+,2.0,False,False,False,2026-2026,0.5833,2026
3536802,Pedra Bela,6768,2026,2023,21803.93026004728,24.91349480968858,0.0,0.0,202.63424518743665,0.0,0.0,0.0,405.2684903748733,0.0,101.31712259371832,25.32928064842958,29,31,0.1935483870967742,0.35714285714285715,0.45161290322580644,,,0.06451612903225806,2024.0,2025.0,C,1.0,C,1.0,B+,4.0,C,1.0,C,1.0,C,1.0,C,1.0,C,1.0,False,False,False,2026-2026,0.5833,2026
3536901,Pedranópolis,2863,2026,2023,40841.07579462103,62.19702892885066,0.0,0.0,59.877251634149985,0.0,0.0,0.0,419.14076143904987,0.0,119.75450326829997,0.0,10,10,0.0,1.0,0.1,,,0.0,2024.0,2025.0,C+,2.0,C,1.0,C+,2.0,B,3.0,C+,2.0,C,1.0,C,1.0,B,3.0,False,True,False,2026-2026,0.5833,2026
3537008,Pedregulho,15732,2026,2023,90102.2120518688,73.77707006369427,0.0,10.896807235480004,359.59463877084016,54.48403617740002,0.0,0.0,828.1573498964804,43.58722894192002,21.79361447096001,108.96807235480004,131,155,0.3935483870967742,0.5192307692307693,0.33548387096774196,1.75,0.75,0.08387096774193549,2024.0,2025.0,C+,2.0,C,1.0,C+,2.0,C+,2.0,C+,2.0,B,3.0,C,1.0,C+,2.0,False,False,False,2026-2026,0.5833,2026
3537107,Pedreira,44433,2026,2023,40899.60164742421,99.16020982722942,3.8581363272471236,7.716272654494247,331.7997241432526,23.148817963482742,38.581363272471236,0.0,443.6856776334192,46.297635926965484,34.72322694522411,200.6230890168504,293,344,0.5116279069767442,0.4594594594594595,0.21511627906976744,1.7647058823529411,0.5882352941176471,0.11627906976744186,2024.0,2025.0,B,3.0,C,1.0,B,3.0,B,3.0,B+,4.0,B,3.0,B+,4.0,A,5.0,False,False,False,2026-2026,0.5833,2026
3537156,Pedrinhas Paulista,2829,2026,2023,62908.094733121245,84.35374149659864,60.596879260718076,0.0,242.3875170428723,0.0,0.0,0.0,545.3719133464626,0.0,0.0,60.596879260718076,15,16,0.4375,0.5,0.125,,,0.0,2024.0,2025.0,C+,2.0,C,1.0,B,3.0,B,3.0,B+,4.0,C,1.0,B,3.0,C,1.0,False,True,False,2026-2026,0.5833,2026
3537206,Pedro de Toledo,11650,2026,2023,17888.32618025751,68.92395139161114,0.0,14.714898835070507,559.1661557326793,0.0,0.0,14.714898835070507,412.0171673819742,29.429797670141014,73.57449417535254,73.57449417535254,80,91,0.32967032967032966,0.5428571428571428,0.38461538461538464,0.75,0.0,0.0989010989010989,2024.0,2025.0,C,1.0,C,1.0,C,1.0,C,1.0,C,1.0,C,1.0,C,1.0,C,1.0,False,False,False,2026-2026,0.5833,2026
3537305,Penápolis,63523,2026,2023,43184.04357476819,95.50846009229193,2.6986850657017367,13.493425328508682,404.8027598552605,10.794740262806947,0.0,0.0,677.3699514911359,18.89079545991216,32.38422078842084,167.31847407350767,492,659,0.49013657056145676,0.5308641975308642,0.24582701062215478,8.666666666666666,1.0,0.04552352048558422,2024.0,2025.0,C+,2.0,C,1.0,B,3.0,C+,2.0,C,1.0,C+,2.0,C,1.0,C,1.0,False,False,False,2026-2026,0.5833,2026
3537404,Pereira Barreto,24334,2026,2023,61471.97337059259,93.0814838554603,14.08963355211403,0.0,338.1512052507368,28.17926710422806,0.0,0.0,1035.5880660803812,14.08963355211403,35.22408388028508,98.6274348647982,222,277,0.38267148014440433,0.4431818181818182,0.3176895306859206,3.0,1.0,0.07220216606498195,2024.0,2025.0,C+,2.0,C,1.0,B,3.0,B,3.0,B+,4.0,C,1.0,C,1.0,B,3.0,False,False,False,2026-2026,0.5833,2026
3537503,Pereiras,9052,2026,2023,45345.00662836942,66.78293533673195,0.0,37.87639669212802,473.4549586516003,37.87639669212802,0.0,0.0,473.4549586516003,113.62919007638405,56.814595038192024,37.87639669212802,65,71,0.43661971830985913,0.7142857142857143,0.29577464788732394,2.0,0.6,0.028169014084507043,2024.0,2025.0,C+,2.0,C,1.0,C+,2.0,B,3.0,C+,2.0,C,1.0,C,1.0,C,1.0,False,False,False,2026-2026,0.5833,2026
3537602,Peruíbe,70891,2026,2023,33389.23135517908,98.8824385592157,9.672797473787726,16.92739557912852,691.6050193758224,280.51112673984403,31.43659178981011,2.4181993684469316,1750.7763427555785,142.67376273836894,72.54598105340794,449.78508253112926,1426,1510,0.6496688741721854,0.4109985528219971,0.45761589403973507,2.2295081967213113,0.5573770491803278,0.12781456953642384,2024.0,2025.0,C+,2.0,C,1.0,C+,2.0,B,3.0,B,3.0,C,1.0,C,1.0,C+,2.0,False,False,False,2026-2026,0.5833,2026
3537701,Piacatu,5638,2026,2023,28392.160340546292,88.19746548136939,0.0,0.0,152.02959509451173,30.405919018902345,0.0,0.0,334.4651092079258,0.0,0.0,60.81183803780469,19,23,0.17391304347826086,1.0,0.21739130434782608,,,0.08695652173913043,2024.0,2025.0,C+,2.0,C,1.0,B,3.0,B+,4.0,B,3.0,C,1.0,C,1.0,C,1.0,False,False,False,2026-2026,0.5833,2026
3537800,Piedade,54291,2026,2023,33885.026984214695,45.5669984465796,0.0,3.1575872875535795,227.34628470385778,41.04863473819654,18.94552372532148,0.0,726.2450761373234,37.89104745064296,34.733460163089376,116.83072963948247,382,422,0.4881516587677725,0.5704225352112676,0.33649289099526064,1.5,0.4166666666666667,0.12559241706161137,2024.0,2025.0,C,1.0,C,1.0,B,3.0,C,1.0,C,1.0,C,1.0,C,1.0,B,3.0,False,False,False,2026-2026,0.5833,2026
3537909,Pilar do Sul,28496,2026,2023,52737.01572150477,78.57305157918655,12.031763856581374,6.015881928290687,294.77821448624366,12.031763856581374,0.0,0.0,379.0005614823133,48.1270554263255,36.09529156974412,174.46057592042993,160,177,0.5084745762711864,0.6111111111111112,0.3050847457627119,0.4,0.6,0.0847457627118644,2024.0,2025.0,B,3.0,C+,2.0,B+,4.0,B,3.0,B,3.0,C,1.0,C,1.0,C,1.0,False,False,False,2026-2026,0.5833,2026
3538006,Pindamonhangaba,173267,2026,2023,78922.58768259392,96.40327902309602,11.872675449698194,14.840844312122742,331.44552297074125,85.08750738950373,36.60741596990276,3.9575584832327313,804.3737617170527,92.013234735161,37.59680559071095,73.21483193980552,1507,1654,0.620918984280532,0.5450081833060556,0.3694074969770254,0.993421052631579,0.5789473684210527,0.11064087061668681,2024.0,2025.0,B+,4.0,A,5.0,B,3.0,B,3.0,B,3.0,B,3.0,B+,4.0,A,5.0,False,False,False,2026-2026,0.5833,2026
3538105,Pindorama,14689,2026,2023,49921.43781060658,94.65389986036304,0.0,0.0,350.11621913385136,0.0,0.0,0.0,361.78675977164636,58.35270318897523,0.0,128.3759470157455,77,106,0.46226415094339623,0.38461538461538464,0.24528301886792453,5.0,0.3333333333333333,0.04716981132075472,2024.0,2025.0,C,1.0,C,1.0,B,3.0,C+,2.0,B,3.0,C,1.0,C,1.0,C,1.0,False,False,False,2026-2026,0.5833,2026
3538204,Pinhalzinho,15740,2026,2023,26455.20965692503,49.25600915681038,0.0,21.782537665638046,239.6079143220185,0.0,0.0,0.0,686.1499364675984,21.782537665638046,32.67380649845707,87.13015066255218,100,112,0.5,0.5957446808510638,0.41964285714285715,5.0,0.0,0.03571428571428571,2024.0,2025.0,C,1.0,C,1.0,C+,2.0,C+,2.0,B,3.0,C,1.0,C,1.0,C,1.0,False,False,False,2026-2026,0.5833,2026
3538303,Piquerobi,3279,2026,2023,30587.374199451053,75.45942889454341,0.0,0.0,209.12299045876352,0.0,0.0,0.0,365.9652333028362,0.0,0.0,104.56149522938176,13,18,0.5555555555555556,0.5,0.1111111111111111,,,0.0,2024.0,2025.0,B,3.0,B,3.0,B,3.0,B,3.0,B,3.0,B+,4.0,C+,2.0,C+,2.0,False,True,False,2026-2026,0.5833,2026
3538501,Piquete,12468,2026,2023,18235.563041385947,93.65563195576664,13.74948439433521,0.0,247.4907190980338,27.49896878867042,0.0,0.0,274.9896878867042,0.0,27.49896878867042,13.74948439433521,44,50,0.42,0.4,0.3,,,0.04,2024.0,2025.0,C,1.0,C,1.0,B,3.0,C,1.0,C+,2.0,C,1.0,C,1.0,C,1.0,False,False,False,2026-2026,0.5833,2026
3538600,Piracaia,26823,2026,2023,29804.607985683928,100.0,0.0,6.391103583811334,383.46621502868004,19.173310751434002,0.0,0.0,543.2438046239635,44.73772508667934,70.30213942192468,89.47545017335868,181,206,0.3737864077669903,0.48333333333333334,0.2912621359223301,6.0,0.25,0.06310679611650485,2024.0,2025.0,C+,2.0,C,1.0,B,3.0,C,1.0,C+,2.0,C,1.0,C,1.0,B+,4.0,False,False,False,2026-2026,0.5833,2026
3538709,Piracicaba,442635,2026,2023,100199.00821218385,97.85281879249858,1.9364552218935625,8.520402976331676,354.37130560652196,68.1632238106534,7.358529843195537,0.7745820887574251,691.7018052603805,90.62610438461873,15.878932819527211,199.06759681065822,3714,4283,0.4975484473499883,0.5021246458923513,0.32967546112537943,0.8931623931623932,0.2905982905982906,0.08825589540042027,2024.0,2025.0,C+,2.0,C,1.0,B,3.0,B,3.0,C,1.0,B,3.0,B,3.0,B,3.0,False,False,False,2026-2026,0.5833,2026
3538808,Piraju,30324,2026,2023,35899.914259332545,89.91747146619842,0.0,5.6532308214144384,463.5649273559839,11.306461642828877,0.0,0.0,423.9923116060829,28.266154107072193,39.57261574990107,130.02430889253208,195,231,0.341991341991342,0.4431818181818182,0.38095238095238093,1.4,0.8,0.06060606060606061,2024.0,2025.0,C+,2.0,C,1.0,B+,4.0,B,3.0,B,3.0,C,1.0,C,1.0,C,1.0,False,False,False,2026-2026,0.5833,2026
3538907,Pirajuí,22726,2026,2023,32465.414063187538,81.48784355179704,15.086559133025736,7.543279566512868,429.9669352912335,15.086559133025736,0.0,0.0,512.943010522875,15.086559133025736,52.80295696559008,128.23575263071876,156,195,0.2564102564102564,0.3695652173913043,0.2358974358974359,0.6666666666666666,1.0,0.06666666666666667,2024.0,2025.0,C,1.0,C,1.0,C+,2.0,C,1.0,C+,2.0,C,1.0,C,1.0,C,1.0,False,False,False,2026-2026,0.5833,2026
3539004,Pirangi,11093,2026,2023,48277.74272063463,89.69217735103078,0.0,30.907522118195516,309.07522118195516,61.81504423639103,0.0,0.0,479.0665928320305,92.72256635458655,46.361283177293274,46.361283177293274,69,74,0.35135135135135137,0.56,0.33783783783783783,1.75,0.25,0.14864864864864866,2024.0,2025.0,C,1.0,C,1.0,C,1.0,C,1.0,B,3.0,C+,2.0,C,1.0,C,1.0,False,False,False,2026-2026,0.5833,2026
3539103,Pirapora do Bom Jesus,19005,2026,2023,36480.61036569324,100.0,27.060547976096515,0.0,568.2715074980268,27.060547976096515,18.04036531739768,9.02018265869884,432.96876761754424,18.04036531739768,36.08073063479536,162.3632878565791,144,168,0.5178571428571429,0.5294117647058824,0.30357142857142855,2.1666666666666665,0.0,0.07142857142857142,2024.0,2025.0,C,1.0,C,1.0,C+,2.0,C,1.0,C+,2.0,C,1.0,C,1.0,B,3.0,False,False,False,2026-2026,0.5833,2026
3539202,Pirapozinho,26125,2026,2023,54006.81339712919,95.01093383008018,19.68557758031442,6.56185919343814,544.6343130553656,6.56185919343814,6.56185919343814,0.0,590.5673274094327,45.933014354066984,32.80929596719071,203.41763499658236,222,264,0.3484848484848485,0.5072463768115942,0.26136363636363635,2.6666666666666665,0.8333333333333334,0.06818181818181818,2024.0,2025.0,C+,2.0,C,1.0,B,3.0,C+,2.0,B+,4.0,B,3.0,C,1.0,C+,2.0,False,False,False,2026-2026,0.5833,2026
3539301,Pirassununga,75701,2026,2023,56860.71518209799,91.63111256974072,2.2645483075332082,6.793644922599626,409.88324366351077,29.43912799793171,11.322741537666042,2.2645483075332082,686.1581371825622,67.93644922599626,13.587289845199251,174.37021968005703,620,707,0.5756718528995757,0.5555555555555556,0.28005657708628007,1.46875,0.40625,0.055162659123055166,2024.0,2025.0,C,1.0,C,1.0,C+,2.0,C+,2.0,C,1.0,C,1.0,C,1.0,C,1.0,False,False,False,2026-2026,0.5833,2026
3539400,Piratininga,15748,2026,2023,24743.141986283972,85.75215374420145,0.0,10.8857360571864,337.4578177727784,10.8857360571864,0.0,0.0,511.62959468776074,65.3144163431184,97.9716245146776,43.5429442287456,99,129,0.4728682170542636,0.4772727272727273,0.34108527131782945,1.5,0.25,0.07751937984496124,2024.0,2025.0,B,3.0,B,3.0,B,3.0,C+,2.0,B,3.0,C+,2.0,C,1.0,B+,4.0,False,False,False,2026-2026,0.5833,2026
3539509,Pitangueiras,34311,2026,2023,53340.32817463787,96.1509049197043,9.992630435054147,14.988945652581222,329.75680435678686,34.97420652268952,9.992630435054147,0.0,464.6573152300179,14.988945652581222,14.988945652581222,219.83786957119125,223,241,0.5767634854771784,0.5925925925925926,0.3360995850622407,0.5555555555555556,0.2222222222222222,0.08298755186721991,2024.0,2025.0,C,1.0,C,1.0,C+,2.0,C+,2.0,B,3.0,C,1.0,C,1.0,C+,2.0,False,False,False,2026-2026,0.5833,2026
3539608,Planalto,4449,2026,2023,74508.20409080692,84.38270221823885,0.0,0.0,462.38320007706386,38.53193333975533,0.0,0.0,847.7025334746171,0.0,38.53193333975533,77.06386667951065,38,42,0.16666666666666666,0.625,0.19047619047619047,,,0.07142857142857142,2024.0,2025.0,C,1.0,C,1.0,C,1.0,C+,2.0,B,3.0,C,1.0,C,1.0,C,1.0,False,True,False,2026-2026,0.5833,2026
3539707,Platina,3050,2026,2023,52592.13114754098,78.72807017543859,0.0,0.0,393.44262295081967,0.0,0.0,0.0,112.41217798594847,0.0,56.20608899297424,56.20608899297424,11,13,0.38461538461538464,1.0,0.15384615384615385,,,0.0,2024.0,2025.0,C+,2.0,C,1.0,B,3.0,B,3.0,C+,2.0,C+,2.0,C,1.0,C,1.0,False,True,False,2026-2026,0.5833,2026
3539806,Poá,106288,2026,2023,43379.87355110643,98.42000509371492,3.2257370809229906,6.451474161845981,406.4428721962969,446.76458570783427,85.48203264445925,0.0,856.433194985054,204.83430463860992,22.580159566460935,74.19195286122878,1306,1391,0.7354421279654925,0.5035971223021583,0.39971243709561466,0.8392857142857143,0.34523809523809523,0.2588066139468009,2024.0,2025.0,C,1.0,C,1.0,B,3.0,C+,2.0,C,1.0,C+,2.0,C+,2.0,C,1.0,False,False,False,2026-2026,0.5833,2026
3539905,Poloni,5708,2026,2023,35037.4912403644,89.00834105653382,0.0,0.0,300.33036339973967,0.0,0.0,0.0,300.33036339973967,0.0,60.066072679947936,90.09910901992191,25,32,0.4375,0.3333333333333333,0.46875,0.0,0.0,0.03125,2024.0,2025.0,C,1.0,C,1.0,B,3.0,C+,2.0,B+,4.0,C,1.0,C,1.0,C,1.0,False,False,False,2026-2026,0.5833,2026
3540002,Pompéia,20528,2026,2023,122226.47116134061,93.03746744139453,0.0,8.350963144415989,183.72118917715173,8.350963144415989,0.0,0.0,275.5817837657276,0.0,8.350963144415989,167.01926288831976,78,105,0.5047619047619047,0.3125,0.1523809523809524,,,0.047619047619047616,2024.0,2025.0,C,1.0,C,1.0,B,3.0,B,3.0,C+,2.0,C,1.0,C,1.0,C,1.0,False,False,False,2026-2026,0.5833,2026
3540101,Pongaí,3437,2026,2023,36188.5365144021,84.02757828210284,0.0,0.0,598.5286171495075,0.0,0.0,0.0,249.38692381229478,0.0,0.0,199.5095390498358,21,31,0.3870967741935484,0.75,0.25806451612903225,,,0.03225806451612903,2024.0,2025.0,C+,2.0,C,1.0,B,3.0,C,1.0,C+,2.0,B,3.0,B,3.0,C,1.0,False,True,False,2026-2026,0.5833,2026
3540200,Pontal,38206,2026,2023,56377.375281369415,98.13139846933704,13.460862542158674,4.486954180719557,327.5476551925277,13.460862542158674,8.973908361439115,0.0,484.5910515177122,26.921725084317348,22.434770903597787,179.4781672287823,241,275,0.5454545454545454,0.5555555555555556,0.29454545454545455,3.6,0.6,0.05818181818181818,2024.0,2025.0,C,1.0,C,1.0,C,1.0,C+,2.0,C,1.0,C,1.0,C,1.0,B,3.0,False,False,False,2026-2026,0.5833,2026
3540259,Pontalinda,4199,2026,2023,31435.341748035247,82.9896907216495,40.82604701799748,0.0,694.0427993059571,40.82604701799748,0.0,0.0,204.1302350899874,0.0,40.82604701799748,163.30418807198993,29,32,0.46875,0.5,0.375,0.0,0.0,0.09375,2024.0,2025.0,C,1.0,C,1.0,C,1.0,B,3.0,C+,2.0,B,3.0,C,1.0,C,1.0,False,True,False,2026-2026,0.5833,2026
3540309,Pontes Gestal,2407,2026,2023,63356.46032405484,84.31294678316124,0.0,0.0,427.32506380200596,0.0,0.0,0.0,712.20843967001,142.441687934002,0.0,71.220843967001,19,24,0.5833333333333334,0.5,0.4166666666666667,0.0,0.0,0.0,2024.0,2025.0,C,1.0,C,1.0,C+,2.0,B,3.0,B,3.0,C,1.0,C,1.0,C+,2.0,False,True,False,2026-2026,0.5833,2026
3540408,Populina,4179,2026,2023,37338.35845896148,80.7956429078854,0.0,0.0,369.19290329197,41.02143369910778,41.02143369910778,0.0,369.19290329197,41.02143369910778,41.02143369910778,0.0,22,32,0.3125,0.35,0.625,0.0,0.5,0.09375,2024.0,2025.0,C,1.0,C,1.0,C,1.0,C+,2.0,B,3.0,C,1.0,C,1.0,C,1.0,False,True,False,2026-2026,0.5833,2026
3540507,Porangaba,10915,2026,2023,28327.989005955107,48.282488589959165,15.705778417642822,0.0,204.1751194293567,15.705778417642822,15.705778417642822,0.0,455.46757411164185,78.5288920882141,31.411556835285644,109.94044892349976,59,83,0.46987951807228917,0.38095238095238093,0.25301204819277107,0.6666666666666666,0.2222222222222222,0.0963855421686747,2024.0,2025.0,B,3.0,B,3.0,B,3.0,B+,4.0,B+,4.0,C+,2.0,B,3.0,C+,2.0,False,False,False,2026-2026,0.5833,2026
3540606,Porto Feliz,58837,2026,2023,86120.11149446777,84.05293191254371,2.9136184956502102,5.8272369913004205,303.0163235476219,37.877040443452735,23.308947965201682,2.9136184956502102,512.796855234437,84.49493637385609,34.96342194780252,422.4746818692805,491,530,0.5811320754716981,0.45,0.3018867924528302,0.5714285714285714,0.42857142857142855,0.045283018867924525,2024.0,2025.0,B,3.0,C,1.0,B+,4.0,B,3.0,B,3.0,B,3.0,B+,4.0,A,5.0,False,False,False,2026-2026,0.5833,2026
3540705,Porto Ferreira,54005,2026,2023,56834.64494028331,98.20622568093384,0.0,3.1743092570793707,434.8803682198738,53.96325737034931,12.697237028317483,0.0,593.5958310738423,82.53204068406365,12.697237028317483,482.4950070760644,528,643,0.5987558320373251,0.5359116022099447,0.28149300155520995,0.6764705882352942,0.38235294117647056,0.04665629860031104,2024.0,2025.0,C+,2.0,C,1.0,B,3.0,C+,2.0,B,3.0,C,1.0,B,3.0,B+,4.0,False,False,False,2026-2026,0.5833,2026
3540754,Potim,20831,2026,2023,17054.918150832895,75.83131412074032,24.68847939540657,8.22949313180219,386.78617719470293,57.60645192261532,0.0,0.0,444.3926291173183,16.45898626360438,41.14746565901095,156.3603695042416,138,159,0.4276729559748428,0.5,0.3522012578616352,2.0,1.0,0.1069182389937107,2024.0,2025.0,C,1.0,C,1.0,B,3.0,C,1.0,C,1.0,C,1.0,B,3.0,C+,2.0,False,False,False,2026-2026,0.5833,2026
3540804,Potirendaba,19189,2026,2023,53010.73531710876,89.86989449155286,8.933689688288677,0.0,464.5518637910112,17.867379376577354,0.0,0.0,982.7058657117544,53.602138129732054,98.27058657117544,8.933689688288677,183,210,0.7,0.5454545454545454,0.3142857142857143,0.25,0.625,0.1,2024.0,2025.0,C+,2.0,C,1.0,B,3.0,B,3.0,B,3.0,C,1.0,B,3.0,B+,4.0,False,False,False,2026-2026,0.5833,2026
3540853,Pracinha,2581,2026,2023,17048.04339403332,47.90062981105668,66.4194387557425,0.0,398.5166325344551,0.0,0.0,0.0,66.4194387557425,0.0,0.0,398.5166325344551,14,17,0.17647058823529413,1.0,0.058823529411764705,,,0.0,2024.0,2025.0,C,1.0,C,1.0,B,3.0,C+,2.0,B,3.0,C,1.0,C,1.0,C+,2.0,False,True,False,2026-2026,0.5833,2026
3540903,Pradópolis,17291,2026,2023,84251.69163148459,92.65120561661966,0.0,0.0,376.74430132934555,0.0,9.914323719193304,0.0,842.7175161314308,29.74297115757991,19.828647438386607,89.22891347273973,138,149,0.42953020134228187,0.671875,0.42953020134228187,1.3333333333333333,0.16666666666666666,0.06711409395973154,2024.0,2025.0,C,1.0,C,1.0,C+,2.0,C+,2.0,B,3.0,C,1.0,C,1.0,C+,2.0,False,False,False,2026-2026,0.5833,2026
3541000,Praia Grande,371190,2026,2023,30702.998464398286,100.0,6.927526526653658,11.084042442645853,468.7626283035642,450.28922423248775,15.702393460414958,0.4618351017769105,2173.857824063918,185.19587581254112,28.171941208391544,83.59215342162081,7414,7842,0.7529966845192553,0.48218457943925236,0.4366233103800051,1.829268292682927,0.5884146341463414,0.23437898495281817,2024.0,2025.0,B,3.0,B,3.0,B+,4.0,C+,2.0,B,3.0,B,3.0,B,3.0,B+,4.0,False,False,False,2026-2026,0.5833,2026
3541059,Pratânia,5280,2026,2023,47851.32575757576,75.77734290063057,0.0,0.0,714.2857142857142,0.0,0.0,0.0,519.4805194805194,32.467532467532465,64.93506493506493,64.93506493506493,43,52,0.4230769230769231,0.5652173913043478,0.4423076923076923,3.0,1.0,0.057692307692307696,2024.0,2025.0,C+,2.0,C,1.0,B+,4.0,C,1.0,B,3.0,C,1.0,C,1.0,C,1.0,False,False,False,2026-2026,0.5833,2026
3541109,Presidente Alves,3820,2026,2023,29573.821989528795,83.21610477807423,0.0,0.0,314.1361256544502,44.876589379207175,0.0,0.0,403.8893044128646,0.0,44.876589379207175,44.876589379207175,19,23,0.43478260869565216,0.5,0.2608695652173913,,,0.0,2024.0,2025.0,B,3.0,B,3.0,B,3.0,C,1.0,B,3.0,B,3.0,C,1.0,C,1.0,False,True,False,2026-2026,0.5833,2026
3541208,Presidente Bernardes,14830,2026,2023,23721.038435603507,77.37656595431098,0.0,0.0,462.38320007706386,0.0,0.0,0.0,312.1086600520181,0.0,0.0,138.71496002311915,79,98,0.29591836734693877,0.35294117647058826,0.17346938775510204,,,0.0,2024.0,2025.0,C+,2.0,C,1.0,B,3.0,C+,2.0,B,3.0,B,3.0,B,3.0,C,1.0,False,False,False,2026-2026,0.5833,2026
3541307,Presidente Epitácio,40267,2026,2023,37791.789803064545,93.28863933394646,4.257296829378186,8.514593658756372,447.01616708470954,4.257296829378186,0.0,0.0,442.7588702553313,4.257296829378186,46.830265123160046,429.9869797671968,326,455,0.6351648351648351,0.4888888888888889,0.1978021978021978,6.0,1.0,0.03296703296703297,2024.0,2025.0,C,1.0,C,1.0,C+,2.0,C+,2.0,C+,2.0,B,3.0,C,1.0,C+,2.0,False,False,False,2026-2026,0.5833,2026
3541406,Presidente Prudente,235264,2026,2023,49381.11653291621,97.9601175280574,9.472641069485464,8.743976371832737,526.8245764029224,45.17721125446914,1.457329395305456,0.0,851.0803668583865,48.09187004508006,24.774599720192754,85.25376962536919,2197,2757,0.49038810301051866,0.51,0.29017047515415306,4.363636363636363,0.6363636363636364,0.09394269133115705,2024.0,2025.0,B,3.0,C+,2.0,B,3.0,C+,2.0,B+,4.0,C+,2.0,B,3.0,A,5.0,False,False,False,2026-2026,0.5833,2026
3541505,Presidente Venceslau,35728,2026,2023,30684.561128526646,95.67924030598786,0.0,4.7981575075171135,570.9807433945364,0.0,0.0,0.0,321.4765530036466,19.192630030068454,19.192630030068454,230.31156036082143,243,346,0.4682080924855491,0.5789473684210527,0.21965317919075145,22.0,0.5,0.04046242774566474,2024.0,2025.0,B,3.0,C,1.0,B,3.0,B+,4.0,B,3.0,C,1.0,B+,4.0,A,5.0,False,False,False,2026-2026,0.5833,2026
3541604,Promissão,35957,2026,2023,93157.96645993827,84.29108033862197,9.535198789029753,4.7675993945148765,405.24594853376453,23.837996972574384,0.0,0.0,595.9499243143596,38.14079515611901,52.44359333966364,252.68276790928846,290,337,0.42136498516320475,0.4918032786885246,0.3620178041543027,2.8,0.6,0.0712166172106825,2024.0,2025.0,C,1.0,C,1.0,B,3.0,C,1.0,B,3.0,B,3.0,C,1.0,C,1.0,False,False,False,2026-2026,0.5833,2026
3541653,Quadra,3482,2026,2023,60298.678920160826,25.58714462299135,0.0,0.0,344.62952326249285,0.0,49.232789037498975,0.0,738.4918355624847,49.232789037498975,147.69836711249692,49.232789037498975,28,29,0.3448275862068966,0.5333333333333333,0.5172413793103449,0.0,0.5,0.20689655172413793,2024.0,2025.0,C,1.0,C+,2.0,C+,2.0,C,1.0,B,3.0,C,1.0,C,1.0,C,1.0,False,True,False,2026-2026,0.5833,2026
3541703,Quatá,13423,2026,2023,81020.8597183938,93.84326900539104,12.771256159470418,0.0,383.13768478411254,12.771256159470418,0.0,0.0,421.4514532625238,51.08502463788167,25.542512318940837,178.79758623258584,85,109,0.41284403669724773,0.5,0.1834862385321101,1.3333333333333333,0.6666666666666666,0.05504587155963303,2024.0,2025.0,B,3.0,C,1.0,B,3.0,B,3.0,B,3.0,B+,4.0,C,1.0,B,3.0,False,False,False,2026-2026,0.5833,2026
3541802,Queiroz,3380,2026,2023,324201.18343195267,84.93589743589743,0.0,50.718512256973796,608.6221470836855,0.0,0.0,0.0,608.6221470836855,0.0,50.718512256973796,101.43702451394759,28,32,0.3125,0.2857142857142857,0.21875,,,0.0625,2024.0,2025.0,C+,2.0,C,1.0,B,3.0,B,3.0,B+,4.0,C+,2.0,C,1.0,C,1.0,False,True,False,2026-2026,0.5833,2026
3541901,Queluz,9009,2026,2023,53447.55244755245,82.01432487399416,19.028590457161886,19.028590457161886,456.68617097188525,190.28590457161886,57.085771371485656,0.0,570.8577137148566,38.05718091432377,57.085771371485656,114.17154274297131,80,95,0.4421052631578947,0.45,0.42105263157894735,1.0,0.75,0.11578947368421053,2024.0,2025.0,C,1.0,C,1.0,C+,2.0,C,1.0,C,1.0,C,1.0,C,1.0,B,3.0,False,False,False,2026-2026,0.5833,2026
3542008,Quintana,7291,2026,2023,50980.11246742559,91.50566289140572,0.0,23.512353782549912,70.53706134764974,23.512353782549912,0.0,0.0,305.66059917314885,47.024707565099824,47.024707565099824,47.024707565099824,24,30,0.16666666666666666,0.38461538461538464,0.43333333333333335,,,0.0,2024.0,2025.0,B,3.0,C,1.0,B,3.0,B,3.0,B+,4.0,B,3.0,B,3.0,A,5.0,False,False,False,2026-2026,0.5833,2026
3542107,Rafard,9156,2026,2023,64977.064220183485,88.14444960520204,0.0,18.72308556450103,337.0155401610185,56.16925669350309,18.72308556450103,0.0,280.84628346751543,74.89234225800412,56.16925669350309,18.72308556450103,46,52,0.5576923076923077,0.6666666666666666,0.28846153846153844,0.8333333333333334,0.3333333333333333,0.09615384615384616,2024.0,2025.0,C+,2.0,C,1.0,C,1.0,B,3.0,C+,2.0,C,1.0,B+,4.0,C,1.0,False,False,False,2026-2026,0.5833,2026
3542206,Rancharia,29381,2026,2023,68059.52826656683,89.66810165254826,5.834674498096437,0.0,600.971473303933,23.338697992385747,0.0,0.0,554.2940773191615,23.338697992385747,5.834674498096437,268.3950269124361,254,336,0.43452380952380953,0.6266666666666667,0.22321428571428573,2.5,0.5,0.050595238095238096,2024.0,2025.0,C,1.0,C,1.0,B,3.0,C+,2.0,B,3.0,C,1.0,C,1.0,C+,2.0,False,False,False,2026-2026,0.5833,2026
3542305,Redenção da Serra,4656,2026,2023,26215.420962199314,57.13916860315001,0.0,0.0,441.8262150220913,0.0,0.0,0.0,589.101620029455,36.81885125184094,36.81885125184094,0.0,30,33,0.42424242424242425,0.6666666666666666,0.2727272727272727,0.0,0.0,0.0,2024.0,2025.0,C,1.0,C,1.0,C+,2.0,C+,2.0,C,1.0,C,1.0,C,1.0,C,1.0,False,True,False,2026-2026,0.5833,2026
3542404,Regente Feijó,20671,2026,2023,62590.00532146485,92.18665513139396,8.293191980483355,24.879575941450064,381.4868311022343,33.17276792193342,0.0,0.0,671.7485504191517,33.17276792193342,41.46595990241677,107.8114957462836,157,189,0.4021164021164021,0.5957446808510638,0.24867724867724866,1.6666666666666667,0.3333333333333333,0.10582010582010581,2024.0,2025.0,C+,2.0,C,1.0,C,1.0,B,3.0,B+,4.0,C+,2.0,C,1.0,C,1.0,False,False,False,2026-2026,0.5833,2026
3542503,Reginópolis,7830,2026,2023,34565.00638569604,59.56575174108971,0.0,0.0,350.3010399562124,0.0,0.0,0.0,109.46907498631637,43.78762999452655,21.893814997263274,65.68144499178982,27,32,0.34375,0.42857142857142855,0.21875,0.0,0.0,0.03125,2024.0,2025.0,C,1.0,C,1.0,B,3.0,C+,2.0,B,3.0,C,1.0,C,1.0,C+,2.0,False,False,False,2026-2026,0.5833,2026
3542602,Registro,62101,2026,2023,47212.04167404712,88.77278339875787,2.760480047480257,11.041920189921028,405.7905669795977,19.323360332361798,5.520960094960514,0.0,742.569132772189,38.646720664723595,55.20960094960514,182.19168313369693,530,609,0.4269293924466338,0.4607329842931937,0.3136288998357964,5.0,0.5454545454545454,0.12643678160919541,2024.0,2025.0,C,1.0,C+,2.0,B,3.0,C,1.0,C+,2.0,C,1.0,C+,2.0,B,3.0,False,False,False,2026-2026,0.5833,2026
3542701,Restinga,6480,2026,2023,48116.82098765432,78.6245635342341,0.0,52.910052910052904,634.9206349206348,26.455026455026452,0.0,0.0,1058.2010582010582,52.910052910052904,52.910052910052904,105.82010582010581,75,84,0.36904761904761907,0.5357142857142857,0.3333333333333333,2.0,0.5,0.03571428571428571,2024.0,2025.0,C,1.0,C,1.0,C,1.0,C,1.0,C+,2.0,C+,2.0,C,1.0,C,1.0,False,False,False,2026-2026,0.5833,2026
3542800,Ribeira,3151,2026,2023,19651.539193906698,36.80762358546754,54.40449743845491,0.0,326.42698463072946,0.0,0.0,0.0,272.0224871922745,0.0,54.40449743845491,54.40449743845491,14,16,0.3125,0.2,0.625,,,0.0,2024.0,2025.0,C+,2.0,C,1.0,B,3.0,C,1.0,B,3.0,C,1.0,C,1.0,C,1.0,False,True,False,2026-2026,0.5833,2026
3542909,Ribeirão Bonito,11006,2026,2023,44889.51481010358,92.45982694684795,0.0,0.0,685.3404636432076,31.151839256509437,0.0,0.0,529.5812673606604,46.72775888476416,0.0,140.18327665429246,92,101,0.42574257425742573,0.45454545454545453,0.32673267326732675,1.3333333333333333,0.0,0.0297029702970297,2024.0,2025.0,C,1.0,C,1.0,C+,2.0,C+,2.0,C,1.0,C,1.0,C,1.0,C,1.0,False,False,False,2026-2026,0.5833,2026
3543006,Ribeirão Branco,18953,2026,2023,33807.26006436976,50.86758990639881,0.0,9.044930693218562,361.7972277287425,9.044930693218562,0.0,0.0,352.75229703552395,36.17972277287425,81.40437623896706,18.089861386437125,96,104,0.3557692307692308,0.4838709677419355,0.5961538461538461,1.0,0.75,0.11538461538461539,2024.0,2025.0,C,1.0,C,1.0,B,3.0,C,1.0,B,3.0,C,1.0,C,1.0,C,1.0,False,False,False,2026-2026,0.5833,2026
3543105,Ribeirão Corrente,4727,2026,2023,59778.71800296171,79.4991809033466,0.0,0.0,108.79748556922239,0.0,0.0,0.0,543.9874278461119,0.0,181.32914261537064,217.59497113844478,29,56,0.5357142857142857,0.41379310344827586,0.5178571428571429,,,0.0,2024.0,2025.0,C,1.0,C,1.0,B,3.0,B,3.0,C+,2.0,C,1.0,C,1.0,C+,2.0,False,True,False,2026-2026,0.5833,2026
3543204,Ribeirão do Sul,4783,2026,2023,68336.81789671755,74.11156095366623,0.0,35.841223380424715,394.25345718467184,0.0,0.0,0.0,358.41223380424714,35.841223380424715,71.68244676084943,35.841223380424715,26,27,0.3333333333333333,0.6,0.37037037037037035,,,0.037037037037037035,2024.0,2025.0,C,1.0,C,1.0,C+,2.0,B,3.0,C+,2.0,C,1.0,C,1.0,C,1.0,False,True,False,2026-2026,0.5833,2026
3543238,Ribeirão dos Índios,2035,2026,2023,27768.550368550368,84.59076360310928,0.0,0.0,0.0,0.0,0.0,0.0,168.48016848016846,0.0,0.0,84.24008424008423,3,5,0.6,,0.0,,,0.0,2024.0,2025.0,C,1.0,C,1.0,B,3.0,C+,2.0,B,3.0,C,1.0,C,1.0,C,1.0,False,True,False,2026-2026,0.5833,2026
3543253,Ribeirão Grande,7572,2026,2023,16807.84469096672,31.58178388574508,0.0,0.0,226.39800769753225,0.0,0.0,0.0,226.39800769753225,22.639800769753226,0.0,0.0,21,23,0.6086956521739131,0.38461538461538464,0.5652173913043478,,,0.043478260869565216,2024.0,2025.0,C,1.0,C,1.0,B,3.0,C,1.0,C+,2.0,C,1.0,C,1.0,C,1.0,False,False,False,2026-2026,0.5833,2026
3543303,Ribeirão Pires,119023,2026,2023,40775.55598497769,100.0,7.201489267980618,4.32089356078837,283.7386771584363,141.1491896524201,31.686552779114717,1.4402978535961235,506.98484446583547,145.47008321320848,36.00744633990309,5.761191414384494,808,889,0.7109111361079865,0.4735202492211838,0.3610798650168729,1.146341463414634,0.11382113821138211,0.17772778402699663,2024.0,2025.0,C+,2.0,B,3.0,C+,2.0,B,3.0,C,1.0,C,1.0,B+,4.0,B,3.0,False,False,False,2026-2026,0.5833,2026
3543402,Ribeirão Preto,734538,2026,2023,71210.50238381133,99.71621447306188,8.401782578203676,6.5347197830473025,401.1851181092255,165.0016745219444,15.870033758829164,0.9335313975781862,987.4428357883264,200.24248478052093,40.608615794651094,105.02228222754594,8275,9280,0.7405172413793103,0.5252464893934867,0.3606681034482759,0.9788182831661093,0.5172798216276477,0.12532327586206896,2024.0,2025.0,B,3.0,C,1.0,B,3.0,B,3.0,B,3.0,B,3.0,C+,2.0,B,3.0,False,False,False,2026-2026,0.5833,2026
3543501,Riversul,5611,2026,2023,21237.56906077348,72.88658121044945,0.0,0.0,580.492400132393,0.0,0.0,0.0,580.492400132393,0.0,30.55223158591542,91.65669475774627,42,52,0.40384615384615385,0.8461538461538461,0.25,,,0.09615384615384616,2024.0,2025.0,C+,2.0,C,1.0,B,3.0,B,3.0,B,3.0,C+,2.0,B,3.0,C+,2.0,False,False,False,2026-2026,0.5833,2026
3543600,Rifaina,4198,2026,2023,55481.419723677944,87.54365541327125,0.0,40.835772136391476,530.8650377730892,40.835772136391476,0.0,0.0,775.8796705914381,163.3430885455659,122.50731640917442,81.67154427278295,43,65,0.5230769230769231,0.5,0.24615384615384617,1.3333333333333333,0.6666666666666666,0.12307692307692308,2024.0,2025.0,C+,2.0,C,1.0,B+,4.0,C+,2.0,B,3.0,C,1.0,A,5.0,C,1.0,False,True,False,2026-2026,0.5833,2026
3543709,Rincão,9061,2026,2023,38289.04094470809,81.23679661993471,0.0,18.919387642486637,302.7102022797862,18.919387642486637,0.0,18.919387642486637,927.0499944818453,56.75816292745991,0.0,132.43571349740645,78,81,0.5679012345679012,0.5217391304347826,0.2839506172839506,0.3333333333333333,0.16666666666666666,0.012345679012345678,2024.0,2025.0,C,1.0,C,1.0,C+,2.0,B,3.0,B,3.0,C,1.0,C,1.0,C+,2.0,False,False,False,2026-2026,0.5833,2026
3543808,Rinópolis,9314,2026,2023,53218.81039295684,86.92501258178157,18.40547256050799,0.0,220.86567072609589,0.0,0.0,0.0,331.2985060891438,0.0,0.0,128.83830792355593,38,49,0.24489795918367346,0.5625,0.32653061224489793,,,0.04081632653061224,2024.0,2025.0,C+,2.0,B,3.0,B,3.0,C,1.0,B,3.0,C,1.0,C,1.0,C+,2.0,False,False,False,2026-2026,0.5833,2026
3543907,Rio Claro,210794,2026,2023,73185.75006878754,97.5662136985713,2.4397549943817864,6.50601331835143,351.3247191909772,87.01792813295037,34.15656992134501,0.8132516647939287,670.9326234549912,139.0660346797618,21.957794949436074,220.3912011591547,1887,2322,0.5378983634797588,0.47653958944281527,0.29371231696813094,1.6666666666666667,0.3611111111111111,0.090869939707149,2024.0,2025.0,C+,2.0,C,1.0,C,1.0,C+,2.0,B,3.0,B,3.0,B,3.0,C,1.0,False,False,False,2026-2026,0.5833,2026
3544004,Rio das Pedras,32386,2026,2023,62913.78990922003,96.8170570489136,21.173170064666387,5.293292516166597,301.71767342149604,21.173170064666387,5.293292516166597,0.0,471.10303393882714,52.93292516166597,42.34634012933277,58.226217677832565,185,230,0.3869565217391304,0.6060606060606061,0.28695652173913044,1.0,0.23076923076923078,0.06086956521739131,2024.0,2025.0,C,1.0,C,1.0,C,1.0,C,1.0,C,1.0,C,1.0,C,1.0,C,1.0,False,False,False,2026-2026,0.5833,2026
3544103,Rio Grande da Serra,45331,2026,2023,25723.01515519181,100.0,7.563414503477594,3.781707251738797,336.5719454047529,49.16219427260436,7.563414503477594,0.0,491.62194272604364,49.16219427260436,41.59877976912677,283.6280438804098,336,380,0.6210526315789474,0.45454545454545453,0.2894736842105263,2.2142857142857144,0.0,0.07368421052631578,2024.0,2025.0,C,1.0,C,1.0,C+,2.0,C,1.0,C,1.0,C,1.0,C,1.0,B,3.0,False,False,False,2026-2026,0.5833,2026
3544202,Riolândia,10436,2026,2023,37431.487159831355,79.11111111111111,0.0,32.85330997097957,443.5196846082242,0.0,0.0,0.0,361.38640968077533,16.426654985489787,82.13327492744894,213.54651481136725,70,85,0.3058823529411765,0.45454545454545453,0.25882352941176473,,,0.011764705882352941,2024.0,2025.0,C,1.0,C,1.0,B,3.0,B,3.0,C+,2.0,C,1.0,C,1.0,C,1.0,False,False,False,2026-2026,0.5833,2026
3544251,Rosana,17366,2026,2023,88836.28930093285,80.53425422781982,9.871505898224774,39.486023592899095,592.2903538934864,9.871505898224774,0.0,0.0,720.6199305704084,19.743011796449547,108.58656488047251,69.1005412875734,159,174,0.3160919540229885,0.5535714285714286,0.3218390804597701,,,0.09770114942528736,2024.0,2025.0,C,1.0,C,1.0,C+,2.0,C,1.0,B,3.0,B,3.0,C+,2.0,B+,4.0,False,False,False,2026-2026,0.5833,2026
3544301,Roseira,11174,2026,2023,40300.16108824056,94.96822585686007,61.36694878416733,15.341737196041832,398.8851670970876,61.36694878416733,61.36694878416733,0.0,705.7199110179242,92.05042317625099,61.36694878416733,46.025211588125494,98,106,0.4339622641509434,0.5405405405405406,0.3490566037735849,0.6428571428571429,0.42857142857142855,0.24528301886792453,2024.0,2025.0,C+,2.0,C,1.0,B,3.0,C+,2.0,B,3.0,C,1.0,C,1.0,C,1.0,False,False,False,2026-2026,0.5833,2026
3544400,Rubiácea,2739,2026,2023,32376.414749908727,57.2737266397948,0.0,62.588014395243306,187.76404318572995,0.0,0.0,0.0,438.11610076670314,0.0,0.0,0.0,11,13,0.38461538461538464,0.4,0.38461538461538464,,,0.23076923076923078,2024.0,2025.0,C,1.0,C,1.0,B,3.0,C,1.0,C+,2.0,C,1.0,C,1.0,C,1.0,False,True,False,2026-2026,0.5833,2026
3544509,Rubinéia,4028,2026,2023,48754.22045680238,82.28511530398322,0.0,0.0,553.2699673712583,0.0,0.0,0.0,127.67768477798266,0.0,85.11845651865511,42.559228259327554,19,29,0.3793103448275862,0.5714285714285714,0.2413793103448276,,,0.0,2024.0,2025.0,C,1.0,C,1.0,C,1.0,C,1.0,B,3.0,C,1.0,C,1.0,C,1.0,False,True,False,2026-2026,0.5833,2026
3544608,Sabino,5179,2026,2023,35378.451438501645,87.69407705577919,0.0,0.0,562.7120514164345,0.0,0.0,0.0,728.2155959506799,0.0,99.30212672054725,0.0,42,45,0.24444444444444444,0.42857142857142855,0.4666666666666667,,,0.022222222222222223,2024.0,2025.0,C+,2.0,C,1.0,B,3.0,B,3.0,B,3.0,C+,2.0,C+,2.0,C,1.0,False,False,False,2026-2026,0.5833,2026
3544707,Sagres,2524,2026,2023,28773.77179080824,75.9498956158664,0.0,0.0,271.67760923703867,0.0,0.0,0.0,271.67760923703867,0.0,0.0,0.0,8,9,0.3333333333333333,0.6666666666666666,0.3333333333333333,,,0.0,2024.0,2025.0,B,3.0,C,1.0,B,3.0,B,3.0,B,3.0,C+,2.0,B,3.0,B,3.0,False,True,False,2026-2026,0.5833,2026
3544806,Sales,6675,2026,2023,39885.24344569288,90.02017978352596,0.0,51.36436597110754,590.6902086677367,0.0,0.0,0.0,487.9614767255216,128.41091492776883,25.68218298555377,128.41091492776883,55,69,0.4492753623188406,0.38461538461538464,0.37681159420289856,5.0,0.0,0.07246376811594203,2024.0,2025.0,C,1.0,C,1.0,C,1.0,C+,2.0,B,3.0,C,1.0,C,1.0,C,1.0,False,False,False,2026-2026,0.5833,2026
3544905,Sales Oliveira,11708,2026,2023,45222.41202596515,90.54693414080242,0.0,14.642003026013958,439.26009078041875,14.642003026013958,14.642003026013958,0.0,424.61808775440477,58.56801210405583,14.642003026013958,190.34603933818147,80,106,0.44339622641509435,0.43478260869565216,0.2169811320754717,2.2,0.2,0.03773584905660377,2024.0,2025.0,C,1.0,C,1.0,C+,2.0,B,3.0,B,3.0,C+,2.0,C,1.0,C,1.0,False,False,False,2026-2026,0.5833,2026
3545001,Salesópolis,15368,2026,2023,20235.87975013014,63.6648544931244,11.154904439651965,0.0,278.87261099129915,33.464713318955894,0.0,0.0,624.6746486205101,66.92942663791179,78.08433107756376,11.154904439651965,99,109,0.46788990825688076,0.5510204081632653,0.44954128440366975,4.0,0.0,0.07339449541284404,2024.0,2025.0,C,1.0,C,1.0,B,3.0,C,1.0,C,1.0,C,1.0,C,1.0,C+,2.0,False,False,False,2026-2026,0.5833,2026
3545100,Salmourão,4883,2026,2023,23515.052221994676,89.68451639684515,0.0,0.0,140.4288932447851,35.10722331119627,0.0,0.0,140.4288932447851,0.0,0.0,70.21444662239254,11,20,0.5,0.6,0.25,,,0.05,2024.0,2025.0,C+,2.0,C+,2.0,C+,2.0,C+,2.0,B,3.0,C,1.0,C,1.0,C,1.0,False,True,False,2026-2026,0.5833,2026
3545159,Saltinho,8441,2026,2023,55839.592465347705,83.4537469896586,0.0,0.0,264.0174657708125,40.618071657048084,0.0,0.0,406.1807165704808,60.92710748557212,40.618071657048084,0.0,40,49,0.40816326530612246,0.45454545454545453,0.22448979591836735,2.0,0.0,0.08163265306122448,2024.0,2025.0,B+,4.0,A,5.0,B+,4.0,B+,4.0,B+,4.0,B,3.0,B,3.0,B+,4.0,False,False,False,2026-2026,0.5833,2026
3545209,Salto,141994,2026,2023,80982.00628195558,99.29678911255164,6.036472366035587,12.072944732071173,247.495367007459,37.426128669420635,7.243766839242703,0.0,578.2940526662092,82.09602417808398,33.80424524979929,96.58355785656939,912,1009,0.5044598612487612,0.5163934426229508,0.4836471754212091,1.4473684210526316,0.4605263157894737,0.10703666997026759,2024.0,2025.0,C,1.0,C,1.0,C+,2.0,C+,2.0,C+,2.0,C+,2.0,C,1.0,C,1.0,False,False,False,2026-2026,0.5833,2026
3545308,Salto de Pirapora,45373,2026,2023,62954.06960086395,78.3987840127579,0.0,30.225653393616717,272.03088054255045,30.225653393616717,11.33462002260627,0.0,521.3925210398884,45.33848009042508,60.451306787233435,139.79364694547732,294,347,0.46397694524495675,0.4520547945205479,0.4207492795389049,0.5666666666666667,0.16666666666666666,0.10951008645533142,2024.0,2025.0,B,3.0,C,1.0,B,3.0,B,3.0,B,3.0,C+,2.0,C,1.0,B+,4.0,False,False,False,2026-2026,0.5833,2026
3545407,Salto Grande,9229,2026,2023,42792.06847979196,90.28109707522476,0.0,37.14997755522189,352.924786774608,0.0,0.0,0.0,780.1495286596596,74.29995511044378,111.44993266566567,167.17489899849852,82,96,0.4583333333333333,0.6052631578947368,0.3958333333333333,3.5,0.5,0.020833333333333332,2024.0,2025.0,C,1.0,C,1.0,B,3.0,C+,2.0,C+,2.0,C,1.0,C+,2.0,C,1.0,False,False,False,2026-2026,0.5833,2026
3545506,Sandovalina,3696,2026,2023,123366.341991342,69.77561503108949,0.0,0.0,510.204081632653,0.0,0.0,0.0,602.9684601113173,0.0,46.3821892393321,0.0,25,27,0.18518518518518517,0.5,0.2222222222222222,,,0.07407407407407407,2024.0,2025.0,C+,2.0,C,1.0,B,3.0,C+,2.0,C+,2.0,B,3.0,C+,2.0,C,1.0,False,True,False,2026-2026,0.5833,2026
3545605,Santa Adélia,14183,2026,2023,39507.79101741521,94.60685132212376,24.173809691683196,0.0,483.476193833664,0.0,0.0,0.0,302.17262114603994,24.173809691683196,48.34761938336639,181.30357268762398,88,109,0.4954128440366973,0.4666666666666667,0.27522935779816515,1.0,0.0,0.027522935779816515,2024.0,2025.0,C+,2.0,C,1.0,C,1.0,B,3.0,B+,4.0,C,1.0,C+,2.0,A,5.0,False,False,False,2026-2026,0.5833,2026
3545704,Santa Albertina,6586,2026,2023,50697.99574855754,85.46217019045955,0.0,0.0,650.7309878096395,0.0,0.0,0.0,234.2631556114702,0.0,26.02923951238558,0.0,35,41,0.3170731707317073,0.23076923076923078,0.3170731707317073,,,0.04878048780487805,2024.0,2025.0,C+,2.0,C,1.0,B,3.0,C,1.0,B+,4.0,C,1.0,C,1.0,C,1.0,False,False,False,2026-2026,0.5833,2026
3545803,Santa Bárbara d'Oeste,189562,2026,2023,56994.503117713466,99.2150392480376,0.9043403816617857,7.234723053294285,288.4845817501096,40.69531717478035,12.660765343265,0.0,488.3438060973642,198.95488396559284,14.46944610658857,213.42433007218142,1399,1684,0.6312351543942993,0.49295774647887325,0.29513064133016625,0.7142857142857143,0.13852813852813853,0.08135391923990498,2024.0,2025.0,B,3.0,B,3.0,C,1.0,B,3.0,C+,2.0,B+,4.0,B+,4.0,B,3.0,False,False,False,2026-2026,0.5833,2026
3546009,Santa Branca,14226,2026,2023,25133.98003655279,88.20751289689748,12.05037054889438,36.151111646683134,289.20889317346507,0.0,12.05037054889438,0.0,855.5763089715009,60.25185274447189,72.30222329336627,108.45333494004942,120,131,0.5343511450381679,0.68,0.3816793893129771,0.6666666666666666,0.3333333333333333,0.04580152671755725,2024.0,2025.0,C,1.0,C,1.0,B+,4.0,C,1.0,C+,2.0,C,1.0,C,1.0,C,1.0,False,False,False,2026-2026,0.5833,2026
3546108,Santa Clara d'Oeste,2710,2026,2023,48174.53874538746,75.38387715930902,0.0,0.0,442.8044280442804,0.0,0.0,0.0,759.0933052187664,0.0,63.2577754348972,0.0,20,25,0.2,0.42857142857142855,0.28,,,0.32,2024.0,2025.0,C+,2.0,C,1.0,B,3.0,B,3.0,B,3.0,C+,2.0,C,1.0,C,1.0,False,True,False,2026-2026,0.5833,2026
3546207,Santa Cruz da Conceição,4383,2026,2023,45742.642026009584,67.66616691654173,39.11215410188716,0.0,469.34584922264594,39.11215410188716,0.0,0.0,430.2336951207588,39.11215410188716,0.0,0.0,26,33,0.3939393939393939,0.5,0.18181818181818182,1.5,0.5,0.030303030303030304,2024.0,2025.0,C,1.0,C,1.0,B,3.0,C+,2.0,B,3.0,C,1.0,C,1.0,C,1.0,False,True,False,2026-2026,0.5833,2026
3546256,Santa Cruz da Esperança,2173,2026,2023,46690.75011504832,67.74193548387096,0.0,78.89027677338767,394.45138386693833,0.0,0.0,0.0,631.1222141871013,0.0,78.89027677338767,0.0,15,20,0.7,0.5,0.2,,,0.0,2024.0,2025.0,C,1.0,C,1.0,B,3.0,C+,2.0,B,3.0,C,1.0,C,1.0,C,1.0,False,True,False,2026-2026,0.5833,2026
3546306,Santa Cruz das Palmeiras,29456,2026,2023,26784.967409016837,96.88627555793131,11.639636843330488,29.099092108326214,279.3512842399317,23.279273686660975,11.639636843330488,0.0,296.8107395049274,75.65763948164818,17.459455264995732,296.8107395049274,179,203,0.5960591133004927,0.5394736842105263,0.37438423645320196,0.7692307692307693,0.07692307692307693,0.06403940886699508,2024.0,2025.0,C+,2.0,C,1.0,B,3.0,C+,2.0,C+,2.0,C,1.0,C+,2.0,C+,2.0,False,False,False,2026-2026,0.5833,2026
3546405,Santa Cruz do Rio Pardo,47833,2026,2023,90310.49693726089,91.42323717583844,3.5838975483154183,7.167795096630837,394.22873031469607,43.00677057978503,0.0,0.0,835.0481287574926,21.503385289892513,64.51015586967753,150.5236970292476,424,543,0.4622467771639042,0.5032679738562091,0.281767955801105,3.25,0.5,0.06629834254143646,2024.0,2025.0,B,3.0,B,3.0,B,3.0,C+,2.0,B,3.0,C,1.0,C+,2.0,B,3.0,False,False,False,2026-2026,0.5833,2026
3546504,Santa Ernestina,6291,2026,2023,24186.1389286282,92.40301724137932,0.0,27.249812657537976,381.4973772055317,54.49962531507595,27.249812657537976,0.0,381.4973772055317,27.249812657537976,27.249812657537976,81.74943797261393,37,40,0.4,0.5454545454545454,0.275,0.5,0.5,0.075,2024.0,2025.0,C,1.0,C,1.0,B,3.0,C+,2.0,C+,2.0,C,1.0,C,1.0,C,1.0,False,False,False,2026-2026,0.5833,2026
3546603,Santa Fé do Sul,36458,2026,2023,54552.63590981403,96.0634768630938,0.0,9.4041676136141,517.2292187487755,4.70208380680705,0.0,0.0,601.8667272713024,18.8083352272282,37.6166704544564,126.95626278379035,280,401,0.47381546134663344,0.5192307692307693,0.2593516209476309,1.4285714285714286,0.8571428571428571,0.0773067331670823,2024.0,2025.0,C+,2.0,C,1.0,B,3.0,B,3.0,B,3.0,C,1.0,C,1.0,B,3.0,False,False,False,2026-2026,0.5833,2026
3546702,Santa Gertrudes,23249,2026,2023,153480.0206460493,98.93685864842378,14.747178066030488,14.747178066030488,294.9435613206098,22.120767099045732,22.120767099045732,0.0,435.0417529478994,73.73589033015244,14.747178066030488,132.7246025942744,139,175,0.4228571428571429,0.4727272727272727,0.3142857142857143,2.0,0.375,0.09142857142857143,2024.0,2025.0,C,1.0,C,1.0,B,3.0,C,1.0,B,3.0,C,1.0,C,1.0,B+,4.0,False,False,False,2026-2026,0.5833,2026
3546801,Santa Isabel,54775,2026,2023,41954.559561843904,78.47105226646582,9.389059138032207,9.389059138032207,372.4326791419443,65.72341396622546,50.07498206950512,18.778118276064415,444.41546586685786,53.20466844884918,53.20466844884918,162.74369172589164,396,463,0.5809935205183585,0.48299319727891155,0.3174946004319654,1.6216216216216217,0.24324324324324326,0.1771058315334773,2024.0,2025.0,C,1.0,C,1.0,C+,2.0,C,1.0,C+,2.0,C,1.0,C,1.0,C,1.0,False,False,False,2026-2026,0.5833,2026
3546900,Santa Lúcia,7111,2026,2023,26066.93854591478,94.01066925315229,0.0,48.21503907427124,241.07519537135622,24.10751953713562,24.10751953713562,0.0,433.9353516684412,48.21503907427124,48.21503907427124,216.9676758342206,45,50,0.46,0.3333333333333333,0.42,0.0,0.5,0.02,2024.0,2025.0,C+,2.0,C,1.0,B,3.0,C+,2.0,C+,2.0,B,3.0,C+,2.0,B,3.0,False,False,False,2026-2026,0.5833,2026
3547007,Santa Maria da Serra,5303,2026,2023,37293.79596454837,88.158137816368,64.65343067266507,0.0,646.5343067266506,0.0,0.0,0.0,226.2870073543277,0.0,32.32671533633253,64.65343067266507,32,34,0.47058823529411764,0.625,0.23529411764705882,,,0.058823529411764705,2024.0,2025.0,C+,2.0,C,1.0,C+,2.0,B,3.0,C+,2.0,B+,4.0,A,5.0,A,5.0,False,False,False,2026-2026,0.5833,2026
3547106,Santa Mercedes,3020,2026,2023,32205.960264900663,86.82444365948429,0.0,0.0,397.35099337748346,0.0,0.0,0.0,283.8221381267739,0.0,113.52885525070955,0.0,14,20,0.45,1.0,0.15,,,0.0,2024.0,2025.0,B,3.0,C+,2.0,B,3.0,B,3.0,B+,4.0,B+,4.0,B+,4.0,B,3.0,False,True,False,2026-2026,0.5833,2026
3547205,Santana da Ponte Pensa,1700,2026,2023,33397.64705882353,66.84948202315661,0.0,0.0,302.52100840336135,0.0,0.0,0.0,1008.4033613445378,0.0,0.0,0.0,13,13,0.15384615384615385,0.8,0.38461538461538464,,,0.07692307692307693,2024.0,2025.0,C,1.0,C,1.0,B,3.0,B,3.0,C+,2.0,C,1.0,C,1.0,C,1.0,False,True,False,2026-2026,0.5833,2026
3547304,Santana de Parnaíba,165193,2026,2023,86737.31332441447,100.0,1.0377471892184984,3.113241567655495,372.55124092944095,63.30257854232841,11.415219081403482,3.113241567655495,472.1749710944168,31.132415676554952,41.509887568739934,56.03834821779892,1017,1164,0.622852233676976,0.3970893970893971,0.41323024054982815,1.9545454545454546,0.3181818181818182,0.11769759450171821,2024.0,2025.0,B+,4.0,B,3.0,B+,4.0,B+,4.0,B+,4.0,C+,2.0,A,5.0,A,5.0,False,False,False,2026-2026,0.5833,2026
3547403,Santa Rita d'Oeste,2802,2026,2023,37660.59957173448,69.72080220212348,0.0,0.0,61.1807892321811,0.0,0.0,0.0,0.0,0.0,61.1807892321811,0.0,2,6,0.5,1.0,0.3333333333333333,,,0.0,2024.0,2025.0,C,1.0,C,1.0,C+,2.0,B,3.0,B,3.0,C,1.0,C,1.0,C,1.0,False,True,False,2026-2026,0.5833,2026
3547502,Santa Rita do Passa Quatro,24938,2026,2023,39785.868955008424,89.51204773774454,6.874190850451978,6.874190850451978,274.9676340180791,34.370954252259885,13.748381700903956,0.0,742.4126118488135,34.370954252259885,34.370954252259885,103.11286275677966,182,208,0.47115384615384615,0.546875,0.3076923076923077,0.75,0.0,0.11538461538461539,2024.0,2025.0,C+,2.0,C,1.0,B,3.0,B+,4.0,B,3.0,B+,4.0,B+,4.0,B+,4.0,False,False,False,2026-2026,0.5833,2026
3547601,Santa Rosa de Viterbo,23697,2026,2023,47769.295691437736,95.32729863381108,0.0,0.0,506.39321433092795,57.87351020924891,0.0,0.0,585.9692908686452,14.468377552312228,50.639321433092796,122.98120919465394,185,215,0.5209302325581395,0.47619047619047616,0.2930232558139535,0.0,0.0,0.07441860465116279,2024.0,2025.0,C+,2.0,C,1.0,B,3.0,B,3.0,C+,2.0,B,3.0,C,1.0,B+,4.0,False,False,False,2026-2026,0.5833,2026
3547650,Santa Salete,1698,2026,2023,38951.70789163722,56.599861782999305,0.0,0.0,504.7955577990913,0.0,0.0,0.0,504.7955577990913,0.0,100.95911155981827,0.0,11,12,0.25,0.3333333333333333,0.5,,,0.0,2024.0,2025.0,C+,2.0,B,3.0,B,3.0,C,1.0,B,3.0,C,1.0,C,1.0,C,1.0,False,True,False,2026-2026,0.5833,2026
3547700,Santo Anastácio,17884,2026,2023,35253.466785953926,93.18681318681318,0.0,9.585583282742753,393.00891459245287,9.585583282742753,0.0,0.0,383.4233313097102,9.585583282742753,0.0,162.95491580662684,101,121,0.47107438016528924,0.7142857142857143,0.23140495867768596,,,0.0,2024.0,2025.0,C+,2.0,C,1.0,B,3.0,B,3.0,B,3.0,B,3.0,C,1.0,C,1.0,False,False,False,2026-2026,0.5833,2026
3547809,Santo André,784290,2026,2023,47088.896964133164,100.0,3.7158266894716423,4.590138851700264,291.3645280626882,526.9916557833017,60.98327331544636,8.087387500614751,1121.5239260987644,365.8996398926782,17.923399325686745,37.376844935273574,11156,11745,0.828352490421456,0.5057596174744621,0.39174116645381013,0.9746287128712872,0.31126237623762376,0.24716900808854833,2024.0,2025.0,C+,2.0,C,1.0,C,1.0,B,3.0,C+,2.0,B,3.0,B+,4.0,B,3.0,False,False,False,2026-2026,0.5833,2026
3547908,Santo Antônio da Alegria,6947,2026,2023,40727.94011803656,74.06408629441624,0.0,0.0,592.2391988319727,0.0,0.0,0.0,814.3288983939625,24.676633284665527,74.02989985399658,49.353266569331055,63,69,0.37681159420289856,0.5217391304347826,0.3333333333333333,3.0,0.0,0.2753623188405797,2024.0,2025.0,C,1.0,C,1.0,C,1.0,C+,2.0,C+,2.0,C+,2.0,C,1.0,C,1.0,False,False,False,2026-2026,0.5833,2026
3548005,Santo Antônio de Posse,23945,2026,2023,89659.21904364169,91.20581113801452,7.15926378904036,42.95558273424216,544.1040479670673,42.95558273424216,7.15926378904036,7.15926378904036,243.41496882737223,150.34453956984754,35.7963189452018,286.3705515616144,191,247,0.5870445344129555,0.34,0.4048582995951417,0.6470588235294118,0.4117647058823529,0.044534412955465584,2024.0,2025.0,C,1.0,C,1.0,C,1.0,C,1.0,C,1.0,C,1.0,C,1.0,C+,2.0,False,False,False,2026-2026,0.5833,2026
3548054,Santo Antônio do Aracanguá,8616,2026,2023,44129.4103992572,78.29792814057173,19.896538002387583,0.0,417.8272980501393,0.0,19.896538002387583,0.0,815.758058097891,19.896538002387583,79.58615200955033,39.793076004775166,71,84,0.34523809523809523,0.5555555555555556,0.5357142857142857,,,0.08333333333333333,2024.0,2025.0,C,1.0,C,1.0,C,1.0,C+,2.0,B,3.0,C,1.0,C,1.0,C,1.0,False,False,False,2026-2026,0.5833,2026
3548104,Santo Antônio do Jardim,6248,2026,2023,40611.87580025608,59.431263671546354,0.0,0.0,356.6855679531735,0.0,0.0,0.0,301.8108651911469,27.43735138101335,109.7494055240534,137.18675690506677,34,40,0.425,0.7777777777777778,0.225,0.0,0.0,0.125,2024.0,2025.0,C,1.0,C,1.0,B,3.0,C,1.0,C+,2.0,C+,2.0,C,1.0,B,3.0,False,False,False,2026-2026,0.5833,2026
3548203,Santo Antônio do Pinhal,7333,2026,2023,26148.50675030683,59.43570767807586,0.0,23.377685998714224,303.9099179832849,46.75537199742845,0.0,0.0,561.0644639691415,46.75537199742845,23.377685998714224,0.0,43,47,0.5319148936170213,0.6666666666666666,0.44680851063829785,1.0,0.0,0.0425531914893617,2024.0,2025.0,C+,2.0,C,1.0,B,3.0,B,3.0,B,3.0,C,1.0,C+,2.0,A,5.0,False,False,False,2026-2026,0.5833,2026
3548302,Santo Expedito,3075,2026,2023,19595.447154471545,88.4052800570817,0.0,0.0,836.2369337979093,55.74912891986062,0.0,0.0,390.24390243902434,0.0,111.49825783972123,0.0,25,30,0.3,0.6,0.5,,,0.03333333333333333,2024.0,2025.0,C,1.0,C,1.0,B,3.0,C+,2.0,C+,2.0,C,1.0,C,1.0,C,1.0,False,True,False,2026-2026,0.5833,2026
3548401,Santópolis do Aguapeí,3909,2026,2023,25019.69813251471,96.6331540799626,0.0,43.85484047801776,657.8226071702665,0.0,0.0,0.0,745.532288126302,0.0,0.0,87.70968095603553,35,39,0.3076923076923077,0.5454545454545454,0.28205128205128205,,,0.05128205128205128,2024.0,2025.0,C+,2.0,C+,2.0,B,3.0,B,3.0,B,3.0,C,1.0,C,1.0,C,1.0,False,True,False,2026-2026,0.5833,2026
3548500,Santos,429528,2026,2023,72083.11914473561,99.9251311397234,1.9955459414586638,9.578620519001587,319.686459821678,262.6138458959602,11.574166460460251,1.5964367531669312,1299.499517077882,182.3928990493219,22.35011454433704,71.04143551592844,5468,6175,0.742995951417004,0.47127831715210355,0.4003238866396761,0.8028455284552846,0.6341463414634146,0.19012145748987855,2024.0,2025.0,C+,2.0,C,1.0,B,3.0,B,3.0,B,3.0,C+,2.0,B+,4.0,B,3.0,False,False,False,2026-2026,0.5833,2026
3548609,São Bento do Sapucaí,12025,2026,2023,29502.536382536382,48.14673290026748,0.0,0.0,213.8402138402138,14.256014256014256,0.0,0.0,270.86427086427085,42.76804276804276,14.256014256014256,0.0,39,43,0.6511627906976745,0.42105263157894735,0.4418604651162791,2.0,0.3333333333333333,0.13953488372093023,2024.0,2025.0,C+,2.0,C,1.0,B,3.0,B,3.0,B,3.0,C+,2.0,C,1.0,B,3.0,False,False,False,2026-2026,0.5833,2026
3548708,São Bernardo do Campo,842558,2026,2023,85413.45640300134,98.32715624399872,3.051930634364128,7.731557607055792,287.69532779939186,362.3658973201675,62.86977106790104,6.307323311019198,834.8047595197345,252.4963944830589,22.991210778876436,39.67509824673367,9240,10178,0.8018274710159167,0.48318536454129674,0.36519944979367264,0.9560283687943263,0.3702127659574468,0.2107486736097465,2024.0,2025.0,B,3.0,C,1.0,B,3.0,B,3.0,B,3.0,B+,4.0,B+,4.0,A,5.0,False,False,False,2026-2026,0.5833,2026
3548807,São Caetano do Sul,173216,2026,2023,130204.1843709588,100.0,0.0,1.9793618537383546,181.11160961705946,135.58628698107728,4.948404634345886,0.9896809268691773,928.3207094032883,63.33957931962735,3.958723707476709,3.958723707476709,1338,1480,0.7804054054054054,0.42071197411003236,0.4175675675675676,2.180327868852459,0.18032786885245902,0.24121621621621622,2024.0,2025.0,C+,2.0,C,1.0,C,1.0,B,3.0,B,3.0,B,3.0,B+,4.0,B+,4.0,False,False,False,2026-2026,0.5833,2026
3548906,São Carlos,267441,2026,2023,68751.31337379085,95.9950439288128,3.2049792557717667,5.768962660389181,317.9339421725593,54.48464734812004,12.178921171932716,1.2819917023087068,978.1596688615432,126.27618267740762,31.408796706563315,100.63634863123349,2545,2774,0.6290555155010815,0.5596153846153846,0.3749098774333093,1.4619289340101522,0.26903553299492383,0.10273972602739725,2024.0,2025.0,C+,2.0,C,1.0,C+,2.0,C+,2.0,B,3.0,C+,2.0,B+,4.0,C,1.0,False,False,False,2026-2026,0.5833,2026
3549003,São Francisco,2617,2026,2023,22757.355750859762,77.58682420336555,0.0,0.0,196.5172771439489,0.0,0.0,0.0,458.54031333588074,0.0,0.0,0.0,10,16,0.5,0.6,0.3125,,,0.0625,2024.0,2025.0,C,1.0,C,1.0,C+,2.0,C+,2.0,B,3.0,C,1.0,C,1.0,C,1.0,False,True,False,2026-2026,0.5833,2026
3549102,São João da Boa Vista,96365,2026,2023,52002.08581954029,96.01023446000072,3.557901134822216,1.778950567411108,398.48492710008816,19.56845624152219,3.557901134822216,0.0,752.4960900148986,35.57901134822216,26.684258511166618,240.15832660049955,833,1030,0.5572815533980583,0.5518394648829431,0.2902912621359223,2.15,0.6,0.06116504854368932,2024.0,2025.0,C,1.0,C,1.0,B,3.0,B,3.0,C,1.0,C+,2.0,C,1.0,B,3.0,False,False,False,2026-2026,0.5833,2026
3549201,São João das Duas Pontes,2623,2026,2023,27721.311475409835,76.42244738893218,0.0,0.0,326.77958716845484,0.0,0.0,0.0,261.42366973476385,65.35591743369096,65.35591743369096,0.0,11,12,0.3333333333333333,1.0,0.08333333333333333,,,0.16666666666666666,2024.0,2025.0,C,1.0,C,1.0,B,3.0,C,1.0,C+,2.0,C,1.0,C,1.0,C,1.0,False,True,False,2026-2026,0.5833,2026
3549250,São João de Iracema,1884,2026,2023,36950.106157112525,81.57303370786518,0.0,90.99181073703367,727.9344858962694,0.0,0.0,0.0,272.975432211101,0.0,90.99181073703367,0.0,13,14,0.14285714285714285,0.25,0.2857142857142857,,,0.0,2024.0,2025.0,C,1.0,C,1.0,C,1.0,C+,2.0,B+,4.0,C,1.0,C,1.0,C,1.0,False,True,False,2026-2026,0.5833,2026
3549300,São João do Pau d'Alho,2297,2026,2023,36297.7797126687,81.07465525439848,0.0,0.0,373.1575346725542,0.0,0.0,0.0,74.63150693451084,0.0,74.63150693451084,0.0,7,7,0.2857142857142857,0.2,0.7142857142857143,,,0.0,2024.0,2025.0,C,1.0,C,1.0,B,3.0,B,3.0,B,3.0,C,1.0,C+,2.0,C,1.0,False,True,False,2026-2026,0.5833,2026
3549409,São Joaquim da Barra,49948,2026,2023,54732.64194762553,98.20691434468525,0.0,3.432140855060691,326.0533812307657,6.864281710121382,0.0,0.0,610.9210722008031,51.48211282591037,44.61783111578899,175.03918360809524,355,964,0.7240663900414938,0.5195530726256983,0.18568464730290457,1.0,0.7333333333333333,0.0487551867219917,2024.0,2025.0,C+,2.0,C,1.0,B,3.0,C+,2.0,C+,2.0,C+,2.0,B+,4.0,C,1.0,False,False,False,2026-2026,0.5833,2026
3549508,São José da Bela Vista,7640,2026,2023,43981.937172774866,89.0435403283369,0.0,22.438294689603588,493.64248317127897,67.31488406881077,0.0,0.0,942.4083769633507,22.438294689603588,112.19147344801794,89.75317875841435,78,117,0.5470085470085471,0.7,0.17094017094017094,,,0.05982905982905983,2024.0,2025.0,C,1.0,C,1.0,C,1.0,C,1.0,B,3.0,C,1.0,C,1.0,C,1.0,False,False,False,2026-2026,0.5833,2026
3549607,São José do Barreiro,3881,2026,2023,20755.73305849008,70.37037037037037,0.0,0.0,618.3973202782787,0.0,0.0,0.0,353.36989730187355,0.0,44.171237162734194,176.68494865093678,27,29,0.3793103448275862,0.5454545454545454,0.3793103448275862,,,0.034482758620689655,2024.0,2025.0,C,1.0,C,1.0,B,3.0,B,3.0,B,3.0,C,1.0,B,3.0,C+,2.0,False,True,False,2026-2026,0.5833,2026
3549706,São José do Rio Pardo,53437,2026,2023,53838.59498100567,88.55298651252409,0.0,3.208050066968045,372.1338077682932,12.83220026787218,6.41610013393609,0.0,612.7375627908966,19.24830040180827,35.28855073664849,336.84525703164473,436,502,0.7330677290836654,0.6046511627906976,0.25697211155378485,1.8,0.3,0.05179282868525897,2024.0,2025.0,C,1.0,C,1.0,C,1.0,C+,2.0,B,3.0,C,1.0,B,3.0,B+,4.0,False,False,False,2026-2026,0.5833,2026
3549805,São José do Rio Preto,506466,2026,2023,52106.40200921681,93.93324809311758,8.800477933647782,15.90855626467099,470.1486096091064,88.00477933647781,23.016634595694196,0.0,1350.1964029738845,186.84091612975288,48.06414871453788,113.39077337584641,6808,8003,0.61839310258653,0.5175761633746234,0.37323503686117704,1.8650793650793651,0.628968253968254,0.11070848431838061,2024.0,2025.0,B,3.0,C,1.0,B+,4.0,B,3.0,B,3.0,B,3.0,B+,4.0,B+,4.0,False,False,False,2026-2026,0.5833,2026
3549904,São José dos Campos,729153,2026,2023,84199.78248735177,97.9656179108174,4.467022500274781,6.818086974103612,354.30541620600496,83.46278882092354,5.87766118457208,0.4702128947657664,657.1225204351585,87.22449197904967,30.563838159774814,102.74151750631995,5670,6295,0.691977760127085,0.5155763239875389,0.4079428117553614,1.3424657534246576,0.2136986301369863,0.12041302621127879,2024.0,2025.0,B,3.0,B,3.0,C+,2.0,B,3.0,B,3.0,B,3.0,B,3.0,A,5.0,False,False,False,2026-2026,0.5833,2026
3549953,São Lourenço da Serra,16541,2026,2023,20924.672027084216,91.02554927359908,10.363857773325156,20.727715546650312,259.0964443331289,93.2747199599264,31.09157331997547,20.727715546650312,663.28689749281,62.18314663995094,103.63857773325155,41.455431093300625,126,134,0.5970149253731343,0.45161290322580644,0.4626865671641791,2.1176470588235294,0.058823529411764705,0.2462686567164179,2024.0,2025.0,C,1.0,C,1.0,B,3.0,C,1.0,C+,2.0,C,1.0,C,1.0,C,1.0,False,False,False,2026-2026,0.5833,2026
3550001,São Luiz do Paraitinga,10485,2026,2023,24089.556509299,59.44022314129076,0.0,16.349887594522787,376.04741467402414,49.04966278356836,0.0,0.0,457.7968526466381,32.699775189045575,16.349887594522787,16.349887594522787,59,68,0.35294117647058826,0.6,0.22058823529411764,0.0,0.25,0.07352941176470588,2024.0,2025.0,C+,2.0,C,1.0,C+,2.0,B,3.0,B,3.0,B,3.0,A,5.0,B+,4.0,False,False,False,2026-2026,0.5833,2026
3550100,São Manuel,38099,2026,2023,49604.3728181842,97.57706953210578,0.0,8.999111337755396,589.4417926229785,44.99555668877698,13.498667006633095,0.0,665.9342389938993,49.495112357654676,49.495112357654676,188.98133809286333,358,417,0.46522781774580335,0.4772727272727273,0.21103117505995203,1.3846153846153846,0.23076923076923078,0.07673860911270983,2024.0,2025.0,C+,2.0,C+,2.0,C+,2.0,C,1.0,B,3.0,B,3.0,C+,2.0,B+,4.0,False,False,False,2026-2026,0.5833,2026
3550209,São Miguel Arcanjo,32943,2026,2023,35143.308138299486,68.36883942766295,0.0,5.203793565509256,291.41243966851835,26.018967827546284,5.203793565509256,0.0,556.8059115094904,10.407587131018513,114.48345844120362,135.29863270324066,220,250,0.548,0.4811320754716981,0.424,7.0,0.0,0.052,2024.0,2025.0,C+,2.0,B,3.0,B+,4.0,C+,2.0,C+,2.0,C,1.0,C,1.0,C+,2.0,False,False,False,2026-2026,0.5833,2026
3550308,São Paulo,11911337,2026,2023,89563.84199355623,99.10108878986392,4.044166374558,5.72803635969425,359.3551252894616,731.0442384187673,56.94934642037725,10.606941701242869,2019.247953201463,309.37153162810955,27.445641552605363,62.979615854326724,249219,260355,0.8151178198997523,0.4612941323837303,0.42928309423671523,1.1300596643344636,0.3019702107567498,0.3782105202511955,,,,,,,,,,,,,,,,,,,True,False,True,2026-2026,0.5833,2026
3550407,São Pedro,40054,2026,2023,31037.524342138113,84.03448929315898,0.0,12.839809114837825,346.67484610062127,25.67961822967565,4.2799363716126075,0.0,462.2331281341617,64.19904557418913,4.2799363716126075,243.95637318191868,272,308,0.4902597402597403,0.5225225225225225,0.36038961038961037,1.9230769230769231,0.46153846153846156,0.10714285714285714,2024.0,2025.0,C+,2.0,C,1.0,B,3.0,B,3.0,B,3.0,C,1.0,B,3.0,C,1.0,False,False,False,2026-2026,0.5833,2026
3550506,São Pedro do Turvo,7334,2026,2023,53713.66239432779,71.54765212559045,23.374498422221354,23.374498422221354,467.4899684444271,23.374498422221354,0.0,0.0,257.11948264443487,46.74899684444271,163.62148895554947,140.24699053332813,49,55,0.38181818181818183,0.4375,0.2909090909090909,,,0.03636363636363636,2024.0,2025.0,C+,2.0,C,1.0,B,3.0,B,3.0,B,3.0,C,1.0,B,3.0,C+,2.0,False,False,False,2026-2026,0.5833,2026
3550605,São Roque,81387,2026,2023,55691.53550321305,90.69664175790716,0.0,6.319015497385507,358.0775448518454,56.87113947646956,40.02043148344155,4.212676998257005,743.5374901923614,73.72184746949758,21.063384991285027,61.08381647472657,648,737,0.4843962008141113,0.5063291139240507,0.32157394843962006,2.3404255319148937,0.48936170212765956,0.14246947082767977,2024.0,2025.0,C+,2.0,C,1.0,B+,4.0,C+,2.0,B,3.0,C,1.0,C,1.0,B+,4.0,False,False,False,2026-2026,0.5833,2026
3550704,São Sebastião,84514,2026,2023,205890.37319260713,98.87344134591976,12.170426539643474,24.340853079286948,703.8563348760475,117.64745654988691,2.028404423273912,0.0,1277.8947866625647,54.76691942839563,48.681706158573895,168.3575671317347,1188,1294,0.5904173106646059,0.5024793388429752,0.46754250386398766,2.1818181818181817,0.45454545454545453,0.178516228748068,2024.0,2025.0,C,1.0,C,1.0,C,1.0,B,3.0,C+,2.0,C,1.0,B,3.0,C+,2.0,False,False,False,2026-2026,0.5833,2026
3550803,São Sebastião da Grama,10378,2026,2023,46432.45326652534,65.8814778080833,0.0,0.0,462.51686259394864,16.51845937835531,16.51845937835531,0.0,759.8491314043442,16.51845937835531,49.555378135065936,33.03691875671062,82,92,0.29347826086956524,0.5,0.34782608695652173,0.4,0.4,0.06521739130434782,2024.0,2025.0,C,1.0,C,1.0,B,3.0,C,1.0,B,3.0,C,1.0,C,1.0,B,3.0,False,False,False,2026-2026,0.5833,2026
3550902,São Simão,13533,2026,2023,47889.75097908815,90.11571169664018,12.667447825949266,0.0,456.0281217341735,76.00468695569559,0.0,25.33489565189853,823.3841086867022,12.667447825949266,38.002343477847795,266.0164043449346,135,149,0.4563758389261745,0.6086956521739131,0.3087248322147651,2.2,0.0,0.06711409395973154,2024.0,2025.0,C,1.0,C,1.0,B,3.0,C+,2.0,C,1.0,C,1.0,C,1.0,C+,2.0,False,False,False,2026-2026,0.5833,2026
3551009,São Vicente,338253,2026,2023,21920.444164575038,99.81109657236536,8.10889228730312,11.656532662998238,360.33890101703247,347.16195105016493,73.99364212164099,0.0,1184.9118854821686,158.63020537036732,31.92876338125604,107.94962857472281,4508,4838,0.7912360479536998,0.48402948402948404,0.42062835882596117,1.0734177215189873,0.5544303797468354,0.20442331541959488,2024.0,2025.0,C,1.0,C,1.0,C,1.0,C+,2.0,C+,2.0,C,1.0,C,1.0,C,1.0,False,False,False,2026-2026,0.5833,2026
3551108,Sarapuí,10718,2026,2023,25202.74304907632,73.62357372327462,15.99445525551142,31.98891051102284,383.8669261322741,15.99445525551142,0.0,0.0,943.6728600751738,31.98891051102284,79.97227627755711,127.95564204409136,102,109,0.3211009174311927,0.5,0.22018348623853212,7.0,1.0,0.01834862385321101,2024.0,2025.0,C+,2.0,C,1.0,B,3.0,C,1.0,B,3.0,C,1.0,C+,2.0,C,1.0,False,False,False,2026-2026,0.5833,2026
3551207,Sarutaiá,3775,2026,2023,30631.7880794702,81.63997791275538,0.0,0.0,544.9385052034058,0.0,0.0,0.0,363.29233680227054,0.0,45.41154210028382,45.41154210028382,22,27,0.4444444444444444,0.6666666666666666,0.1111111111111111,,,0.07407407407407407,2024.0,2025.0,B,3.0,C,1.0,B,3.0,B+,4.0,B,3.0,C+,2.0,B+,4.0,C,1.0,False,True,False,2026-2026,0.5833,2026
3551306,Sebastianópolis do Sul,3194,2026,2023,142311.20851596745,77.43319036621577,0.0,0.0,107.34412738169783,0.0,0.0,0.0,214.68825476339566,0.0,0.0,53.672063690848915,7,9,0.1111111111111111,0.4,0.5555555555555556,,,0.0,2024.0,2025.0,C+,2.0,C,1.0,B,3.0,C+,2.0,B+,4.0,C+,2.0,C,1.0,C+,2.0,False,True,False,2026-2026,0.5833,2026
3551405,Serra Azul,13153,2026,2023,20474.188398084087,71.22423596304193,0.0,26.066839721519262,573.4704738734238,26.066839721519262,26.066839721519262,0.0,547.4036341519045,0.0,65.16709930379815,130.3341986075963,107,129,0.3333333333333333,0.41379310344827586,0.2248062015503876,0.7777777777777778,0.2222222222222222,0.046511627906976744,2024.0,2025.0,C,1.0,C,1.0,C+,2.0,C,1.0,C+,2.0,C,1.0,C,1.0,C,1.0,False,False,False,2026-2026,0.5833,2026
3551504,Serrana,45734,2026,2023,31804.237547557615,98.94027470548896,0.0,18.7419175480574,404.82541903803985,86.21282072106403,14.993534038445919,0.0,468.547938701435,123.69665581717885,52.47736913456072,161.18049091329362,355,400,0.545,0.5491803278688525,0.305,1.25,0.53125,0.1225,2024.0,2025.0,C,1.0,B,3.0,C,1.0,C,1.0,C+,2.0,C,1.0,C,1.0,C,1.0,False,False,False,2026-2026,0.5833,2026
3551603,Serra Negra,31155,2026,2023,32900.24073182475,86.758631144124,0.0,0.0,407.18068642960316,11.004883417016302,5.502441708508151,0.0,550.2441708508151,22.009766834032604,22.009766834032604,121.0537175871793,207,259,0.4594594594594595,0.42424242424242425,0.2548262548262548,1.2,0.8,0.0888030888030888,2024.0,2025.0,C+,2.0,C,1.0,B,3.0,B+,4.0,B,3.0,C+,2.0,C+,2.0,A,5.0,False,False,False,2026-2026,0.5833,2026
3551702,Sertãozinho,132692,2026,2023,68391.59858921412,98.81715936551774,5.167713846458608,1.291928461614652,335.90140001980956,54.260995387815385,10.335427692917216,0.0,644.6723023457114,160.19912924021685,33.590140001980956,211.87626770480293,1128,1280,0.646875,0.5561097256857855,0.31328125,0.6692913385826772,0.33070866141732286,0.0765625,2024.0,2025.0,C,1.0,C,1.0,B,3.0,C+,2.0,C,1.0,C+,2.0,C+,2.0,C+,2.0,False,False,False,2026-2026,0.5833,2026
3551801,Sete Barras,12895,2026,2023,35816.13028305545,55.294117647058826,0.0,13.29418933141306,465.29662659945717,13.29418933141306,0.0,0.0,558.3559519193485,26.58837866282612,146.23608264554366,53.17675732565224,96,110,0.3090909090909091,0.4444444444444444,0.32727272727272727,0.0,1.0,0.05454545454545454,2024.0,2025.0,C+,2.0,C+,2.0,C,1.0,C,1.0,B,3.0,C+,2.0,C,1.0,C,1.0,False,False,False,2026-2026,0.5833,2026
3551900,Severínia,14666,2026,2023,23223.578344470203,95.30998000129024,0.0,23.377685998714224,374.0429759794276,46.75537199742845,0.0,0.0,490.93140597299873,11.688842999357112,58.44421499678556,187.0214879897138,102,126,0.4444444444444444,0.5555555555555556,0.35714285714285715,0.0,0.0,0.06349206349206349,2024.0,2025.0,C+,2.0,C,1.0,B,3.0,B,3.0,B,3.0,C,1.0,B,3.0,C,1.0,False,False,False,2026-2026,0.5833,2026
3552007,Silveiras,6341,2026,2023,18335.593754928246,49.706491712707184,27.034942663392435,0.0,351.4542546241016,0.0,0.0,0.0,405.5241399508865,0.0,54.06988532678487,27.034942663392435,32,36,0.4722222222222222,0.47058823529411764,0.4722222222222222,,,0.05555555555555555,2024.0,2025.0,C,1.0,C,1.0,C+,2.0,C,1.0,C+,2.0,C,1.0,C,1.0,C,1.0,False,False,False,2026-2026,0.5833,2026
3552106,Socorro,41633,2026,2023,34811.351572070234,67.99323992803794,4.117612745383984,16.470450981535937,300.58573041303083,28.82328921768789,4.117612745383984,0.0,461.17262748300624,16.470450981535937,61.76419118075977,57.64657843537578,231,287,0.37630662020905925,0.4482758620689655,0.30313588850174217,1.4,0.0,0.14634146341463414,2024.0,2025.0,C,1.0,C,1.0,B,3.0,C,1.0,B,3.0,C,1.0,C,1.0,C,1.0,False,False,False,2026-2026,0.5833,2026
3552205,Sorocaba,766390,2026,2023,76744.58956927934,98.98231408480716,7.60522896772065,11.184160246648014,313.3801701110773,115.19685054047453,14.539408320642417,0.894732819731841,1185.5209861446892,182.74917843022854,30.868282280748513,74.03914083280985,8655,9320,0.5747854077253219,0.5425747592498733,0.42339055793991415,0.9040462427745665,0.5271676300578034,0.14216738197424894,2024.0,2025.0,C+,2.0,C,1.0,C+,2.0,B,3.0,B,3.0,B,3.0,B,3.0,A,5.0,False,False,False,2026-2026,0.5833,2026
3552304,Sud Mennucci,7461,2026,2023,40584.50609837823,85.93140551445863,0.0,22.976621287839624,367.625940605434,0.0,0.0,0.0,321.6726980297547,0.0,91.9064851513585,114.88310643919812,40,49,0.3469387755102041,0.46153846153846156,0.5306122448979592,,,0.061224489795918366,2024.0,2025.0,B,3.0,C+,2.0,B,3.0,B+,4.0,B,3.0,C,1.0,C,1.0,C,1.0,False,False,False,2026-2026,0.5833,2026
3552403,Sumaré,292307,2026,2023,65089.41968546768,98.82268110446684,3.5188053264938177,15.834623969222182,314.9330767211967,131.95519974351816,80.34605495494218,1.7594026632469089,628.6932183335621,145.4439534950778,18.766961741300364,148.37629126715598,2540,2968,0.6667789757412399,0.48782771535580527,0.35983827493261455,1.24009900990099,0.4603960396039604,0.14521563342318058,2024.0,2025.0,C,1.0,C,1.0,C+,2.0,C,1.0,C,1.0,C,1.0,C,1.0,C,1.0,False,False,False,2026-2026,0.5833,2026
3552502,Suzano,321600,2026,2023,57893.96144278607,96.4797317890887,3.7313432835820897,9.06183368869936,412.0469083155651,236.1407249466951,63.43283582089552,2.1321961620469083,804.9040511727079,186.03411513859277,23.98720682302772,54.37100213219617,3369,3677,0.7038346478107153,0.4581209031318281,0.37340223007886864,1.1028446389496718,0.18599562363238512,0.22599945607832472,2024.0,2025.0,B,3.0,B,3.0,B,3.0,C+,2.0,B,3.0,C+,2.0,B+,4.0,B+,4.0,False,False,False,2026-2026,0.5833,2026
3552551,Suzanápolis,3466,2026,2023,147577.61107905366,66.74549216671593,49.4600610007419,0.0,494.60061000741894,0.0,0.0,0.0,593.5207320089028,0.0,0.0,98.9201220014838,25,25,0.36,0.0,0.16,,,0.0,2024.0,2025.0,C+,2.0,C,1.0,B,3.0,B+,4.0,B,3.0,C,1.0,C,1.0,B,3.0,False,True,False,2026-2026,0.5833,2026
3552601,Tabapuã,11497,2026,2023,34590.84978690093,92.572384053507,0.0,14.910722051715352,357.85732924116843,0.0,0.0,0.0,417.5002174480299,14.910722051715352,89.46433231029211,0.0,60,82,0.35365853658536583,0.6153846153846154,0.3170731707317073,,,0.08536585365853659,2024.0,2025.0,C,1.0,C,1.0,B,3.0,B,3.0,C+,2.0,C,1.0,C,1.0,C,1.0,False,False,False,2026-2026,0.5833,2026
3552700,Tabatinga,15000,2026,2023,34157.4,85.64619365381996,11.428571428571429,11.428571428571429,708.5714285714286,22.857142857142858,0.0,0.0,685.7142857142857,34.285714285714285,45.714285714285715,125.71428571428571,144,176,0.29545454545454547,0.45132743362831856,0.6420454545454546,0.6666666666666666,0.6666666666666666,0.06818181818181818,2024.0,2025.0,B,3.0,C+,2.0,B,3.0,B,3.0,B,3.0,C+,2.0,C+,2.0,B+,4.0,False,False,False,2026-2026,0.5833,2026
3552809,Taboão da Serra,286201,2026,2023,42222.70013032798,100.0,5.989796381863496,5.390816743677146,374.9612535046548,398.9204390321088,64.0908212859394,5.989796381863496,687.0296449997429,218.02858829983123,22.761226251081283,60.496943456821306,3078,3352,0.7541766109785203,0.5235690235690236,0.35441527446300713,1.4625228519195612,0.4405850091407678,0.19809069212410502,2024.0,2025.0,C,1.0,C,1.0,C,1.0,C,1.0,C,1.0,C,1.0,C,1.0,C,1.0,False,False,False,2026-2026,0.5833,2026
3552908,Taciba,6434,2026,2023,37626.82623562325,84.91424571228562,26.644167147741904,0.0,479.5950086593542,0.0,0.0,0.0,426.30667436387046,0.0,106.57666859096761,0.0,39,44,0.2727272727272727,0.5,0.3181818181818182,,,0.11363636363636363,2024.0,2025.0,C,1.0,C,1.0,B,3.0,C,1.0,B,3.0,C,1.0,C,1.0,C,1.0,False,False,False,2026-2026,0.5833,2026
3553005,Taguaí,13124,2026,2023,31189.80493751905,71.63834503140008,0.0,0.0,339.61771236992206,0.0,0.0,0.0,208.99551530456742,13.062219706535464,143.68441677189008,91.43553794574824,61,65,0.27692307692307694,0.45454545454545453,0.16923076923076924,,,0.09230769230769231,2024.0,2025.0,C+,2.0,C,1.0,B+,4.0,C,1.0,B,3.0,C,1.0,C,1.0,B,3.0,False,False,False,2026-2026,0.5833,2026
3553104,Taiaçu,5737,2026,2023,27129.161582708733,90.58364438411944,0.0,0.0,358.5746657038273,0.0,29.881222141985607,0.0,627.5056649816977,0.0,0.0,0.0,34,38,0.21052631578947367,0.5555555555555556,0.23684210526315788,0.0,0.0,0.0,2024.0,2025.0,B,3.0,B,3.0,B,3.0,B,3.0,C+,2.0,B,3.0,B+,4.0,C+,2.0,False,False,False,2026-2026,0.5833,2026
3553203,Taiúva,6804,2026,2023,27682.686654908877,91.1878098035616,0.0,0.0,176.3668430335097,50.39052658100277,0.0,0.0,302.3431594860166,0.0,0.0,25.195263290501384,22,26,0.34615384615384615,0.2,0.19230769230769232,,,0.0,2024.0,2025.0,C,1.0,C,1.0,B,3.0,C+,2.0,B,3.0,C,1.0,C,1.0,C,1.0,False,False,False,2026-2026,0.5833,2026
3553302,Tambaú,21620,2026,2023,44713.87604070305,88.85566366151923,7.92916611603013,15.85833223206026,578.8291264701995,47.57499669618078,0.0,0.0,721.5541165587418,63.43332892824104,39.64583058015065,253.73331571296416,218,242,0.41735537190082644,0.36,0.2066115702479339,3.0,0.3333333333333333,0.045454545454545456,2024.0,2025.0,B,3.0,B+,4.0,B,3.0,B,3.0,B,3.0,C,1.0,C,1.0,B,3.0,False,False,False,2026-2026,0.5833,2026
3553401,Tanabi,26116,2026,2023,60976.68096186246,90.35543546040324,6.564120517252697,13.128241034505393,492.30903879395225,19.69236155175809,0.0,0.0,649.8479312080169,13.128241034505393,45.948843620768876,105.02592827604315,205,265,0.4,0.546875,0.24150943396226415,2.5,0.25,0.052830188679245285,2024.0,2025.0,C,1.0,C,1.0,B,3.0,C+,2.0,B,3.0,C,1.0,C,1.0,C,1.0,False,False,False,2026-2026,0.5833,2026
3553500,Tapiraí,8121,2026,2023,27577.145671715305,71.49276085871193,0.0,21.109293366404557,316.6394004960684,21.109293366404557,0.0,0.0,675.4973877249458,42.218586732809115,84.43717346561823,21.109293366404557,56,66,0.3333333333333333,0.25,0.24242424242424243,0.0,0.0,0.06060606060606061,2024.0,2025.0,B,3.0,B,3.0,B,3.0,B,3.0,B,3.0,C,1.0,C+,2.0,B+,4.0,False,False,False,2026-2026,0.5833,2026
3553609,Tapiratiba,11875,2026,2023,30202.35789473684,82.46839915207663,0.0,14.436090225563907,332.0300751879699,14.436090225563907,0.0,0.0,447.51879699248116,14.436090225563907,14.436090225563907,72.18045112781954,63,83,0.40963855421686746,0.5161290322580645,0.37349397590361444,7.0,1.0,0.0963855421686747,2024.0,2025.0,C+,2.0,C,1.0,B,3.0,C+,2.0,B,3.0,C+,2.0,C,1.0,B,3.0,False,False,False,2026-2026,0.5833,2026
3553658,Taquaral,2645,2026,2023,34927.41020793951,95.8547322083639,64.81231433972455,64.81231433972455,324.06157169862274,0.0,0.0,0.0,583.3108290575209,0.0,0.0,0.0,16,16,0.25,0.8571428571428571,0.4375,,,0.0625,2024.0,2025.0,C,1.0,C,1.0,B,3.0,C,1.0,B,3.0,C,1.0,C,1.0,C,1.0,False,True,False,2026-2026,0.5833,2026
3553708,Taquaritinga,53212,2026,2023,43357.607306622565,94.77661702600578,6.443229776312539,9.66484466446881,470.3557736708153,32.216148881562695,12.886459552625078,0.0,769.9659582693484,51.545838210500314,28.994533993406424,251.28596127618903,507,602,0.5099667774086378,0.5517241379310345,0.3372093023255814,0.76,0.24,0.10132890365448505,2024.0,2025.0,C,1.0,C,1.0,C,1.0,C,1.0,C,1.0,C,1.0,C,1.0,C,1.0,False,False,False,2026-2026,0.5833,2026
3553807,Taquarituba,24995,2026,2023,51174.354870974195,87.83365483827554,6.858514560054868,13.717029120109736,713.2855142457062,13.717029120109736,6.858514560054868,0.0,349.7842425627983,20.575543680164603,61.72663104049381,123.45326208098761,191,244,0.3401639344262295,0.6029411764705882,0.2786885245901639,5.5,0.0,0.01639344262295082,2024.0,2025.0,C+,2.0,C,1.0,B,3.0,B,3.0,B,3.0,C,1.0,C,1.0,C+,2.0,False,False,False,2026-2026,0.5833,2026
3553856,Taquarivaí,7223,2026,2023,59949.3285338502,54.57192778101339,0.0,0.0,284.8044935820098,0.0,0.0,0.0,403.4730325745139,0.0,71.20112339550245,47.46741559700164,34,39,0.1794871794871795,0.6363636363636364,0.28205128205128205,,,0.05128205128205128,2024.0,2025.0,C,1.0,C,1.0,B+,4.0,C,1.0,B,3.0,C,1.0,C,1.0,C,1.0,False,False,False,2026-2026,0.5833,2026
3553906,Tarabai,6631,2026,2023,28226.662645151562,92.46253973058876,25.85259710881789,25.85259710881789,413.6415537410862,0.0,0.0,0.0,232.673373979361,25.85259710881789,155.11558265290734,25.85259710881789,35,41,0.34146341463414637,0.25,0.2926829268292683,4.0,0.0,0.0,2024.0,2025.0,C+,2.0,C+,2.0,C,1.0,C+,2.0,B,3.0,B,3.0,C,1.0,C,1.0,False,False,False,2026-2026,0.5833,2026
3553955,Tarumã,15375,2026,2023,74997.26829268293,94.1094295692666,0.0,0.0,256.4459930313589,0.0,0.0,0.0,501.74216027874564,0.0,33.44947735191638,144.94773519163763,84,92,0.2608695652173913,0.35294117647058826,0.18478260869565216,,,0.08695652173913043,2024.0,2025.0,B,3.0,B,3.0,B,3.0,B,3.0,B+,4.0,B,3.0,B,3.0,B+,4.0,False,False,False,2026-2026,0.5833,2026
3554003,Tatuí,129640,2026,2023,52333.65473619253,95.276074762872,1.3223431921364657,5.289372768545863,334.5528276105258,51.57138449332216,17.190461497774052,0.0,650.5928505311412,116.36620090800898,52.89372768545863,181.16101732269578,1067,1181,0.6232006773920407,0.48704663212435234,0.3268416596104996,0.7777777777777778,0.6481481481481481,0.10160880609652836,2024.0,2025.0,C,1.0,C,1.0,C,1.0,C,1.0,C+,2.0,B,3.0,B,3.0,B+,4.0,False,False,False,2026-2026,0.5833,2026
3554102,Taubaté,323380,2026,2023,69910.94068897273,97.84237457209906,8.481839145454705,10.602298931818382,421.44138253978065,114.50482846363853,23.85517259659136,0.0,810.5457533375153,98.60138006591096,14.313103557954816,89.58942597386533,3003,3367,0.6985446985446986,0.5247295208655333,0.38431838431838433,1.2678571428571428,0.5625,0.11226611226611227,2024.0,2025.0,C,1.0,C,1.0,C,1.0,C,1.0,C,1.0,C+,2.0,C,1.0,C,1.0,False,False,False,2026-2026,0.5833,2026
3554201,Tejupá,4098,2026,2023,83242.31332357247,64.87835308796008,0.0,0.0,460.15477933486716,0.0,0.0,0.0,334.6580213344489,41.83225266680611,41.83225266680611,0.0,21,28,0.35714285714285715,0.3333333333333333,0.21428571428571427,0.0,1.0,0.0,2024.0,2025.0,C+,2.0,C+,2.0,B,3.0,B,3.0,C+,2.0,C,1.0,C,1.0,C,1.0,False,True,False,2026-2026,0.5833,2026
3554300,Teodoro Sampaio,22622,2026,2023,36369.905401821234,81.19797998690731,15.155916490900134,30.31183298180027,788.107657526807,0.0,0.0,0.0,1083.6480290993595,22.7338747363502,143.9812066635513,98.51345719085087,288,329,0.3404255319148936,0.5,0.2917933130699088,7.0,1.0,0.08814589665653495,2024.0,2025.0,C,1.0,C,1.0,B,3.0,C+,2.0,B+,4.0,C,1.0,C,1.0,C,1.0,False,False,False,2026-2026,0.5833,2026
3554409,Terra Roxa,7947,2026,2023,29876.179690449226,95.3203997648442,21.571482500134824,0.0,539.2870625033705,0.0,0.0,0.0,431.42965000269646,64.71444750040446,21.571482500134824,129.42889500080892,56,63,0.4444444444444444,0.4090909090909091,0.3492063492063492,3.0,0.0,0.09523809523809523,2024.0,2025.0,C,1.0,C,1.0,C,1.0,B,3.0,C+,2.0,C,1.0,C,1.0,C,1.0,False,False,False,2026-2026,0.5833,2026
3554508,Tietê,38749,2026,2023,76258.69054685283,90.91624813356862,0.0,8.848154606754827,300.8372566296642,48.664850337151556,17.696309213509654,4.4240773033774135,588.4022813491961,92.9056233709257,26.544463820264486,39.816695730396724,255,281,0.4626334519572954,0.59375,0.3416370106761566,0.896551724137931,0.27586206896551724,0.19217081850533807,2024.0,2025.0,C,1.0,C,1.0,B,3.0,C,1.0,B,3.0,C,1.0,B+,4.0,B+,4.0,False,False,False,2026-2026,0.5833,2026
3554607,Timburi,2478,2026,2023,32392.251815980628,72.713529856387,0.0,0.0,484.26150121065376,0.0,0.0,0.0,207.54064337599448,0.0,0.0,0.0,10,11,0.36363636363636365,1.0,0.2727272727272727,,,0.0,2024.0,2025.0,C,1.0,C,1.0,C,1.0,C,1.0,C+,2.0,C,1.0,C,1.0,C,1.0,False,True,False,2026-2026,0.5833,2026
3554656,Torre de Pedra,2049,2026,2023,21516.34943875061,65.17302573203195,0.0,83.66450533361223,501.9870320016733,0.0,0.0,0.0,334.6580213344489,0.0,0.0,0.0,11,13,0.5384615384615384,1.0,0.23076923076923078,,,0.0,2024.0,2025.0,C+,2.0,C+,2.0,B,3.0,B,3.0,B+,4.0,C,1.0,C,1.0,C+,2.0,False,True,False,2026-2026,0.5833,2026
3554706,Torrinha,9484,2026,2023,40075.39013074652,85.09110396570205,0.0,18.075555823341567,506.1155630535639,72.30222329336627,0.0,0.0,343.43556064348974,36.151111646683134,126.52889076339098,415.73778393685603,84,90,0.4222222222222222,0.64,0.2777777777777778,0.4,0.4,0.011111111111111112,2024.0,2025.0,C,1.0,C,1.0,B,3.0,C,1.0,C+,2.0,C,1.0,C+,2.0,C,1.0,False,False,False,2026-2026,0.5833,2026
3554755,Trabiju,1728,2026,2023,38565.39351851852,91.83937823834198,0.0,0.0,198.4126984126984,0.0,0.0,0.0,198.4126984126984,99.2063492063492,0.0,0.0,5,5,0.4,0.5,0.4,,,0.0,2024.0,2025.0,C,1.0,C,1.0,B,3.0,C,1.0,B,3.0,C,1.0,C,1.0,C,1.0,False,True,False,2026-2026,0.5833,2026
3554805,Tremembé,53734,2026,2023,20318.066773365095,90.12297481944174,3.1903184469529795,3.1903184469529795,354.12534761178074,66.99668738601258,28.71286602257682,0.0,370.07693984654566,31.903184469529798,3.1903184469529795,66.99668738601258,291,410,0.44390243902439025,0.4217687074829932,0.35853658536585364,1.1176470588235294,0.5882352941176471,0.08292682926829269,2024.0,2025.0,C+,2.0,C,1.0,B,3.0,C+,2.0,C+,2.0,C,1.0,C,1.0,C+,2.0,False,False,False,2026-2026,0.5833,2026
3554904,Três Fronteiras,7102,2026,2023,21895.944804280483,84.72452552054543,0.0,0.0,458.6233254214104,24.1380697590216,0.0,0.0,651.7278834935831,0.0,24.1380697590216,72.4142092770648,51,64,0.375,0.45454545454545453,0.171875,,,0.125,2024.0,2025.0,C,1.0,C,1.0,C,1.0,C,1.0,B,3.0,C+,2.0,C,1.0,C,1.0,False,False,False,2026-2026,0.5833,2026
3554953,Tuiuti,7002,2026,2023,34230.50556983719,50.067453625632375,0.0,0.0,416.20761415105886,0.0,0.0,0.0,538.621618313135,24.482800832415222,146.89680499449136,24.482800832415222,47,59,0.4406779661016949,0.6296296296296297,0.4576271186440678,6.0,1.0,0.01694915254237288,2024.0,2025.0,C+,2.0,C,1.0,B,3.0,B+,4.0,C+,2.0,C,1.0,C,1.0,B,3.0,False,False,False,2026-2026,0.5833,2026
3555000,Tupã,65447,2026,2023,47799.01294176967,95.98903522591216,5.238699143690968,10.477398287381936,426.95398021081394,23.57414614660936,0.0,0.0,573.637556234161,31.432194862145813,36.67089400583678,285.5091033311578,532,734,0.4822888283378747,0.5116279069767442,0.23433242506811988,8.333333333333334,0.6666666666666666,0.05313351498637602,2024.0,2025.0,C+,2.0,C,1.0,B,3.0,B,3.0,B,3.0,C+,2.0,C+,2.0,B+,4.0,False,False,False,2026-2026,0.5833,2026
3555109,Tupi Paulista,16307,2026,2023,27407.739007788066,78.53388464503469,10.512575668643613,0.0,651.7796914559041,0.0,0.0,0.0,252.30181604744672,31.53772700593084,31.53772700593084,84.1006053491489,101,133,0.3383458646616541,0.37037037037037035,0.20300751879699247,5.333333333333333,0.0,0.045112781954887216,2024.0,2025.0,B,3.0,C+,2.0,B,3.0,C+,2.0,B,3.0,C+,2.0,B,3.0,C+,2.0,False,False,False,2026-2026,0.5833,2026
3555208,Turiúba,1832,2026,2023,48084.60698689956,81.86528497409327,0.0,0.0,655.0218340611353,0.0,0.0,0.0,280.723643169058,0.0,93.57454772301932,0.0,11,14,0.42857142857142855,0.6666666666666666,0.6428571428571429,,,0.0,2024.0,2025.0,C,1.0,C,1.0,C,1.0,B,3.0,B,3.0,C,1.0,C,1.0,C,1.0,False,True,False,2026-2026,0.5833,2026
3555307,Turmalina,1652,2026,2023,60669.49152542373,71.1324570273003,0.0,103.77032168799721,830.1625735039777,0.0,103.77032168799721,0.0,207.54064337599442,0.0,0.0,0.0,12,15,0.26666666666666666,0.6666666666666666,0.2,0.0,0.6666666666666666,0.0,2024.0,2025.0,C+,2.0,B,3.0,C,1.0,C+,2.0,B,3.0,C,1.0,C,1.0,C,1.0,False,True,False,2026-2026,0.5833,2026
3555356,Ubarana,5461,2026,2023,54705.36531770738,91.60521837776515,0.0,31.39142490909566,722.0027729092002,0.0,0.0,0.0,565.045648363722,0.0,0.0,62.78284981819132,44,54,0.35185185185185186,0.6666666666666666,0.2222222222222222,,,0.12962962962962962,2024.0,2025.0,C+,2.0,B,3.0,B,3.0,C,1.0,C+,2.0,C,1.0,C,1.0,C,1.0,False,False,False,2026-2026,0.5833,2026
3555406,Ubatuba,97541,2026,2023,35953.28118432249,97.59647720206596,17.57502705821874,33.39255141061561,564.1583685688216,151.14523270068116,7.030010823287496,0.0,1562.419905475646,54.482583880478096,36.90755682225936,156.4177408181468,1470,1613,0.6751394916305021,0.40253748558246827,0.5375077495350279,3.84,0.6,0.1624302541847489,2024.0,2025.0,C+,2.0,C,1.0,B,3.0,C+,2.0,B,3.0,C,1.0,C,1.0,B,3.0,False,False,False,2026-2026,0.5833,2026
3555505,Ubirajara,5310,2026,2023,37858.003766478345,72.9387847300655,0.0,64.5682001614205,355.1251008878127,0.0,0.0,0.0,581.1138014527845,32.28410008071025,32.28410008071025,96.85230024213075,36,42,0.21428571428571427,0.44,0.5952380952380952,0.0,0.0,0.11904761904761904,2024.0,2025.0,C,1.0,C,1.0,B,3.0,C,1.0,C+,2.0,C,1.0,C+,2.0,C,1.0,False,False,False,2026-2026,0.5833,2026
3555604,Uchoa,10698,2026,2023,48777.7154608338,92.9257734135783,0.0,0.0,448.681996634885,0.0,0.0,0.0,576.8768528162807,32.04871404534893,32.04871404534893,64.09742809069786,72,85,0.3176470588235294,0.2916666666666667,0.2823529411764706,,,0.047058823529411764,2024.0,2025.0,C+,2.0,C,1.0,C+,2.0,B,3.0,B+,4.0,C+,2.0,C,1.0,C,1.0,False,False,False,2026-2026,0.5833,2026
3555703,União Paulista,1629,2026,2023,44348.68017188459,76.54784240150094,0.0,0.0,631.4127861089186,0.0,0.0,0.0,315.7063930544593,0.0,0.0,0.0,9,11,0.5454545454545454,0.0,0.18181818181818182,,,0.0,2024.0,2025.0,C,1.0,C,1.0,C,1.0,C,1.0,B,3.0,C,1.0,C,1.0,C,1.0,False,True,False,2026-2026,0.5833,2026
3555802,Urânia,8973,2026,2023,40858.12994539173,84.15572657311,19.104933849166546,38.20986769833309,554.0430816258298,0.0,0.0,0.0,324.7838754358313,19.104933849166546,38.20986769833309,19.104933849166546,53,83,0.5662650602409639,0.46153846153846156,0.3132530120481928,,,0.04819277108433735,2024.0,2025.0,C,1.0,C+,2.0,C,1.0,C,1.0,B,3.0,C,1.0,C,1.0,C,1.0,False,False,False,2026-2026,0.5833,2026
3555901,Uru,1428,2026,2023,46743.6974789916,86.41087130295763,0.0,120.04801920768307,360.1440576230492,0.0,0.0,0.0,240.09603841536614,0.0,480.1920768307323,0.0,10,12,0.25,0.5,0.16666666666666666,,,0.0,2024.0,2025.0,C,1.0,C,1.0,B+,4.0,B,3.0,C+,2.0,C,1.0,C,1.0,C,1.0,False,True,False,2026-2026,0.5833,2026
3556008,Urupês,14104,2026,2023,45883.082813386274,88.98851659587856,0.0,24.309213191799692,425.4112308564946,0.0,0.0,0.0,437.5658374523944,0.0,85.0822461712989,97.23685276719877,88,101,0.2871287128712871,0.7222222222222222,0.3564356435643564,,,0.039603960396039604,2024.0,2025.0,C+,2.0,C,1.0,B,3.0,C+,2.0,B,3.0,C,1.0,C,1.0,C,1.0,False,False,False,2026-2026,0.5833,2026
3556107,Valentim Gentil,14727,2026,2023,38409.248319413324,91.27401232330554,11.640427203678374,11.640427203678374,442.33623373977827,23.28085440735675,0.0,0.0,325.9319617029945,34.92128161103512,58.202136018391876,116.40427203678375,88,113,0.4690265486725664,0.5,0.19469026548672566,1.0,0.5,0.04424778761061947,2024.0,2025.0,B,3.0,B+,4.0,B,3.0,C+,2.0,B,3.0,B,3.0,A,5.0,B+,4.0,False,False,False,2026-2026,0.5833,2026
3556206,Valinhos,132862,2026,2023,76776.66300371815,95.16166789958145,1.290275409286112,5.161101637144448,341.92298346081964,60.64294423644726,19.35413113929168,2.580550818572224,559.9795276301726,116.12478683575007,25.805508185722235,14.19302950214723,889,1159,0.631578947368421,0.4126984126984127,0.3261432269197584,0.6875,0.21428571428571427,0.08973252804141502,2024.0,2025.0,C+,2.0,C,1.0,B,3.0,C,1.0,C+,2.0,C,1.0,C,1.0,B+,4.0,False,False,False,2026-2026,0.5833,2026
3556305,Valparaíso,24830,2026,2023,57467.861457913816,95.09656272147411,13.808181347448363,20.71227202117254,400.43725907600253,13.808181347448363,0.0,0.0,586.8477072665554,6.904090673724181,41.42454404234508,214.0268108854496,188,240,0.2916666666666667,0.44285714285714284,0.2916666666666667,0.0,1.0,0.1,2024.0,2025.0,C,1.0,C,1.0,C,1.0,C+,2.0,C+,2.0,B,3.0,C+,2.0,C,1.0,False,False,False,2026-2026,0.5833,2026
3556354,Vargem,10915,2026,2023,20340.08245533669,50.23292807635495,0.0,15.705778417642822,282.70401151757085,15.705778417642822,31.411556835285644,31.411556835285644,565.4080230351417,15.705778417642822,15.705778417642822,235.58667626464234,77,84,0.44047619047619047,0.42424242424242425,0.39285714285714285,1.8,0.2,0.09523809523809523,2024.0,2025.0,C,1.0,C,1.0,B+,4.0,C,1.0,B+,4.0,C,1.0,C,1.0,C,1.0,False,False,False,2026-2026,0.5833,2026
3556404,Vargem Grande do Sul,41283,2026,2023,34678.72974347795,94.92690877604034,0.0,8.305044276267298,514.9127451285725,20.762610690668243,0.0,0.0,568.8955329243099,20.762610690668243,16.610088552534595,431.86230236589944,381,447,0.5145413870246085,0.5887850467289719,0.23937360178970918,2.2,0.4,0.026845637583892617,2024.0,2025.0,C+,2.0,C,1.0,B,3.0,B,3.0,B,3.0,C,1.0,B+,4.0,B,3.0,False,False,False,2026-2026,0.5833,2026
3556453,Vargem Grande Paulista,52574,2026,2023,67034.90318408339,100.0,3.2607100739637738,16.30355036981887,365.19952828394264,117.38556266269583,39.12852088756528,0.0,508.6707715383486,65.21420147927547,29.346390665673958,35.86781081360151,362,412,0.6310679611650486,0.5317460317460317,0.3058252427184466,1.0857142857142856,0.2,0.13106796116504854,2024.0,2025.0,C,1.0,C,1.0,B,3.0,C+,2.0,C,1.0,C,1.0,C,1.0,B,3.0,False,False,False,2026-2026,0.5833,2026
3556503,Várzea Paulista,119923,2026,2023,39492.524369803956,100.0,4.288466051430619,8.576932102861239,378.81450120970476,94.34625313147365,40.025683146685786,1.4294886838102068,557.5005866859806,120.07704944005735,31.448751043824544,71.47443419051034,915,1036,0.6148648648648649,0.4936708860759494,0.305019305019305,1.1696428571428572,0.42857142857142855,0.16216216216216217,2024.0,2025.0,C+,2.0,C,1.0,B,3.0,C+,2.0,B,3.0,C+,2.0,C,1.0,B+,4.0,False,False,False,2026-2026,0.5833,2026
3556602,Vera Cruz,10256,2026,2023,29524.66848673947,86.94400594298449,0.0,33.42990862491643,534.8785379986629,0.0,0.0,0.0,484.7336750612882,16.714954312458215,50.14486293737463,83.57477156229106,72,81,0.35802469135802467,0.5483870967741935,0.38271604938271603,4.0,0.0,0.08641975308641975,2024.0,2025.0,C+,2.0,C,1.0,C+,2.0,C+,2.0,C+,2.0,C+,2.0,B,3.0,C+,2.0,False,False,False,2026-2026,0.5833,2026
3556701,Vinhedo,79477,2026,2023,184954.94293946677,96.85746175975854,0.0,0.0,304.13111430261046,40.98220689184112,15.098707802257255,4.313916514930645,608.2622286052209,88.43528855607822,43.13916514930644,25.883499089583868,524,670,0.5925373134328358,0.40794223826714804,0.4134328358208955,1.0444444444444445,0.3111111111111111,0.1373134328358209,2024.0,2025.0,C+,2.0,C,1.0,C+,2.0,B,3.0,C+,2.0,B,3.0,B+,4.0,A,5.0,False,False,False,2026-2026,0.5833,2026
3556800,Viradouro,17689,2026,2023,31874.950534230313,97.07463722032722,0.0,0.0,377.95886063170815,38.76501134684186,0.0,9.691252836710465,271.35507942789303,67.83876985697326,48.45626418355233,145.36879255065696,99,122,0.4344262295081967,0.5294117647058824,0.2786885245901639,0.5,0.4166666666666667,0.13114754098360656,2024.0,2025.0,C+,2.0,C,1.0,B,3.0,B,3.0,B,3.0,B,3.0,B,3.0,C,1.0,False,False,False,2026-2026,0.5833,2026
3556909,Vista Alegre do Alto,8405,2026,2023,83990.60083283759,92.24513505663666,0.0,0.0,305.9403416333815,20.396022775558766,0.0,0.0,244.75227330670518,20.396022775558766,61.188068326676294,142.77215942891135,39,40,0.325,0.7142857142857143,0.175,0.0,0.0,0.05,2024.0,2025.0,C+,2.0,C,1.0,B,3.0,B,3.0,C+,2.0,B,3.0,B+,4.0,B+,4.0,False,False,False,2026-2026,0.5833,2026
3556958,Vitória Brasil,1830,2026,2023,35235.51912568306,82.61370178468624,0.0,0.0,655.7377049180328,0.0,0.0,0.0,187.3536299765808,0.0,93.6768149882904,0.0,10,15,0.5333333333333333,0.0,0.2,,,0.0,2024.0,2025.0,C+,2.0,B,3.0,B,3.0,C+,2.0,B,3.0,C,1.0,C,1.0,C,1.0,False,True,False,2026-2026,0.5833,2026
3557006,Votorantim,134103,2026,2023,38848.15403085688,96.18597726291024,14.061686060075356,8.94834567459341,277.3987159123957,46.020063469337536,10.226680770963897,0.0,671.1259255945057,100.98847261326847,31.958377409262177,72.86510049311777,965,1061,0.5673892554194157,0.5059665871121718,0.39491046182846373,1.0963855421686748,0.8072289156626506,0.1234684260131951,2024.0,2025.0,C,1.0,C,1.0,C+,2.0,C+,2.0,B,3.0,C,1.0,B,3.0,B,3.0,False,False,False,2026-2026,0.5833,2026
3557105,Votuporanga,100935,2026,2023,45397.56278793283,97.19808246351484,3.3968112434452156,6.793622486890431,380.4428592658641,28.87289556928433,1.6984056217226078,0.0,621.6164575504745,33.96811243445215,39.06332929961998,105.30114854680167,719,1168,0.574486301369863,0.49814126394052044,0.2303082191780822,1.7647058823529411,0.5294117647058824,0.08561643835616438,2024.0,2025.0,B,3.0,C,1.0,B,3.0,C+,2.0,B,3.0,B,3.0,B+,4.0,A,5.0,False,False,False,2026-2026,0.5833,2026
3557154,Zacarias,2784,2026,2023,63779.4540229885,78.62955032119915,0.0,61.576354679802954,369.4581280788177,0.0,0.0,0.0,184.72906403940885,0.0,184.72906403940885,0.0,13,16,0.25,1.0,0.1875,,,0.0,2024.0,2025.0,C,1.0,C,1.0,B,3.0,C+,2.0,C+,2.0,C,1.0,C,1.0,C,1.0,False,True,False,2026-2026,0.5833,2026
3557204,Chavantes,12418,2026,2023,38429.69882428733,91.95146111936602,0.0,13.804845500770769,621.2180475346846,13.804845500770769,0.0,0.0,1145.8021765639737,41.41453650231231,41.41453650231231,165.65814600924924,148,166,0.4036144578313253,0.5681818181818182,0.26506024096385544,2.25,0.25,0.0783132530120482,2024.0,2025.0,C,1.0,C,1.0,C,1.0,C,1.0,C,1.0,C,1.0,C,1.0,C,1.0,False,False,False,2026-2026,0.5833,2026
3557303,Estiva Gerbi,11647,2026,2023,45695.20048081051,79.75906013540423,14.718689055428127,29.437378110856255,544.5914950508408,58.87475622171251,29.437378110856255,0.0,544.5914950508408,117.74951244342502,14.718689055428127,662.3410074942658,137,163,0.6134969325153374,0.5185185185185185,0.3312883435582822,0.3333333333333333,0.3333333333333333,0.03680981595092025,2024.0,2025.0,C,1.0,C,1.0,B,3.0,C,1.0,C+,2.0,C,1.0,C+,2.0,C,1.0,False,False,False,2026-2026,0.5833,2026
