codigo_ibge,ano,natureza,ocorrencias
3500105,2026,APREENSAO DE ENTORPECENTES,2
3500105,2026,ESTUPRO,4
3500105,2026,ESTUPRO DE VULNERAVEL,3
3500105,2026,FURTO - OUTROS,110
3500105,2026,FURTO DE VEICULO,1
3500105,2026,LESAO CORPORAL CULPOSA - OUTRAS,7
3500105,2026,LESAO CORPORAL CULPOSA POR ACIDENTE DE TRANSITO,90
3500105,2026,LESAO CORPORAL DOLOSA,90
3500105,2026,PORTE DE ARMA,4
3500105,2026,PORTE DE ENTORPECENTES,19
3500105,2026,ROUBO - OUTROS,1
3500105,2026,TENTATIVA DE HOMICIDIO,1
3500105,2026,TRAFICO DE ENTORPECENTES,21
3500204,2026,ESTUPRO,1
3500204,2026,ESTUPRO DE VULNERAVEL,4
3500204,2026,FURTO - OUTROS,12
3500204,2026,FURTO DE VEICULO,2
3500204,2026,LESAO CORPORAL DOLOSA,8
3500204,2026,ROUBO DE VEICULO,1
3500204,2026,TENTATIVA DE HOMICIDIO,1
3500204,2026,TRAFICO DE ENTORPECENTES,2
3500303,2026,APREENSAO DE ENTORPECENTES,4
3500303,2026,ESTUPRO,2
3500303,2026,ESTUPRO DE VULNERAVEL,3
3500303,2026,FURTO - OUTROS,144
3500303,2026,FURTO DE VEICULO,3
3500303,2026,HOMICIDIO CULPOSO POR ACIDENTE DE TRANSITO,2
3500303,2026,HOMICIDIO DOLOSO,4
3500303,2026,LESAO CORPORAL CULPOSA - OUTRAS,6
3500303,2026,LESAO CORPORAL CULPOSA POR ACIDENTE DE TRANSITO,31
3500303,2026,LESAO CORPORAL DOLOSA,68
3500303,2026,PORTE DE ARMA,3
3500303,2026,PORTE DE ENTORPECENTES,11
3500303,2026,ROUBO - OUTROS,1
3500303,2026,ROUBO DE VEICULO,3
3500303,2026,TENTATIVA DE HOMICIDIO,3
3500303,2026,TRAFICO DE ENTORPECENTES,63
3500402,2026,ESTUPRO DE VULNERAVEL,1
3500402,2026,FURTO - OUTROS,22
3500402,2026,FURTO DE VEICULO,4
3500402,2026,HOMICIDIO CULPOSO POR ACIDENTE DE TRANSITO,4
3500402,2026,LESAO CORPORAL CULPOSA - OUTRAS,2
3500402,2026,LESAO CORPORAL CULPOSA POR ACIDENTE DE TRANSITO,6
3500402,2026,LESAO CORPORAL DOLOSA,19
3500402,2026,PORTE DE ARMA,1
3500402,2026,PORTE DE ENTORPECENTES,9
3500402,2026,TRAFICO DE ENTORPECENTES,5
3500501,2026,ESTUPRO DE VULNERAVEL,2
3500501,2026,FURTO - OUTROS,39
3500501,2026,FURTO DE VEICULO,4
3500501,2026,HOMICIDIO CULPOSO POR ACIDENTE DE TRANSITO,2
3500501,2026,HOMICIDIO DOLOSO,1
3500501,2026,LESAO CORPORAL CULPOSA POR ACIDENTE DE TRANSITO,16
3500501,2026,LESAO CORPORAL DOLOSA,37
3500501,2026,PORTE DE ARMA,1
3500501,2026,PORTE DE ENTORPECENTES,8
3500501,2026,ROUBO DE VEICULO,1
3500501,2026,TRAFICO DE ENTORPECENTES,10
3500550,2026,ESTUPRO,2
3500550,2026,ESTUPRO DE VULNERAVEL,1
3500550,2026,FURTO - OUTROS,39
3500550,2026,FURTO DE VEICULO,1
3500550,2026,LESAO CORPORAL CULPOSA POR ACIDENTE DE TRANSITO,4
3500550,2026,LESAO CORPORAL DOLOSA,21
3500550,2026,PORTE DE ENTORPECENTES,3
3500550,2026,ROUBO - OUTROS,2
3500550,2026,ROUBO DE VEICULO,2
3500550,2026,TRAFICO DE ENTORPECENTES,7
3500600,2026,FURTO - OUTROS,8
3500600,2026,FURTO DE VEICULO,1
3500600,2026,HOMICIDIO CULPOSO POR ACIDENTE DE TRANSITO,1
3500600,2026,LESAO CORPORAL CULPOSA POR ACIDENTE DE TRANSITO,2
3500600,2026,LESAO CORPORAL DOLOSA,10
3500600,2026,PORTE DE ARMA,1
3500600,2026,PORTE DE ENTORPECENTES,1
3500600,2026,TRAFICO DE ENTORPECENTES,4
3500709,2026,ESTUPRO DE VULNERAVEL,7
3500709,2026,FURTO - OUTROS,166
3500709,2026,FURTO DE VEICULO,5
3500709,2026,HOMICIDIO CULPOSO POR ACIDENTE DE TRANSITO,4
3500709,2026,HOMICIDIO DOLOSO,3
3500709,2026,LESAO CORPORAL CULPOSA - OUTRAS,1
3500709,2026,LESAO CORPORAL CULPOSA POR ACIDENTE DE TRANSITO,45
3500709,2026,LESAO CORPORAL DOLOSA,108
3500709,2026,PORTE DE ARMA,3
3500709,2026,PORTE DE ENTORPECENTES,2
3500709,2026,ROUBO - OUTROS,3
3500709,2026,ROUBO DE VEICULO,1
3500709,2026,TENTATIVA DE HOMICIDIO,5
3500709,2026,TRAFICO DE ENTORPECENTES,31
3500758,2026,FURTO - OUTROS,13
3500758,2026,FURTO DE VEICULO,1
3500758,2026,HOMICIDIO CULPOSO POR ACIDENTE DE TRANSITO,3
3500758,2026,LESAO CORPORAL CULPOSA - OUTRAS,2
3500758,2026,LESAO CORPORAL DOLOSA,14
3500758,2026,PORTE DE ENTORPECENTES,2
3500758,2026,ROUBO - OUTROS,1
3500758,2026,ROUBO DE VEICULO,2
3500758,2026,TRAFICO DE ENTORPECENTES,1
3500808,2026,ESTUPRO DE VULNERAVEL,1
3500808,2026,FURTO - OUTROS,14
3500808,2026,LESAO CORPORAL CULPOSA - OUTRAS,1
3500808,2026,LESAO CORPORAL CULPOSA POR ACIDENTE DE TRANSITO,4
3500808,2026,LESAO CORPORAL DOLOSA,13
3500808,2026,PORTE DE ENTORPECENTES,1
3500907,2026,ESTUPRO,1
3500907,2026,ESTUPRO DE VULNERAVEL,1
3500907,2026,FURTO - OUTROS,17
3500907,2026,LESAO CORPORAL CULPOSA POR ACIDENTE DE TRANSITO,1
3500907,2026,LESAO CORPORAL DOLOSA,11
3500907,2026,PORTE DE ARMA,1
3500907,2026,ROUBO - OUTROS,1
3500907,2026,TRAFICO DE ENTORPECENTES,3
3501004,2026,APREENSAO DE ENTORPECENTES,1
3501004,2026,ESTUPRO,1
3501004,2026,ESTUPRO DE VULNERAVEL,5
3501004,2026,FURTO - OUTROS,57
3501004,2026,FURTO DE VEICULO,3
3501004,2026,LESAO CORPORAL CULPOSA POR ACIDENTE DE TRANSITO,6
3501004,2026,LESAO CORPORAL DOLOSA,42
3501004,2026,PORTE DE ENTORPECENTES,5
3501004,2026,ROUBO - OUTROS,3
3501004,2026,ROUBO DE VEICULO,2
3501004,2026,TENTATIVA DE HOMICIDIO,1
3501004,2026,TRAFICO DE ENTORPECENTES,24
3501103,2026,ESTUPRO DE VULNERAVEL,2
3501103,2026,FURTO - OUTROS,7
3501103,2026,HOMICIDIO CULPOSO POR ACIDENTE DE TRANSITO,1
3501103,2026,LESAO CORPORAL CULPOSA POR ACIDENTE DE TRANSITO,2
3501103,2026,LESAO CORPORAL DOLOSA,2
3501103,2026,TENTATIVA DE HOMICIDIO,1
3501152,2026,ESTUPRO DE VULNERAVEL,7
3501152,2026,FURTO - OUTROS,60
3501152,2026,FURTO DE VEICULO,6
3501152,2026,LESAO CORPORAL CULPOSA - OUTRAS,1
3501152,2026,LESAO CORPORAL CULPOSA POR ACIDENTE DE TRANSITO,10
3501152,2026,LESAO CORPORAL DOLOSA,35
3501152,2026,PORTE DE ENTORPECENTES,3
3501152,2026,ROUBO - OUTROS,2
3501152,2026,ROUBO DE VEICULO,2
3501152,2026,TRAFICO DE ENTORPECENTES,3
3501202,2026,FURTO - OUTROS,20
3501202,2026,FURTO DE VEICULO,1
3501202,2026,LESAO CORPORAL CULPOSA - OUTRAS,2
3501202,2026,LESAO CORPORAL CULPOSA POR ACIDENTE DE TRANSITO,3
3501202,2026,LESAO CORPORAL DOLOSA,9
3501202,2026,PORTE DE ARMA,1
3501202,2026,TRAFICO DE ENTORPECENTES,1
3501301,2026,APREENSAO DE ENTORPECENTES,1
3501301,2026,ESTUPRO,1
3501301,2026,ESTUPRO DE VULNERAVEL,4
3501301,2026,FURTO - OUTROS,105
3501301,2026,FURTO DE VEICULO,3
3501301,2026,HOMICIDIO CULPOSO POR ACIDENTE DE TRANSITO,1
3501301,2026,LESAO CORPORAL CULPOSA POR ACIDENTE DE TRANSITO,31
3501301,2026,LESAO CORPORAL DOLOSA,67
3501301,2026,PORTE DE ARMA,1
3501301,2026,PORTE DE ENTORPECENTES,1
3501301,2026,ROUBO - OUTROS,2
3501301,2026,TENTATIVA DE HOMICIDIO,1
3501301,2026,TRAFICO DE ENTORPECENTES,9
3501400,2026,ESTUPRO DE VULNERAVEL,2
3501400,2026,FURTO - OUTROS,5
3501400,2026,LESAO CORPORAL CULPOSA - OUTRAS,1
3501400,2026,LESAO CORPORAL CULPOSA POR ACIDENTE DE TRANSITO,3
3501400,2026,LESAO CORPORAL DOLOSA,18
3501400,2026,PORTE DE ENTORPECENTES,1
3501400,2026,TRAFICO DE ENTORPECENTES,9
3501509,2026,FURTO - OUTROS,7
3501509,2026,LESAO CORPORAL DOLOSA,6
3501509,2026,PORTE DE ARMA,1
3501608,2026,APREENSAO DE ENTORPECENTES,18
3501608,2026,ESTUPRO,10
3501608,2026,ESTUPRO DE VULNERAVEL,42
3501608,2026,FURTO - OUTROS,1184
3501608,2026,FURTO DE VEICULO,363
3501608,2026,HOMICIDIO CULPOSO OUTROS,2
3501608,2026,HOMICIDIO CULPOSO POR ACIDENTE DE TRANSITO,16
3501608,2026,HOMICIDIO DOLOSO,2
3501608,2026,HOMICIDIO DOLOSO POR ACIDENTE DE TRANSITO,1
3501608,2026,LESAO CORPORAL CULPOSA - OUTRAS,4
3501608,2026,LESAO CORPORAL CULPOSA POR ACIDENTE DE TRANSITO,405
3501608,2026,LESAO CORPORAL DOLOSA,463
3501608,2026,LESAO CORPORAL SEGUIDA DE MORTE,1
3501608,2026,PORTE DE ARMA,17
3501608,2026,PORTE DE ENTORPECENTES,87
3501608,2026,ROUBO - OUTROS,120
3501608,2026,ROUBO DE CARGA,2
3501608,2026,ROUBO DE VEICULO,16
3501608,2026,TENTATIVA DE HOMICIDIO,7
3501608,2026,TRAFICO DE ENTORPECENTES,279
3501707,2026,APREENSAO DE ENTORPECENTES,3
3501707,2026,ESTUPRO,3
3501707,2026,ESTUPRO DE VULNERAVEL,4
3501707,2026,FURTO - OUTROS,136
3501707,2026,FURTO DE VEICULO,3
3501707,2026,HOMICIDIO DOLOSO,1
3501707,2026,LESAO CORPORAL CULPOSA - OUTRAS,1
3501707,2026,LESAO CORPORAL CULPOSA POR ACIDENTE DE TRANSITO,23
3501707,2026,LESAO CORPORAL DOLOSA,50
3501707,2026,PORTE DE ARMA,6
3501707,2026,PORTE DE ENTORPECENTES,6
3501707,2026,ROUBO - OUTROS,7
3501707,2026,TENTATIVA DE HOMICIDIO,3
3501707,2026,TRAFICO DE ENTORPECENTES,17
3501806,2026,ESTUPRO,1
3501806,2026,ESTUPRO DE VULNERAVEL,1
3501806,2026,FURTO - OUTROS,10
3501806,2026,FURTO DE VEICULO,1
3501806,2026,LESAO CORPORAL CULPOSA POR ACIDENTE DE TRANSITO,3
3501806,2026,LESAO CORPORAL DOLOSA,16
3501806,2026,PORTE DE ARMA,1
3501806,2026,ROUBO - OUTROS,1
3501806,2026,TRAFICO DE ENTORPECENTES,3
3501905,2026,APREENSAO DE ENTORPECENTES,5
3501905,2026,ESTUPRO,3
3501905,2026,ESTUPRO DE VULNERAVEL,12
3501905,2026,FURTO - OUTROS,178
3501905,2026,FURTO DE CARGA,1
3501905,2026,FURTO DE VEICULO,13
3501905,2026,HOMICIDIO CULPOSO OUTROS,1
3501905,2026,HOMICIDIO CULPOSO POR ACIDENTE DE TRANSITO,6
3501905,2026,HOMICIDIO DOLOSO,1
3501905,2026,LESAO CORPORAL CULPOSA - OUTRAS,2
3501905,2026,LESAO CORPORAL CULPOSA POR ACIDENTE DE TRANSITO,55
3501905,2026,LESAO CORPORAL DOLOSA,156
3501905,2026,LESAO CORPORAL SEGUIDA DE MORTE,1
3501905,2026,PORTE DE ARMA,5
3501905,2026,PORTE DE ENTORPECENTES,34
3501905,2026,ROUBO - OUTROS,17
3501905,2026,ROUBO DE CARGA,1
3501905,2026,ROUBO DE VEICULO,2
3501905,2026,TRAFICO DE ENTORPECENTES,66
3502002,2026,ESTUPRO DE VULNERAVEL,3
3502002,2026,FURTO - OUTROS,19
3502002,2026,FURTO DE VEICULO,1
3502002,2026,HOMICIDIO CULPOSO POR ACIDENTE DE TRANSITO,1
3502002,2026,LESAO CORPORAL CULPOSA POR ACIDENTE DE TRANSITO,5
3502002,2026,LESAO CORPORAL DOLOSA,10
3502002,2026,PORTE DE ARMA,1
3502002,2026,PORTE DE ENTORPECENTES,3
3502002,2026,ROUBO - OUTROS,1
3502002,2026,TRAFICO DE ENTORPECENTES,9
3502101,2026,ESTUPRO,4
3502101,2026,ESTUPRO DE VULNERAVEL,17
3502101,2026,FURTO - OUTROS,360
3502101,2026,FURTO DE VEICULO,4
3502101,2026,HOMICIDIO CULPOSO POR ACIDENTE DE TRANSITO,2
3502101,2026,HOMICIDIO DOLOSO,3
3502101,2026,LESAO CORPORAL CULPOSA - OUTRAS,3
3502101,2026,LESAO CORPORAL CULPOSA POR ACIDENTE DE TRANSITO,151
3502101,2026,LESAO CORPORAL DOLOSA,124
3502101,2026,PORTE DE ARMA,9
3502101,2026,PORTE DE ENTORPECENTES,25
3502101,2026,ROUBO - OUTROS,7
3502101,2026,ROUBO DE VEICULO,1
3502101,2026,TENTATIVA DE HOMICIDIO,5
3502101,2026,TRAFICO DE ENTORPECENTES,68
3502200,2026,APREENSAO DE ENTORPECENTES,1
3502200,2026,ESTUPRO,3
3502200,2026,ESTUPRO DE VULNERAVEL,5
3502200,2026,FURTO - OUTROS,112
3502200,2026,FURTO DE VEICULO,1
3502200,2026,HOMICIDIO CULPOSO POR ACIDENTE DE TRANSITO,3
3502200,2026,LESAO CORPORAL CULPOSA POR ACIDENTE DE TRANSITO,13
3502200,2026,LESAO CORPORAL DOLOSA,54
3502200,2026,PORTE DE ARMA,1
3502200,2026,PORTE DE ENTORPECENTES,6
3502200,2026,TENTATIVA DE HOMICIDIO,3
3502200,2026,TRAFICO DE ENTORPECENTES,8
3502309,2026,ESTUPRO DE VULNERAVEL,3
3502309,2026,FURTO - OUTROS,35
3502309,2026,FURTO DE VEICULO,1
3502309,2026,HOMICIDIO DOLOSO,1
3502309,2026,LESAO CORPORAL CULPOSA POR ACIDENTE DE TRANSITO,2
3502309,2026,LESAO CORPORAL DOLOSA,11
3502309,2026,PORTE DE ARMA,1
3502309,2026,PORTE DE ENTORPECENTES,4
3502309,2026,ROUBO - OUTROS,1
3502309,2026,TRAFICO DE ENTORPECENTES,4
3502408,2026,ESTUPRO DE VULNERAVEL,1
3502408,2026,FURTO - OUTROS,18
3502408,2026,HOMICIDIO CULPOSO POR ACIDENTE DE TRANSITO,1
3502408,2026,LESAO CORPORAL CULPOSA POR ACIDENTE DE TRANSITO,6
3502408,2026,LESAO CORPORAL DOLOSA,9
3502408,2026,TENTATIVA DE HOMICIDIO,1
3502408,2026,TRAFICO DE ENTORPECENTES,1
3502507,2026,APREENSAO DE ENTORPECENTES,1
3502507,2026,ESTUPRO DE VULNERAVEL,6
3502507,2026,FURTO - OUTROS,269
3502507,2026,FURTO DE VEICULO,24
3502507,2026,HOMICIDIO CULPOSO POR ACIDENTE DE TRANSITO,7
3502507,2026,HOMICIDIO DOLOSO,7
3502507,2026,LESAO CORPORAL CULPOSA - OUTRAS,2
3502507,2026,LESAO CORPORAL CULPOSA POR ACIDENTE DE TRANSITO,37
3502507,2026,LESAO CORPORAL DOLOSA,128
3502507,2026,PORTE DE ARMA,4
3502507,2026,PORTE DE ENTORPECENTES,21
3502507,2026,ROUBO - OUTROS,22
3502507,2026,ROUBO DE VEICULO,1
3502507,2026,TENTATIVA DE HOMICIDIO,3
3502507,2026,TRAFICO DE ENTORPECENTES,36
3502606,2026,ESTUPRO DE VULNERAVEL,1
3502606,2026,FURTO - OUTROS,8
3502606,2026,FURTO DE VEICULO,2
3502606,2026,HOMICIDIO CULPOSO POR ACIDENTE DE TRANSITO,1
3502606,2026,LESAO CORPORAL CULPOSA - OUTRAS,1
3502606,2026,LESAO CORPORAL CULPOSA POR ACIDENTE DE TRANSITO,6
3502606,2026,LESAO CORPORAL DOLOSA,16
3502606,2026,PORTE DE ARMA,2
3502606,2026,TRAFICO DE ENTORPECENTES,2
3502705,2026,ESTUPRO,2
3502705,2026,ESTUPRO DE VULNERAVEL,2
3502705,2026,FURTO - OUTROS,66
3502705,2026,FURTO DE VEICULO,3
3502705,2026,HOMICIDIO CULPOSO POR ACIDENTE DE TRANSITO,7
3502705,2026,LESAO CORPORAL CULPOSA - OUTRAS,5
3502705,2026,LESAO CORPORAL CULPOSA POR ACIDENTE DE TRANSITO,13
3502705,2026,LESAO CORPORAL DOLOSA,72
3502705,2026,PORTE DE ARMA,6
3502705,2026,PORTE DE ENTORPECENTES,9
3502705,2026,TENTATIVA DE HOMICIDIO,3
3502705,2026,TRAFICO DE ENTORPECENTES,23
3502754,2026,APREENSAO DE ENTORPECENTES,1
3502754,2026,ESTUPRO,3
3502754,2026,ESTUPRO DE VULNERAVEL,9
3502754,2026,FURTO - OUTROS,127
3502754,2026,FURTO DE CARGA,1
3502754,2026,FURTO DE VEICULO,7
3502754,2026,HOMICIDIO CULPOSO POR ACIDENTE DE TRANSITO,3
3502754,2026,HOMICIDIO DOLOSO,1
3502754,2026,LESAO CORPORAL CULPOSA POR ACIDENTE DE TRANSITO,11
3502754,2026,LESAO CORPORAL DOLOSA,64
3502754,2026,PORTE DE ARMA,3
3502754,2026,PORTE DE ENTORPECENTES,23
3502754,2026,ROUBO - OUTROS,11
3502754,2026,ROUBO DE CARGA,11
3502754,2026,ROUBO DE VEICULO,7
3502754,2026,TENTATIVA DE HOMICIDIO,3
3502754,2026,TRAFICO DE ENTORPECENTES,5
3502804,2026,APREENSAO DE ENTORPECENTES,4
3502804,2026,ESTUPRO,8
3502804,2026,ESTUPRO DE VULNERAVEL,23
3502804,2026,FURTO - OUTROS,1178
3502804,2026,FURTO DE VEICULO,54
3502804,2026,HOMICIDIO CULPOSO POR ACIDENTE DE TRANSITO,7
3502804,2026,HOMICIDIO DOLOSO,8
3502804,2026,LESAO CORPORAL CULPOSA - OUTRAS,10
3502804,2026,LESAO CORPORAL CULPOSA POR ACIDENTE DE TRANSITO,599
3502804,2026,LESAO CORPORAL DOLOSA,529
3502804,2026,PORTE DE ARMA,20
3502804,2026,PORTE DE ENTORPECENTES,22
3502804,2026,ROUBO - OUTROS,33
3502804,2026,ROUBO DE VEICULO,3
3502804,2026,TENTATIVA DE HOMICIDIO,11
3502804,2026,TRAFICO DE ENTORPECENTES,206
3502903,2026,APREENSAO DE ENTORPECENTES,1
3502903,2026,ESTUPRO DE VULNERAVEL,7
3502903,2026,FURTO - OUTROS,141
3502903,2026,FURTO DE VEICULO,14
3502903,2026,HOMICIDIO CULPOSO POR ACIDENTE DE TRANSITO,5
3502903,2026,LESAO CORPORAL CULPOSA - OUTRAS,1
3502903,2026,LESAO CORPORAL CULPOSA POR ACIDENTE DE TRANSITO,18
3502903,2026,LESAO CORPORAL DOLOSA,77
3502903,2026,PORTE DE ARMA,3
3502903,2026,PORTE DE ENTORPECENTES,11
3502903,2026,ROUBO - OUTROS,11
3502903,2026,ROUBO DE VEICULO,3
3502903,2026,TRAFICO DE ENTORPECENTES,20
3503000,2026,ESTUPRO,1
3503000,2026,ESTUPRO DE VULNERAVEL,1
3503000,2026,FURTO - OUTROS,26
3503000,2026,FURTO DE VEICULO,1
3503000,2026,HOMICIDIO CULPOSO POR ACIDENTE DE TRANSITO,1
3503000,2026,LESAO CORPORAL CULPOSA - OUTRAS,1
3503000,2026,LESAO CORPORAL CULPOSA POR ACIDENTE DE TRANSITO,3
3503000,2026,LESAO CORPORAL DOLOSA,10
3503000,2026,PORTE DE ARMA,6
3503000,2026,PORTE DE ENTORPECENTES,19
3503000,2026,TRAFICO DE ENTORPECENTES,4
3503109,2026,FURTO - OUTROS,18
3503109,2026,LESAO CORPORAL CULPOSA POR ACIDENTE DE TRANSITO,1
3503109,2026,LESAO CORPORAL DOLOSA,13
3503109,2026,PORTE DE ENTORPECENTES,1
3503109,2026,ROUBO - OUTROS,1
3503109,2026,TENTATIVA DE HOMICIDIO,1
3503109,2026,TRAFICO DE ENTORPECENTES,1
3503158,2026,FURTO - OUTROS,5
3503158,2026,LESAO CORPORAL DOLOSA,14
3503158,2026,PORTE DE ARMA,2
3503158,2026,PORTE DE ENTORPECENTES,1
3503158,2026,TRAFICO DE ENTORPECENTES,1
3503208,2026,APREENSAO DE ENTORPECENTES,11
3503208,2026,ESTUPRO,12
3503208,2026,ESTUPRO DE VULNERAVEL,20
3503208,2026,FURTO - OUTROS,1619
3503208,2026,FURTO DE CARGA,4
3503208,2026,FURTO DE VEICULO,125
3503208,2026,HOMICIDIO CULPOSO OUTROS,1
3503208,2026,HOMICIDIO CULPOSO POR ACIDENTE DE TRANSITO,12
3503208,2026,HOMICIDIO DOLOSO,2
3503208,2026,HOMICIDIO DOLOSO POR ACIDENTE DE TRANSITO,1
3503208,2026,LESAO CORPORAL CULPOSA - OUTRAS,5
3503208,2026,LESAO CORPORAL CULPOSA POR ACIDENTE DE TRANSITO,461
3503208,2026,LESAO CORPORAL DOLOSA,639
3503208,2026,LESAO CORPORAL SEGUIDA DE MORTE,1
3503208,2026,PORTE DE ARMA,15
3503208,2026,PORTE DE ENTORPECENTES,24
3503208,2026,ROUBO - OUTROS,60
3503208,2026,ROUBO DE CARGA,1
3503208,2026,ROUBO DE VEICULO,12
3503208,2026,TENTATIVA DE HOMICIDIO,11
3503208,2026,TRAFICO DE ENTORPECENTES,205
3503307,2026,APREENSAO DE ENTORPECENTES,4
3503307,2026,ESTUPRO,6
3503307,2026,ESTUPRO DE VULNERAVEL,11
3503307,2026,FURTO - OUTROS,475
3503307,2026,FURTO DE VEICULO,126
3503307,2026,HOMICIDIO CULPOSO OUTROS,1
3503307,2026,HOMICIDIO CULPOSO POR ACIDENTE DE TRANSITO,9
3503307,2026,HOMICIDIO DOLOSO,5
3503307,2026,LESAO CORPORAL CULPOSA - OUTRAS,4
3503307,2026,LESAO CORPORAL CULPOSA POR ACIDENTE DE TRANSITO,288
3503307,2026,LESAO CORPORAL DOLOSA,368
3503307,2026,PORTE DE ARMA,9
3503307,2026,PORTE DE ENTORPECENTES,44
3503307,2026,ROUBO - OUTROS,60
3503307,2026,ROUBO DE CARGA,2
3503307,2026,ROUBO DE VEICULO,57
3503307,2026,TENTATIVA DE HOMICIDIO,1
3503307,2026,TRAFICO DE ENTORPECENTES,140
3503356,2026,FURTO - OUTROS,6
3503356,2026,LESAO CORPORAL DOLOSA,7
3503356,2026,PORTE DE ENTORPECENTES,1
3503356,2026,TENTATIVA DE HOMICIDIO,1
3503406,2026,ESTUPRO DE VULNERAVEL,5
3503406,2026,FURTO - OUTROS,26
3503406,2026,FURTO DE VEICULO,3
3503406,2026,HOMICIDIO CULPOSO POR ACIDENTE DE TRANSITO,1
3503406,2026,HOMICIDIO DOLOSO,1
3503406,2026,LATROCINIO,1
3503406,2026,LESAO CORPORAL CULPOSA - OUTRAS,1
3503406,2026,LESAO CORPORAL CULPOSA POR ACIDENTE DE TRANSITO,9
3503406,2026,LESAO CORPORAL DOLOSA,30
3503406,2026,PORTE DE ARMA,2
3503406,2026,TENTATIVA DE HOMICIDIO,2
3503406,2026,TRAFICO DE ENTORPECENTES,8
3503505,2026,FURTO - OUTROS,7
3503505,2026,LESAO CORPORAL CULPOSA POR ACIDENTE DE TRANSITO,1
3503505,2026,LESAO CORPORAL DOLOSA,13
3503505,2026,PORTE DE ARMA,1
3503505,2026,PORTE DE ENTORPECENTES,3
3503505,2026,ROUBO - OUTROS,1
3503505,2026,TENTATIVA DE HOMICIDIO,4
3503505,2026,TRAFICO DE ENTORPECENTES,4
3503604,2026,ESTUPRO,1
3503604,2026,ESTUPRO DE VULNERAVEL,2
3503604,2026,FURTO - OUTROS,32
3503604,2026,FURTO DE VEICULO,2
3503604,2026,LESAO CORPORAL CULPOSA - OUTRAS,1
3503604,2026,LESAO CORPORAL CULPOSA POR ACIDENTE DE TRANSITO,3
3503604,2026,LESAO CORPORAL DOLOSA,14
3503604,2026,ROUBO - OUTROS,4
3503604,2026,TENTATIVA DE HOMICIDIO,1
3503604,2026,TRAFICO DE ENTORPECENTES,2
3503703,2026,ESTUPRO DE VULNERAVEL,1
3503703,2026,FURTO - OUTROS,16
3503703,2026,FURTO DE VEICULO,2
3503703,2026,HOMICIDIO CULPOSO POR ACIDENTE DE TRANSITO,1
3503703,2026,LESAO CORPORAL CULPOSA POR ACIDENTE DE TRANSITO,6
3503703,2026,LESAO CORPORAL DOLOSA,26
3503703,2026,PORTE DE ENTORPECENTES,4
3503703,2026,ROUBO - OUTROS,2
3503703,2026,TENTATIVA DE HOMICIDIO,1
3503703,2026,TRAFICO DE ENTORPECENTES,5
3503802,2026,APREENSAO DE ENTORPECENTES,3
3503802,2026,ESTUPRO,1
3503802,2026,ESTUPRO DE VULNERAVEL,8
3503802,2026,FURTO - OUTROS,160
3503802,2026,FURTO DE VEICULO,29
3503802,2026,HOMICIDIO CULPOSO OUTROS,1
3503802,2026,HOMICIDIO CULPOSO POR ACIDENTE DE TRANSITO,5
3503802,2026,HOMICIDIO DOLOSO,1
3503802,2026,LESAO CORPORAL CULPOSA POR ACIDENTE DE TRANSITO,62
3503802,2026,LESAO CORPORAL DOLOSA,140
3503802,2026,PORTE DE ARMA,5
3503802,2026,PORTE DE ENTORPECENTES,31
3503802,2026,ROUBO - OUTROS,24
3503802,2026,ROUBO DE VEICULO,9
3503802,2026,TRAFICO DE ENTORPECENTES,86
3503901,2026,APREENSAO DE ENTORPECENTES,2
3503901,2026,ESTUPRO,6
3503901,2026,ESTUPRO DE VULNERAVEL,22
3503901,2026,EXTORSAO MEDIANTE SEQUESTRO,1
3503901,2026,FURTO - OUTROS,365
3503901,2026,FURTO DE CARGA,3
3503901,2026,FURTO DE VEICULO,45
3503901,2026,HOMICIDIO CULPOSO POR ACIDENTE DE TRANSITO,6
3503901,2026,HOMICIDIO DOLOSO,3
3503901,2026,LESAO CORPORAL CULPOSA - OUTRAS,3
3503901,2026,LESAO CORPORAL CULPOSA POR ACIDENTE DE TRANSITO,67
3503901,2026,LESAO CORPORAL DOLOSA,233
3503901,2026,PORTE DE ARMA,10
3503901,2026,PORTE DE ENTORPECENTES,5
3503901,2026,ROUBO - OUTROS,80
3503901,2026,ROUBO DE CARGA,3
3503901,2026,ROUBO DE VEICULO,61
3503901,2026,TENTATIVA DE HOMICIDIO,3
3503901,2026,TRAFICO DE ENTORPECENTES,50
3503950,2026,ESTUPRO DE VULNERAVEL,3
3503950,2026,FURTO - OUTROS,3
3503950,2026,LESAO CORPORAL DOLOSA,3
3503950,2026,TRAFICO DE ENTORPECENTES,1
3504008,2026,APREENSAO DE ENTORPECENTES,15
3504008,2026,ESTUPRO,8
3504008,2026,ESTUPRO DE VULNERAVEL,9
3504008,2026,FURTO - OUTROS,506
3504008,2026,FURTO DE VEICULO,19
3504008,2026,HOMICIDIO CULPOSO POR ACIDENTE DE TRANSITO,8
3504008,2026,HOMICIDIO DOLOSO,3
3504008,2026,LESAO CORPORAL CULPOSA - OUTRAS,2
3504008,2026,LESAO CORPORAL CULPOSA POR ACIDENTE DE TRANSITO,251
3504008,2026,LESAO CORPORAL DOLOSA,295
3504008,2026,LESAO CORPORAL SEGUIDA DE MORTE,2
3504008,2026,PORTE DE ENTORPECENTES,15
3504008,2026,ROUBO - OUTROS,15
3504008,2026,ROUBO DE VEICULO,1
3504008,2026,TENTATIVA DE HOMICIDIO,4
3504008,2026,TRAFICO DE ENTORPECENTES,112
3504107,2026,APREENSAO DE ENTORPECENTES,9
3504107,2026,ESTUPRO,8
3504107,2026,ESTUPRO DE VULNERAVEL,43
3504107,2026,FURTO - OUTROS,639
3504107,2026,FURTO DE VEICULO,41
3504107,2026,HOMICIDIO CULPOSO POR ACIDENTE DE TRANSITO,16
3504107,2026,HOMICIDIO DOLOSO,3
3504107,2026,LESAO CORPORAL CULPOSA - OUTRAS,5
3504107,2026,LESAO CORPORAL CULPOSA POR ACIDENTE DE TRANSITO,129
3504107,2026,LESAO CORPORAL DOLOSA,306
3504107,2026,LESAO CORPORAL SEGUIDA DE MORTE,1
3504107,2026,PORTE DE ARMA,9
3504107,2026,PORTE DE ENTORPECENTES,29
3504107,2026,ROUBO - OUTROS,51
3504107,2026,ROUBO DE CARGA,9
3504107,2026,ROUBO DE VEICULO,19
3504107,2026,TENTATIVA DE HOMICIDIO,2
3504107,2026,TRAFICO DE ENTORPECENTES,64
3504206,2026,ESTUPRO,1
3504206,2026,ESTUPRO DE VULNERAVEL,1
3504206,2026,FURTO - OUTROS,32
3504206,2026,FURTO DE VEICULO,2
3504206,2026,HOMICIDIO CULPOSO OUTROS,1
3504206,2026,LESAO CORPORAL CULPOSA POR ACIDENTE DE TRANSITO,11
3504206,2026,LESAO CORPORAL DOLOSA,32
3504206,2026,PORTE DE ARMA,1
3504206,2026,PORTE DE ENTORPECENTES,2
3504206,2026,ROUBO - OUTROS,1
3504206,2026,TENTATIVA DE HOMICIDIO,2
3504206,2026,TRAFICO DE ENTORPECENTES,12
3504305,2026,ESTUPRO,2
3504305,2026,ESTUPRO DE VULNERAVEL,5
3504305,2026,FURTO - OUTROS,15
3504305,2026,HOMICIDIO CULPOSO POR ACIDENTE DE TRANSITO,1
3504305,2026,LESAO CORPORAL CULPOSA - OUTRAS,1
3504305,2026,LESAO CORPORAL CULPOSA POR ACIDENTE DE TRANSITO,6
3504305,2026,LESAO CORPORAL DOLOSA,12
3504305,2026,PORTE DE ARMA,1
3504305,2026,PORTE DE ENTORPECENTES,3
3504305,2026,ROUBO - OUTROS,1
3504305,2026,TENTATIVA DE HOMICIDIO,1
3504305,2026,TRAFICO DE ENTORPECENTES,4
3504404,2026,APREENSAO DE ENTORPECENTES,1
3504404,2026,ESTUPRO DE VULNERAVEL,2
3504404,2026,EXTORSAO MEDIANTE SEQUESTRO,1
3504404,2026,FURTO - OUTROS,27
3504404,2026,HOMICIDIO CULPOSO POR ACIDENTE DE TRANSITO,1
3504404,2026,LESAO CORPORAL CULPOSA POR ACIDENTE DE TRANSITO,6
3504404,2026,LESAO CORPORAL DOLOSA,29
3504404,2026,PORTE DE ENTORPECENTES,6
3504404,2026,ROUBO - OUTROS,1
3504404,2026,TENTATIVA DE HOMICIDIO,1
3504404,2026,TRAFICO DE ENTORPECENTES,17
3504503,2026,APREENSAO DE ENTORPECENTES,3
3504503,2026,ESTUPRO,6
3504503,2026,ESTUPRO DE VULNERAVEL,21
3504503,2026,FURTO - OUTROS,388
3504503,2026,FURTO DE VEICULO,27
3504503,2026,HOMICIDIO CULPOSO OUTROS,1
3504503,2026,HOMICIDIO CULPOSO POR ACIDENTE DE TRANSITO,10
3504503,2026,HOMICIDIO DOLOSO,3
3504503,2026,LESAO CORPORAL CULPOSA - OUTRAS,5
3504503,2026,LESAO CORPORAL CULPOSA POR ACIDENTE DE TRANSITO,101
3504503,2026,LESAO CORPORAL DOLOSA,314
3504503,2026,PORTE DE ARMA,7
3504503,2026,PORTE DE ENTORPECENTES,43
3504503,2026,ROUBO - OUTROS,16
3504503,2026,ROUBO DE CARGA,1
3504503,2026,ROUBO DE VEICULO,3
3504503,2026,TENTATIVA DE HOMICIDIO,5
3504503,2026,TRAFICO DE ENTORPECENTES,60
3504602,2026,ESTUPRO,5
3504602,2026,ESTUPRO DE VULNERAVEL,7
3504602,2026,FURTO - OUTROS,75
3504602,2026,FURTO DE VEICULO,10
3504602,2026,HOMICIDIO CULPOSO POR ACIDENTE DE TRANSITO,1
3504602,2026,LESAO CORPORAL CULPOSA - OUTRAS,2
3504602,2026,LESAO CORPORAL CULPOSA POR ACIDENTE DE TRANSITO,48
3504602,2026,LESAO CORPORAL DOLOSA,96
3504602,2026,PORTE DE ARMA,3
3504602,2026,PORTE DE ENTORPECENTES,5
3504602,2026,ROUBO - OUTROS,1
3504602,2026,TRAFICO DE ENTORPECENTES,9
3504701,2026,FURTO - OUTROS,8
3504701,2026,FURTO DE VEICULO,1
3504701,2026,HOMICIDIO CULPOSO POR ACIDENTE DE TRANSITO,1
3504701,2026,LESAO CORPORAL CULPOSA POR ACIDENTE DE TRANSITO,1
3504701,2026,LESAO CORPORAL DOLOSA,19
3504701,2026,PORTE DE ENTORPECENTES,8
3504701,2026,TRAFICO DE ENTORPECENTES,1
3504800,2026,ESTUPRO DE VULNERAVEL,2
3504800,2026,FURTO - OUTROS,14
3504800,2026,FURTO DE VEICULO,3
3504800,2026,HOMICIDIO CULPOSO POR ACIDENTE DE TRANSITO,1
3504800,2026,LESAO CORPORAL CULPOSA POR ACIDENTE DE TRANSITO,8
3504800,2026,LESAO CORPORAL DOLOSA,25
3504800,2026,PORTE DE ARMA,1
3504800,2026,PORTE DE ENTORPECENTES,3
3504800,2026,TENTATIVA DE HOMICIDIO,1
3504800,2026,TRAFICO DE ENTORPECENTES,3
3504909,2026,APREENSAO DE ENTORPECENTES,1
3504909,2026,ESTUPRO DE VULNERAVEL,1
3504909,2026,FURTO - OUTROS,12
3504909,2026,FURTO DE VEICULO,2
3504909,2026,HOMICIDIO CULPOSO POR ACIDENTE DE TRANSITO,2
3504909,2026,LESAO CORPORAL CULPOSA POR ACIDENTE DE TRANSITO,3
3504909,2026,LESAO CORPORAL DOLOSA,25
3504909,2026,PORTE DE ARMA,1
3504909,2026,PORTE DE ENTORPECENTES,1
3504909,2026,TENTATIVA DE HOMICIDIO,2
3504909,2026,TRAFICO DE ENTORPECENTES,9
3505005,2026,FURTO - OUTROS,6
3505005,2026,FURTO DE VEICULO,2
3505005,2026,HOMICIDIO CULPOSO POR ACIDENTE DE TRANSITO,1
3505005,2026,LESAO CORPORAL DOLOSA,7
3505005,2026,PORTE DE ARMA,1
3505104,2026,FURTO - OUTROS,20
3505104,2026,LESAO CORPORAL CULPOSA POR ACIDENTE DE TRANSITO,4
3505104,2026,LESAO CORPORAL DOLOSA,25
3505104,2026,PORTE DE ARMA,1
3505104,2026,PORTE DE ENTORPECENTES,1
3505104,2026,TENTATIVA DE HOMICIDIO,1
3505104,2026,TRAFICO DE ENTORPECENTES,5
3505203,2026,APREENSAO DE ENTORPECENTES,8
3505203,2026,ESTUPRO,2
3505203,2026,ESTUPRO DE VULNERAVEL,6
3505203,2026,FURTO - OUTROS,101
3505203,2026,FURTO DE VEICULO,4
3505203,2026,HOMICIDIO CULPOSO POR ACIDENTE DE TRANSITO,2
3505203,2026,LESAO CORPORAL CULPOSA - OUTRAS,1
3505203,2026,LESAO CORPORAL CULPOSA POR ACIDENTE DE TRANSITO,43
3505203,2026,LESAO CORPORAL DOLOSA,91
3505203,2026,PORTE DE ARMA,2
3505203,2026,PORTE DE ENTORPECENTES,2
3505203,2026,ROUBO - OUTROS,6
3505203,2026,TENTATIVA DE HOMICIDIO,3
3505203,2026,TRAFICO DE ENTORPECENTES,60
3505302,2026,APREENSAO DE ENTORPECENTES,2
3505302,2026,ESTUPRO,2
3505302,2026,ESTUPRO DE VULNERAVEL,7
3505302,2026,FURTO - OUTROS,164
3505302,2026,FURTO DE VEICULO,6
3505302,2026,HOMICIDIO CULPOSO POR ACIDENTE DE TRANSITO,1
3505302,2026,LESAO CORPORAL CULPOSA POR ACIDENTE DE TRANSITO,48
3505302,2026,LESAO CORPORAL DOLOSA,58
3505302,2026,PORTE DE ARMA,2
3505302,2026,PORTE DE ENTORPECENTES,2
3505302,2026,ROUBO - OUTROS,2
3505302,2026,TENTATIVA DE HOMICIDIO,1
3505302,2026,TRAFICO DE ENTORPECENTES,27
3505351,2026,FURTO - OUTROS,3
3505351,2026,HOMICIDIO CULPOSO POR ACIDENTE DE TRANSITO,1
3505351,2026,LESAO CORPORAL DOLOSA,2
3505401,2026,APREENSAO DE ENTORPECENTES,1
3505401,2026,ESTUPRO,1
3505401,2026,ESTUPRO DE VULNERAVEL,4
3505401,2026,FURTO - OUTROS,33
3505401,2026,FURTO DE CARGA,3
3505401,2026,FURTO DE VEICULO,2
3505401,2026,HOMICIDIO CULPOSO POR ACIDENTE DE TRANSITO,4
3505401,2026,HOMICIDIO DOLOSO,2
3505401,2026,LESAO CORPORAL CULPOSA POR ACIDENTE DE TRANSITO,1
3505401,2026,LESAO CORPORAL DOLOSA,16
3505401,2026,PORTE DE ARMA,3
3505401,2026,PORTE DE ENTORPECENTES,1
3505401,2026,ROUBO - OUTROS,3
3505401,2026,TENTATIVA DE HOMICIDIO,3
3505401,2026,TRAFICO DE ENTORPECENTES,8
3505500,2026,APREENSAO DE ENTORPECENTES,5
3505500,2026,ESTUPRO,15
3505500,2026,ESTUPRO DE VULNERAVEL,31
3505500,2026,EXTORSAO MEDIANTE SEQUESTRO,1
3505500,2026,FURTO - OUTROS,680
3505500,2026,FURTO DE CARGA,1
3505500,2026,FURTO DE VEICULO,38
3505500,2026,HOMICIDIO CULPOSO POR ACIDENTE DE TRANSITO,5
3505500,2026,HOMICIDIO DOLOSO,6
3505500,2026,LESAO CORPORAL CULPOSA - OUTRAS,3
3505500,2026,LESAO CORPORAL CULPOSA POR ACIDENTE DE TRANSITO,153
3505500,2026,LESAO CORPORAL DOLOSA,372
3505500,2026,PORTE DE ARMA,16
3505500,2026,PORTE DE ENTORPECENTES,20
3505500,2026,ROUBO - OUTROS,29
3505500,2026,ROUBO DE CARGA,1
3505500,2026,ROUBO DE VEICULO,5
3505500,2026,TENTATIVA DE HOMICIDIO,5
3505500,2026,TRAFICO DE ENTORPECENTES,179
3505609,2026,ESTUPRO,2
3505609,2026,ESTUPRO DE VULNERAVEL,6
3505609,2026,FURTO - OUTROS,63
3505609,2026,FURTO DE VEICULO,8
3505609,2026,HOMICIDIO CULPOSO POR ACIDENTE DE TRANSITO,3
3505609,2026,HOMICIDIO DOLOSO,3
3505609,2026,LESAO CORPORAL CULPOSA POR ACIDENTE DE TRANSITO,12
3505609,2026,LESAO CORPORAL DOLOSA,68
3505609,2026,PORTE DE ARMA,2
3505609,2026,PORTE DE ENTORPECENTES,7
3505609,2026,ROUBO - OUTROS,11
3505609,2026,TENTATIVA DE HOMICIDIO,5
3505609,2026,TRAFICO DE ENTORPECENTES,10
3505708,2026,APREENSAO DE ENTORPECENTES,31
3505708,2026,ESTUPRO,7
3505708,2026,ESTUPRO DE VULNERAVEL,43
3505708,2026,EXTORSAO MEDIANTE SEQUESTRO,1
3505708,2026,FURTO - OUTROS,1915
3505708,2026,FURTO DE CARGA,9
3505708,2026,FURTO DE VEICULO,302
3505708,2026,HOMICIDIO CULPOSO POR ACIDENTE DE TRANSITO,11
3505708,2026,HOMICIDIO DOLOSO,6
3505708,2026,LATROCINIO,1
3505708,2026,LESAO CORPORAL CULPOSA - OUTRAS,15
3505708,2026,LESAO CORPORAL CULPOSA POR ACIDENTE DE TRANSITO,429
3505708,2026,LESAO CORPORAL DOLOSA,672
3505708,2026,LESAO CORPORAL SEGUIDA DE MORTE,2
3505708,2026,PORTE DE ARMA,16
3505708,2026,PORTE DE ENTORPECENTES,26
3505708,2026,ROUBO - OUTROS,423
3505708,2026,ROUBO DE CARGA,17
3505708,2026,ROUBO DE VEICULO,80
3505708,2026,TENTATIVA DE HOMICIDIO,7
3505708,2026,TRAFICO DE ENTORPECENTES,153
3505807,2026,ESTUPRO DE VULNERAVEL,13
3505807,2026,FURTO - OUTROS,97
3505807,2026,FURTO DE VEICULO,3
3505807,2026,HOMICIDIO CULPOSO POR ACIDENTE DE TRANSITO,2
3505807,2026,HOMICIDIO DOLOSO,1
3505807,2026,LESAO CORPORAL CULPOSA POR ACIDENTE DE TRANSITO,23
3505807,2026,LESAO CORPORAL DOLOSA,53
3505807,2026,PORTE DE ARMA,2
3505807,2026,PORTE DE ENTORPECENTES,3
3505807,2026,ROUBO - OUTROS,7
3505807,2026,TENTATIVA DE HOMICIDIO,1
3505807,2026,TRAFICO DE ENTORPECENTES,10
3505906,2026,APREENSAO DE ENTORPECENTES,8
3505906,2026,ESTUPRO,2
3505906,2026,ESTUPRO DE VULNERAVEL,5
3505906,2026,FURTO - OUTROS,227
3505906,2026,FURTO DE VEICULO,18
3505906,2026,HOMICIDIO CULPOSO POR ACIDENTE DE TRANSITO,4
3505906,2026,LESAO CORPORAL CULPOSA - OUTRAS,2
3505906,2026,LESAO CORPORAL CULPOSA POR ACIDENTE DE TRANSITO,38
3505906,2026,LESAO CORPORAL DOLOSA,99
3505906,2026,PORTE DE ARMA,4
3505906,2026,PORTE DE ENTORPECENTES,99
3505906,2026,ROUBO - OUTROS,8
3505906,2026,ROUBO DE VEICULO,2
3505906,2026,TRAFICO DE ENTORPECENTES,81
3506003,2026,APREENSAO DE ENTORPECENTES,38
3506003,2026,ESTUPRO,28
3506003,2026,ESTUPRO DE VULNERAVEL,92
3506003,2026,FURTO - OUTROS,2890
3506003,2026,FURTO DE CARGA,1
3506003,2026,FURTO DE VEICULO,217
3506003,2026,HOMICIDIO CULPOSO POR ACIDENTE DE TRANSITO,19
3506003,2026,HOMICIDIO DOLOSO,17
3506003,2026,HOMICIDIO DOLOSO POR ACIDENTE DE TRANSITO,1
3506003,2026,LESAO CORPORAL CULPOSA - OUTRAS,12
3506003,2026,LESAO CORPORAL CULPOSA POR ACIDENTE DE TRANSITO,805
3506003,2026,LESAO CORPORAL DOLOSA,1302
3506003,2026,LESAO CORPORAL SEGUIDA DE MORTE,1
3506003,2026,PORTE DE ARMA,42
3506003,2026,PORTE DE ENTORPECENTES,22
3506003,2026,ROUBO - OUTROS,127
3506003,2026,ROUBO DE VEICULO,12
3506003,2026,TENTATIVA DE HOMICIDIO,36
3506003,2026,TRAFICO DE ENTORPECENTES,232
3506102,2026,APREENSAO DE ENTORPECENTES,1
3506102,2026,ESTUPRO,4
3506102,2026,ESTUPRO DE VULNERAVEL,16
3506102,2026,FURTO - OUTROS,265
3506102,2026,FURTO DE CARGA,3
3506102,2026,FURTO DE VEICULO,29
3506102,2026,HOMICIDIO CULPOSO POR ACIDENTE DE TRANSITO,1
3506102,2026,HOMICIDIO DOLOSO,3
3506102,2026,LESAO CORPORAL CULPOSA - OUTRAS,3
3506102,2026,LESAO CORPORAL CULPOSA POR ACIDENTE DE TRANSITO,149
3506102,2026,LESAO CORPORAL DOLOSA,169
3506102,2026,PORTE DE ARMA,8
3506102,2026,PORTE DE ENTORPECENTES,11
3506102,2026,ROUBO - OUTROS,12
3506102,2026,ROUBO DE VEICULO,3
3506102,2026,TENTATIVA DE HOMICIDIO,4
3506102,2026,TRAFICO DE ENTORPECENTES,81
3506201,2026,FURTO - OUTROS,4
3506201,2026,LESAO CORPORAL CULPOSA POR ACIDENTE DE TRANSITO,1
3506201,2026,LESAO CORPORAL DOLOSA,5
3506300,2026,APREENSAO DE ENTORPECENTES,1
3506300,2026,ESTUPRO DE VULNERAVEL,3
3506300,2026,FURTO - OUTROS,57
3506300,2026,FURTO DE VEICULO,2
3506300,2026,LESAO CORPORAL CULPOSA - OUTRAS,1
3506300,2026,LESAO CORPORAL CULPOSA POR ACIDENTE DE TRANSITO,17
3506300,2026,LESAO CORPORAL DOLOSA,36
3506300,2026,PORTE DE ARMA,2
3506300,2026,PORTE DE ENTORPECENTES,7
3506300,2026,TRAFICO DE ENTORPECENTES,6
3506359,2026,APREENSAO DE ENTORPECENTES,19
3506359,2026,ESTUPRO,7
3506359,2026,ESTUPRO DE VULNERAVEL,20
3506359,2026,EXTORSAO MEDIANTE SEQUESTRO,1
3506359,2026,FURTO - OUTROS,517
3506359,2026,FURTO DE VEICULO,43
3506359,2026,HOMICIDIO CULPOSO POR ACIDENTE DE TRANSITO,9
3506359,2026,HOMICIDIO DOLOSO,3
3506359,2026,HOMICIDIO DOLOSO POR ACIDENTE DE TRANSITO,1
3506359,2026,LESAO CORPORAL CULPOSA - OUTRAS,24
3506359,2026,LESAO CORPORAL CULPOSA POR ACIDENTE DE TRANSITO,59
3506359,2026,LESAO CORPORAL DOLOSA,253
3506359,2026,PORTE DE ARMA,4
3506359,2026,PORTE DE ENTORPECENTES,26
3506359,2026,ROUBO - OUTROS,83
3506359,2026,ROUBO DE VEICULO,9
3506359,2026,TENTATIVA DE HOMICIDIO,7
3506359,2026,TRAFICO DE ENTORPECENTES,90
3506409,2026,FURTO - OUTROS,17
3506409,2026,FURTO DE VEICULO,2
3506409,2026,LESAO CORPORAL CULPOSA POR ACIDENTE DE TRANSITO,8
3506409,2026,LESAO CORPORAL DOLOSA,9
3506409,2026,PORTE DE ENTORPECENTES,1
3506409,2026,TRAFICO DE ENTORPECENTES,1
3506508,2026,APREENSAO DE ENTORPECENTES,2
3506508,2026,ESTUPRO,6
3506508,2026,ESTUPRO DE VULNERAVEL,14
3506508,2026,FURTO - OUTROS,472
3506508,2026,FURTO DE VEICULO,46
3506508,2026,HOMICIDIO CULPOSO POR ACIDENTE DE TRANSITO,9
3506508,2026,HOMICIDIO DOLOSO,4
3506508,2026,LESAO CORPORAL CULPOSA - OUTRAS,10
3506508,2026,LESAO CORPORAL CULPOSA POR ACIDENTE DE TRANSITO,319
3506508,2026,LESAO CORPORAL DOLOSA,246
3506508,2026,PORTE DE ARMA,10
3506508,2026,PORTE DE ENTORPECENTES,56
3506508,2026,ROUBO - OUTROS,26
3506508,2026,ROUBO DE VEICULO,5
3506508,2026,TENTATIVA DE HOMICIDIO,3
3506508,2026,TRAFICO DE ENTORPECENTES,42
3506607,2026,ESTUPRO,2
3506607,2026,ESTUPRO DE VULNERAVEL,7
3506607,2026,FURTO - OUTROS,66
3506607,2026,FURTO DE VEICULO,2
3506607,2026,HOMICIDIO CULPOSO POR ACIDENTE DE TRANSITO,4
3506607,2026,LESAO CORPORAL CULPOSA - OUTRAS,2
3506607,2026,LESAO CORPORAL CULPOSA POR ACIDENTE DE TRANSITO,18
3506607,2026,LESAO CORPORAL DOLOSA,62
3506607,2026,PORTE DE ARMA,3
3506607,2026,ROUBO - OUTROS,5
3506607,2026,ROUBO DE VEICULO,1
3506607,2026,TENTATIVA DE HOMICIDIO,1
3506607,2026,TRAFICO DE ENTORPECENTES,6
3506706,2026,ESTUPRO DE VULNERAVEL,4
3506706,2026,FURTO - OUTROS,45
3506706,2026,FURTO DE VEICULO,4
3506706,2026,HOMICIDIO CULPOSO POR ACIDENTE DE TRANSITO,1
3506706,2026,HOMICIDIO DOLOSO,1
3506706,2026,LESAO CORPORAL CULPOSA POR ACIDENTE DE TRANSITO,6
3506706,2026,LESAO CORPORAL DOLOSA,36
3506706,2026,ROUBO - OUTROS,3
3506706,2026,TENTATIVA DE HOMICIDIO,1
3506706,2026,TRAFICO DE ENTORPECENTES,15
3506805,2026,ESTUPRO DE VULNERAVEL,1
3506805,2026,FURTO - OUTROS,39
3506805,2026,FURTO DE VEICULO,3
3506805,2026,HOMICIDIO CULPOSO POR ACIDENTE DE TRANSITO,1
3506805,2026,LATROCINIO,1
3506805,2026,LESAO CORPORAL CULPOSA POR ACIDENTE DE TRANSITO,5
3506805,2026,LESAO CORPORAL DOLOSA,35
3506805,2026,PORTE DE ARMA,1
3506805,2026,ROUBO - OUTROS,1
3506805,2026,TENTATIVA DE HOMICIDIO,1
3506805,2026,TRAFICO DE ENTORPECENTES,8
3506904,2026,ESTUPRO,3
3506904,2026,ESTUPRO DE VULNERAVEL,9
3506904,2026,FURTO - OUTROS,26
3506904,2026,FURTO DE CARGA,1
3506904,2026,FURTO DE VEICULO,6
3506904,2026,HOMICIDIO DOLOSO,1
3506904,2026,LESAO CORPORAL CULPOSA POR ACIDENTE DE TRANSITO,10
3506904,2026,LESAO CORPORAL DOLOSA,34
3506904,2026,PORTE DE ARMA,2
3506904,2026,PORTE DE ENTORPECENTES,1
3506904,2026,ROUBO - OUTROS,1
3506904,2026,TENTATIVA DE HOMICIDIO,1
3506904,2026,TRAFICO DE ENTORPECENTES,8
3507001,2026,APREENSAO DE ENTORPECENTES,34
3507001,2026,ESTUPRO,5
3507001,2026,ESTUPRO DE VULNERAVEL,9
3507001,2026,FURTO - OUTROS,299
3507001,2026,FURTO DE VEICULO,34
3507001,2026,HOMICIDIO CULPOSO POR ACIDENTE DE TRANSITO,5
3507001,2026,HOMICIDIO DOLOSO,3
3507001,2026,LESAO CORPORAL CULPOSA POR ACIDENTE DE TRANSITO,66
3507001,2026,LESAO CORPORAL DOLOSA,143
3507001,2026,PORTE DE ARMA,1
3507001,2026,PORTE DE ENTORPECENTES,12
3507001,2026,ROUBO - OUTROS,18
3507001,2026,ROUBO DE VEICULO,21
3507001,2026,TENTATIVA DE HOMICIDIO,2
3507001,2026,TRAFICO DE ENTORPECENTES,94
3507100,2026,ESTUPRO DE VULNERAVEL,6
3507100,2026,FURTO - OUTROS,89
3507100,2026,FURTO DE VEICULO,17
3507100,2026,HOMICIDIO CULPOSO POR ACIDENTE DE TRANSITO,2
3507100,2026,LESAO CORPORAL CULPOSA POR ACIDENTE DE TRANSITO,15
3507100,2026,LESAO CORPORAL DOLOSA,47
3507100,2026,LESAO CORPORAL SEGUIDA DE MORTE,1
3507100,2026,PORTE DE ARMA,2
3507100,2026,PORTE DE ENTORPECENTES,5
3507100,2026,ROUBO - OUTROS,8
3507100,2026,ROUBO DE VEICULO,1
3507100,2026,TRAFICO DE ENTORPECENTES,18
3507159,2026,ESTUPRO DE VULNERAVEL,4
3507159,2026,FURTO - OUTROS,7
3507159,2026,HOMICIDIO CULPOSO POR ACIDENTE DE TRANSITO,1
3507159,2026,HOMICIDIO DOLOSO,1
3507159,2026,LESAO CORPORAL CULPOSA - OUTRAS,1
3507159,2026,LESAO CORPORAL CULPOSA POR ACIDENTE DE TRANSITO,1
3507159,2026,LESAO CORPORAL DOLOSA,6
3507159,2026,PORTE DE ARMA,1
3507159,2026,PORTE DE ENTORPECENTES,1
3507159,2026,TENTATIVA DE HOMICIDIO,1
3507159,2026,TRAFICO DE ENTORPECENTES,1
3507209,2026,LESAO CORPORAL DOLOSA,2
3507209,2026,PORTE DE ARMA,1
3507308,2026,APREENSAO DE ENTORPECENTES,1
3507308,2026,ESTUPRO,1
3507308,2026,ESTUPRO DE VULNERAVEL,2
3507308,2026,FURTO - OUTROS,9
3507308,2026,FURTO DE VEICULO,1
3507308,2026,HOMICIDIO CULPOSO POR ACIDENTE DE TRANSITO,1
3507308,2026,LESAO CORPORAL CULPOSA POR ACIDENTE DE TRANSITO,3
3507308,2026,LESAO CORPORAL DOLOSA,21
3507308,2026,PORTE DE ENTORPECENTES,1
3507308,2026,ROUBO - OUTROS,1
3507308,2026,TRAFICO DE ENTORPECENTES,1
3507407,2026,APREENSAO DE ENTORPECENTES,1
3507407,2026,ESTUPRO,1
3507407,2026,ESTUPRO DE VULNERAVEL,5
3507407,2026,FURTO - OUTROS,50
3507407,2026,FURTO DE VEICULO,4
3507407,2026,HOMICIDIO CULPOSO POR ACIDENTE DE TRANSITO,2
3507407,2026,LESAO CORPORAL CULPOSA - OUTRAS,1
3507407,2026,LESAO CORPORAL CULPOSA POR ACIDENTE DE TRANSITO,7
3507407,2026,LESAO CORPORAL DOLOSA,48
3507407,2026,PORTE DE ARMA,4
3507407,2026,PORTE DE ENTORPECENTES,19
3507407,2026,ROUBO - OUTROS,2
3507407,2026,TRAFICO DE ENTORPECENTES,7
3507456,2026,ESTUPRO DE VULNERAVEL,4
3507456,2026,FURTO - OUTROS,10
3507456,2026,LESAO CORPORAL CULPOSA POR ACIDENTE DE TRANSITO,3
3507456,2026,LESAO CORPORAL DOLOSA,3
3507456,2026,TRAFICO DE ENTORPECENTES,1
3507506,2026,APREENSAO DE ENTORPECENTES,2
3507506,2026,ESTUPRO,11
3507506,2026,ESTUPRO DE VULNERAVEL,34
3507506,2026,FURTO - OUTROS,578
3507506,2026,FURTO DE VEICULO,30
3507506,2026,HOMICIDIO CULPOSO OUTROS,1
3507506,2026,HOMICIDIO CULPOSO POR ACIDENTE DE TRANSITO,10
3507506,2026,HOMICIDIO DOLOSO,3
3507506,2026,LESAO CORPORAL CULPOSA - OUTRAS,12
3507506,2026,LESAO CORPORAL CULPOSA POR ACIDENTE DE TRANSITO,302
3507506,2026,LESAO CORPORAL DOLOSA,543
3507506,2026,PORTE DE ARMA,5
3507506,2026,PORTE DE ENTORPECENTES,39
3507506,2026,ROUBO - OUTROS,19
3507506,2026,ROUBO DE VEICULO,2
3507506,2026,TENTATIVA DE HOMICIDIO,7
3507506,2026,TRAFICO DE ENTORPECENTES,120
3507605,2026,APREENSAO DE ENTORPECENTES,8
3507605,2026,ESTUPRO,6
3507605,2026,ESTUPRO DE VULNERAVEL,36
3507605,2026,FURTO - OUTROS,720
3507605,2026,FURTO DE VEICULO,63
3507605,2026,HOMICIDIO CULPOSO POR ACIDENTE DE TRANSITO,19
3507605,2026,HOMICIDIO DOLOSO,2
3507605,2026,LESAO CORPORAL CULPOSA - OUTRAS,4
3507605,2026,LESAO CORPORAL CULPOSA POR ACIDENTE DE TRANSITO,146
3507605,2026,LESAO CORPORAL DOLOSA,411
3507605,2026,LESAO CORPORAL SEGUIDA DE MORTE,2
3507605,2026,PORTE DE ARMA,14
3507605,2026,PORTE DE ENTORPECENTES,23
3507605,2026,ROUBO - OUTROS,48
3507605,2026,ROUBO DE CARGA,8
3507605,2026,ROUBO DE VEICULO,5
3507605,2026,TENTATIVA DE HOMICIDIO,6
3507605,2026,TRAFICO DE ENTORPECENTES,152
3507704,2026,ESTUPRO DE VULNERAVEL,3
3507704,2026,FURTO - OUTROS,6
3507704,2026,HOMICIDIO DOLOSO,1
3507704,2026,LESAO CORPORAL CULPOSA POR ACIDENTE DE TRANSITO,3
3507704,2026,LESAO CORPORAL DOLOSA,7
3507704,2026,PORTE DE ENTORPECENTES,5
3507704,2026,TRAFICO DE ENTORPECENTES,2
3507753,2026,ESTUPRO DE VULNERAVEL,1
3507753,2026,FURTO - OUTROS,8
3507753,2026,HOMICIDIO CULPOSO POR ACIDENTE DE TRANSITO,3
3507753,2026,LESAO CORPORAL CULPOSA POR ACIDENTE DE TRANSITO,1
3507753,2026,LESAO CORPORAL DOLOSA,4
3507803,2026,APREENSAO DE ENTORPECENTES,2
3507803,2026,ESTUPRO,1
3507803,2026,ESTUPRO DE VULNERAVEL,8
3507803,2026,FURTO - OUTROS,80
3507803,2026,FURTO DE VEICULO,10
3507803,2026,HOMICIDIO CULPOSO POR ACIDENTE DE TRANSITO,2
3507803,2026,LESAO CORPORAL CULPOSA POR ACIDENTE DE TRANSITO,21
3507803,2026,LESAO CORPORAL DOLOSA,59
3507803,2026,PORTE DE ARMA,2
3507803,2026,PORTE DE ENTORPECENTES,2
3507803,2026,ROUBO - OUTROS,8
3507803,2026,ROUBO DE CARGA,1
3507803,2026,ROUBO DE VEICULO,1
3507803,2026,TENTATIVA DE HOMICIDIO,2
3507803,2026,TRAFICO DE ENTORPECENTES,17
3507902,2026,ESTUPRO,2
3507902,2026,ESTUPRO DE VULNERAVEL,5
3507902,2026,FURTO - OUTROS,59
3507902,2026,FURTO DE VEICULO,8
3507902,2026,HOMICIDIO CULPOSO OUTROS,1
3507902,2026,HOMICIDIO CULPOSO POR ACIDENTE DE TRANSITO,2
3507902,2026,LESAO CORPORAL CULPOSA - OUTRAS,2
3507902,2026,LESAO CORPORAL CULPOSA POR ACIDENTE DE TRANSITO,16
3507902,2026,LESAO CORPORAL DOLOSA,55
3507902,2026,PORTE DE ENTORPECENTES,1
3507902,2026,ROUBO - OUTROS,10
3507902,2026,ROUBO DE VEICULO,1
3507902,2026,TENTATIVA DE HOMICIDIO,3
3507902,2026,TRAFICO DE ENTORPECENTES,48
3508009,2026,APREENSAO DE ENTORPECENTES,4
3508009,2026,ESTUPRO,2
3508009,2026,ESTUPRO DE VULNERAVEL,8
3508009,2026,FURTO - OUTROS,73
3508009,2026,FURTO DE VEICULO,4
3508009,2026,HOMICIDIO DOLOSO,3
3508009,2026,LESAO CORPORAL CULPOSA POR ACIDENTE DE TRANSITO,7
3508009,2026,LESAO CORPORAL DOLOSA,67
3508009,2026,PORTE DE ARMA,1
3508009,2026,PORTE DE ENTORPECENTES,5
3508009,2026,ROUBO - OUTROS,4
3508009,2026,ROUBO DE VEICULO,1
3508009,2026,TENTATIVA DE HOMICIDIO,2
3508009,2026,TRAFICO DE ENTORPECENTES,63
3508108,2026,ESTUPRO,1
3508108,2026,ESTUPRO DE VULNERAVEL,3
3508108,2026,FURTO - OUTROS,71
3508108,2026,HOMICIDIO CULPOSO POR ACIDENTE DE TRANSITO,2
3508108,2026,LESAO CORPORAL CULPOSA POR ACIDENTE DE TRANSITO,8
3508108,2026,LESAO CORPORAL DOLOSA,39
3508108,2026,PORTE DE ARMA,1
3508108,2026,PORTE DE ENTORPECENTES,6
3508108,2026,ROUBO - OUTROS,5
3508108,2026,TENTATIVA DE HOMICIDIO,1
3508108,2026,TRAFICO DE ENTORPECENTES,14
3508207,2026,APREENSAO DE ENTORPECENTES,2
3508207,2026,ESTUPRO DE VULNERAVEL,1
3508207,2026,FURTO - OUTROS,23
3508207,2026,FURTO DE VEICULO,1
3508207,2026,LESAO CORPORAL CULPOSA - OUTRAS,1
3508207,2026,LESAO CORPORAL CULPOSA POR ACIDENTE DE TRANSITO,7
3508207,2026,LESAO CORPORAL DOLOSA,8
3508207,2026,PORTE DE ARMA,1
3508207,2026,PORTE DE ENTORPECENTES,11
3508207,2026,ROUBO - OUTROS,1
3508207,2026,ROUBO DE CARGA,1
3508207,2026,TRAFICO DE ENTORPECENTES,2
3508306,2026,APREENSAO DE ENTORPECENTES,1
3508306,2026,ESTUPRO,1
3508306,2026,ESTUPRO DE VULNERAVEL,2
3508306,2026,FURTO - OUTROS,11
3508306,2026,FURTO DE VEICULO,1
3508306,2026,HOMICIDIO CULPOSO POR ACIDENTE DE TRANSITO,2
3508306,2026,LESAO CORPORAL CULPOSA - OUTRAS,1
3508306,2026,LESAO CORPORAL CULPOSA POR ACIDENTE DE TRANSITO,1
3508306,2026,LESAO CORPORAL DOLOSA,9
3508306,2026,TENTATIVA DE HOMICIDIO,1
3508306,2026,TRAFICO DE ENTORPECENTES,2
3508405,2026,APREENSAO DE ENTORPECENTES,13
3508405,2026,ESTUPRO DE VULNERAVEL,10
3508405,2026,FURTO - OUTROS,110
3508405,2026,FURTO DE VEICULO,13
3508405,2026,HOMICIDIO CULPOSO POR ACIDENTE DE TRANSITO,1
3508405,2026,HOMICIDIO DOLOSO,4
3508405,2026,LESAO CORPORAL CULPOSA POR ACIDENTE DE TRANSITO,30
3508405,2026,LESAO CORPORAL DOLOSA,89
3508405,2026,PORTE DE ARMA,1
3508405,2026,PORTE DE ENTORPECENTES,14
3508405,2026,ROUBO - OUTROS,9
3508405,2026,ROUBO DE VEICULO,3
3508405,2026,TENTATIVA DE HOMICIDIO,3
3508405,2026,TRAFICO DE ENTORPECENTES,58
3508504,2026,APREENSAO DE ENTORPECENTES,15
3508504,2026,ESTUPRO,8
3508504,2026,ESTUPRO DE VULNERAVEL,11
3508504,2026,EXTORSAO MEDIANTE SEQUESTRO,1
3508504,2026,FURTO - OUTROS,579
3508504,2026,FURTO DE CARGA,1
3508504,2026,FURTO DE VEICULO,52
3508504,2026,HOMICIDIO CULPOSO POR ACIDENTE DE TRANSITO,11
3508504,2026,HOMICIDIO DOLOSO,6
3508504,2026,LATROCINIO,1
3508504,2026,LESAO CORPORAL CULPOSA - OUTRAS,1
3508504,2026,LESAO CORPORAL CULPOSA POR ACIDENTE DE TRANSITO,44
3508504,2026,LESAO CORPORAL DOLOSA,230
3508504,2026,PORTE DE ARMA,17
3508504,2026,PORTE DE ENTORPECENTES,6
3508504,2026,ROUBO - OUTROS,41
3508504,2026,ROUBO DE CARGA,3
3508504,2026,ROUBO DE VEICULO,29
3508504,2026,TENTATIVA DE HOMICIDIO,8
3508504,2026,TRAFICO DE ENTORPECENTES,61
3508603,2026,APREENSAO DE ENTORPECENTES,2
3508603,2026,ESTUPRO,3
3508603,2026,ESTUPRO DE VULNERAVEL,2
3508603,2026,FURTO - OUTROS,114
3508603,2026,FURTO DE VEICULO,4
3508603,2026,HOMICIDIO DOLOSO,6
3508603,2026,LESAO CORPORAL CULPOSA POR ACIDENTE DE TRANSITO,14
3508603,2026,LESAO CORPORAL DOLOSA,51
3508603,2026,PORTE DE ARMA,8
3508603,2026,PORTE DE ENTORPECENTES,10
3508603,2026,ROUBO - OUTROS,7
3508603,2026,ROUBO DE VEICULO,4
3508603,2026,TENTATIVA DE HOMICIDIO,3
3508603,2026,TRAFICO DE ENTORPECENTES,40
3508702,2026,ESTUPRO,1
3508702,2026,FURTO - OUTROS,36
3508702,2026,FURTO DE VEICULO,5
3508702,2026,HOMICIDIO CULPOSO POR ACIDENTE DE TRANSITO,2
3508702,2026,LATROCINIO,1
3508702,2026,LESAO CORPORAL CULPOSA POR ACIDENTE DE TRANSITO,15
3508702,2026,LESAO CORPORAL DOLOSA,41
3508702,2026,PORTE DE ARMA,1
3508702,2026,PORTE DE ENTORPECENTES,5
3508702,2026,ROUBO - OUTROS,1
3508702,2026,TENTATIVA DE HOMICIDIO,1
3508702,2026,TRAFICO DE ENTORPECENTES,13
3508801,2026,APREENSAO DE ENTORPECENTES,1
3508801,2026,ESTUPRO,1
3508801,2026,ESTUPRO DE VULNERAVEL,3
3508801,2026,FURTO - OUTROS,31
3508801,2026,FURTO DE VEICULO,1
3508801,2026,HOMICIDIO CULPOSO POR ACIDENTE DE TRANSITO,1
3508801,2026,LESAO CORPORAL CULPOSA - OUTRAS,1
3508801,2026,LESAO CORPORAL CULPOSA POR ACIDENTE DE TRANSITO,9
3508801,2026,LESAO CORPORAL DOLOSA,32
3508801,2026,PORTE DE ARMA,2
3508801,2026,PORTE DE ENTORPECENTES,2
3508801,2026,ROUBO - OUTROS,4
3508801,2026,TENTATIVA DE HOMICIDIO,1
3508801,2026,TRAFICO DE ENTORPECENTES,11
3508900,2026,FURTO - OUTROS,7
3508900,2026,LESAO CORPORAL CULPOSA POR ACIDENTE DE TRANSITO,1
3508900,2026,LESAO CORPORAL DOLOSA,25
3508900,2026,PORTE DE ARMA,1
3508900,2026,TRAFICO DE ENTORPECENTES,1
3509007,2026,APREENSAO DE ENTORPECENTES,12
3509007,2026,ESTUPRO,6
3509007,2026,ESTUPRO DE VULNERAVEL,10
3509007,2026,FURTO - OUTROS,333
3509007,2026,FURTO DE VEICULO,33
3509007,2026,HOMICIDIO CULPOSO POR ACIDENTE DE TRANSITO,3
3509007,2026,HOMICIDIO DOLOSO,1
3509007,2026,LESAO CORPORAL CULPOSA - OUTRAS,2
3509007,2026,LESAO CORPORAL CULPOSA POR ACIDENTE DE TRANSITO,52
3509007,2026,LESAO CORPORAL DOLOSA,188
3509007,2026,PORTE DE ARMA,4
3509007,2026,PORTE DE ENTORPECENTES,12
3509007,2026,ROUBO - OUTROS,62
3509007,2026,ROUBO DE CARGA,2
3509007,2026,ROUBO DE VEICULO,24
3509007,2026,TENTATIVA DE HOMICIDIO,5
3509007,2026,TRAFICO DE ENTORPECENTES,30
3509106,2026,ESTUPRO DE VULNERAVEL,1
3509106,2026,FURTO - OUTROS,1
3509106,2026,HOMICIDIO CULPOSO OUTROS,1
3509106,2026,HOMICIDIO CULPOSO POR ACIDENTE DE TRANSITO,3
3509106,2026,LESAO CORPORAL CULPOSA POR ACIDENTE DE TRANSITO,3
3509106,2026,LESAO CORPORAL DOLOSA,10
3509106,2026,PORTE DE ENTORPECENTES,1
3509106,2026,TRAFICO DE ENTORPECENTES,1
3509205,2026,APREENSAO DE ENTORPECENTES,56
3509205,2026,ESTUPRO,3
3509205,2026,ESTUPRO DE VULNERAVEL,13
3509205,2026,FURTO - OUTROS,449
3509205,2026,FURTO DE CARGA,3
3509205,2026,FURTO DE VEICULO,33
3509205,2026,HOMICIDIO CULPOSO POR ACIDENTE DE TRANSITO,7
3509205,2026,HOMICIDIO DOLOSO,3
3509205,2026,LATROCINIO,1
3509205,2026,LESAO CORPORAL CULPOSA - OUTRAS,1
3509205,2026,LESAO CORPORAL CULPOSA POR ACIDENTE DE TRANSITO,73
3509205,2026,LESAO CORPORAL DOLOSA,267
3509205,2026,PORTE DE ARMA,5
3509205,2026,PORTE DE ENTORPECENTES,25
3509205,2026,ROUBO - OUTROS,68
3509205,2026,ROUBO DE CARGA,9
3509205,2026,ROUBO DE VEICULO,12
3509205,2026,TENTATIVA DE HOMICIDIO,6
3509205,2026,TRAFICO DE ENTORPECENTES,128
3509254,2026,ESTUPRO,2
3509254,2026,ESTUPRO DE VULNERAVEL,11
3509254,2026,FURTO - OUTROS,136
3509254,2026,FURTO DE CARGA,9
3509254,2026,FURTO DE VEICULO,4
3509254,2026,HOMICIDIO CULPOSO POR ACIDENTE DE TRANSITO,6
3509254,2026,HOMICIDIO DOLOSO,1
3509254,2026,LESAO CORPORAL CULPOSA POR ACIDENTE DE TRANSITO,15
3509254,2026,LESAO CORPORAL DOLOSA,89
3509254,2026,PORTE DE ARMA,8
3509254,2026,PORTE DE ENTORPECENTES,6
3509254,2026,ROUBO - OUTROS,7
3509254,2026,ROUBO DE CARGA,2
3509254,2026,TENTATIVA DE HOMICIDIO,1
3509254,2026,TRAFICO DE ENTORPECENTES,36
3509304,2026,APREENSAO DE ENTORPECENTES,1
3509304,2026,ESTUPRO DE VULNERAVEL,5
3509304,2026,FURTO - OUTROS,32
3509304,2026,FURTO DE VEICULO,4
3509304,2026,LESAO CORPORAL CULPOSA POR ACIDENTE DE TRANSITO,9
3509304,2026,LESAO CORPORAL DOLOSA,21
3509304,2026,PORTE DE ARMA,1
3509304,2026,PORTE DE ENTORPECENTES,4
3509304,2026,ROUBO - OUTROS,1
3509304,2026,TRAFICO DE ENTORPECENTES,10
3509403,2026,ESTUPRO,2
3509403,2026,ESTUPRO DE VULNERAVEL,2
3509403,2026,FURTO - OUTROS,103
3509403,2026,FURTO DE VEICULO,8
3509403,2026,HOMICIDIO DOLOSO,2
3509403,2026,LESAO CORPORAL CULPOSA POR ACIDENTE DE TRANSITO,20
3509403,2026,LESAO CORPORAL DOLOSA,73
3509403,2026,PORTE DE ARMA,2
3509403,2026,PORTE DE ENTORPECENTES,3
3509403,2026,ROUBO - OUTROS,9
3509403,2026,ROUBO DE VEICULO,2
3509403,2026,TRAFICO DE ENTORPECENTES,6
3509452,2026,FURTO - OUTROS,21
3509452,2026,FURTO DE VEICULO,2
3509452,2026,LATROCINIO,1
3509452,2026,LESAO CORPORAL CULPOSA - OUTRAS,1
3509452,2026,LESAO CORPORAL CULPOSA POR ACIDENTE DE TRANSITO,2
3509452,2026,LESAO CORPORAL DOLOSA,17
3509452,2026,PORTE DE ARMA,1
3509452,2026,PORTE DE ENTORPECENTES,1
3509452,2026,ROUBO - OUTROS,1
3509452,2026,TENTATIVA DE HOMICIDIO,1
3509452,2026,TRAFICO DE ENTORPECENTES,8
3509502,2026,APREENSAO DE ENTORPECENTES,109
3509502,2026,ESTUPRO,60
3509502,2026,ESTUPRO DE VULNERAVEL,160
3509502,2026,EXTORSAO MEDIANTE SEQUESTRO,2
3509502,2026,FURTO - OUTROS,9363
3509502,2026,FURTO DE CARGA,3
3509502,2026,FURTO DE VEICULO,1915
3509502,2026,HOMICIDIO CULPOSO OUTROS,2
3509502,2026,HOMICIDIO CULPOSO POR ACIDENTE DE TRANSITO,31
3509502,2026,HOMICIDIO DOLOSO,50
3509502,2026,LATROCINIO,1
3509502,2026,LESAO CORPORAL CULPOSA - OUTRAS,32
3509502,2026,LESAO CORPORAL CULPOSA POR ACIDENTE DE TRANSITO,822
3509502,2026,LESAO CORPORAL DOLOSA,2514
3509502,2026,PORTE DE ARMA,68
3509502,2026,PORTE DE ENTORPECENTES,140
3509502,2026,ROUBO - OUTROS,1653
3509502,2026,ROUBO DE CARGA,16
3509502,2026,ROUBO DE VEICULO,475
3509502,2026,TENTATIVA DE HOMICIDIO,54
3509502,2026,TRAFICO DE ENTORPECENTES,498
3509601,2026,APREENSAO DE ENTORPECENTES,7
3509601,2026,ESTUPRO,4
3509601,2026,ESTUPRO DE VULNERAVEL,17
3509601,2026,FURTO - OUTROS,226
3509601,2026,FURTO DE VEICULO,44
3509601,2026,HOMICIDIO CULPOSO POR ACIDENTE DE TRANSITO,2
3509601,2026,HOMICIDIO DOLOSO,1
3509601,2026,LATROCINIO,1
3509601,2026,LESAO CORPORAL CULPOSA - OUTRAS,3
3509601,2026,LESAO CORPORAL CULPOSA POR ACIDENTE DE TRANSITO,65
3509601,2026,LESAO CORPORAL DOLOSA,161
3509601,2026,PORTE DE ARMA,4
3509601,2026,PORTE DE ENTORPECENTES,16
3509601,2026,ROUBO - OUTROS,68
3509601,2026,ROUBO DE VEICULO,34
3509601,2026,TENTATIVA DE HOMICIDIO,2
3509601,2026,TRAFICO DE ENTORPECENTES,49
3509700,2026,APREENSAO DE ENTORPECENTES,21
3509700,2026,ESTUPRO,4
3509700,2026,ESTUPRO DE VULNERAVEL,17
3509700,2026,FURTO - OUTROS,232
3509700,2026,FURTO DE VEICULO,11
3509700,2026,HOMICIDIO CULPOSO POR ACIDENTE DE TRANSITO,2
3509700,2026,HOMICIDIO DOLOSO,1
3509700,2026,LESAO CORPORAL CULPOSA - OUTRAS,4
3509700,2026,LESAO CORPORAL CULPOSA POR ACIDENTE DE TRANSITO,32
3509700,2026,LESAO CORPORAL DOLOSA,169
3509700,2026,PORTE DE ARMA,8
3509700,2026,PORTE DE ENTORPECENTES,22
3509700,2026,ROUBO - OUTROS,18
3509700,2026,TENTATIVA DE HOMICIDIO,2
3509700,2026,TRAFICO DE ENTORPECENTES,91
3509809,2026,FURTO - OUTROS,6
3509809,2026,FURTO DE VEICULO,3
3509809,2026,HOMICIDIO CULPOSO POR ACIDENTE DE TRANSITO,2
3509809,2026,LESAO CORPORAL CULPOSA - OUTRAS,1
3509809,2026,LESAO CORPORAL CULPOSA POR ACIDENTE DE TRANSITO,1
3509809,2026,LESAO CORPORAL DOLOSA,16
3509809,2026,TRAFICO DE ENTORPECENTES,5
3509908,2026,ESTUPRO,1
3509908,2026,ESTUPRO DE VULNERAVEL,10
3509908,2026,FURTO - OUTROS,59
3509908,2026,HOMICIDIO CULPOSO OUTROS,1
3509908,2026,HOMICIDIO CULPOSO POR ACIDENTE DE TRANSITO,1
3509908,2026,LESAO CORPORAL CULPOSA POR ACIDENTE DE TRANSITO,2
3509908,2026,LESAO CORPORAL DOLOSA,55
3509908,2026,PORTE DE ARMA,4
3509908,2026,PORTE DE ENTORPECENTES,6
3509908,2026,ROUBO - OUTROS,2
3509908,2026,TENTATIVA DE HOMICIDIO,2
3509908,2026,TRAFICO DE ENTORPECENTES,17
3509957,2026,ESTUPRO DE VULNERAVEL,1
3509957,2026,FURTO - OUTROS,23
3509957,2026,FURTO DE VEICULO,1
3509957,2026,HOMICIDIO CULPOSO POR ACIDENTE DE TRANSITO,1
3509957,2026,HOMICIDIO DOLOSO,1
3509957,2026,LESAO CORPORAL CULPOSA POR ACIDENTE DE TRANSITO,2
3509957,2026,LESAO CORPORAL DOLOSA,9
3509957,2026,PORTE DE ARMA,1
3509957,2026,PORTE DE ENTORPECENTES,4
3509957,2026,ROUBO - OUTROS,2
3509957,2026,TENTATIVA DE HOMICIDIO,1
3509957,2026,TRAFICO DE ENTORPECENTES,4
3510005,2026,APREENSAO DE ENTORPECENTES,1
3510005,2026,ESTUPRO,1
3510005,2026,ESTUPRO DE VULNERAVEL,5
3510005,2026,FURTO - OUTROS,91
3510005,2026,FURTO DE VEICULO,3
3510005,2026,LESAO CORPORAL CULPOSA - OUTRAS,1
3510005,2026,LESAO CORPORAL CULPOSA POR ACIDENTE DE TRANSITO,34
3510005,2026,LESAO CORPORAL DOLOSA,79
3510005,2026,PORTE DE ARMA,1
3510005,2026,PORTE DE ENTORPECENTES,2
3510005,2026,ROUBO - OUTROS,1
3510005,2026,TENTATIVA DE HOMICIDIO,3
3510005,2026,TRAFICO DE ENTORPECENTES,22
3510104,2026,FURTO - OUTROS,9
3510104,2026,LESAO CORPORAL CULPOSA - OUTRAS,1
3510104,2026,LESAO CORPORAL CULPOSA POR ACIDENTE DE TRANSITO,1
3510104,2026,LESAO CORPORAL DOLOSA,4
3510104,2026,TRAFICO DE ENTORPECENTES,4
3510153,2026,ESTUPRO,1
3510153,2026,ESTUPRO DE VULNERAVEL,4
3510153,2026,FURTO - OUTROS,28
3510153,2026,FURTO DE VEICULO,2
3510153,2026,HOMICIDIO CULPOSO POR ACIDENTE DE TRANSITO,2
3510153,2026,LATROCINIO,1
3510153,2026,LESAO CORPORAL CULPOSA POR ACIDENTE DE TRANSITO,11
3510153,2026,LESAO CORPORAL DOLOSA,15
3510153,2026,PORTE DE ARMA,2
3510153,2026,PORTE DE ENTORPECENTES,2
3510153,2026,ROUBO - OUTROS,1
3510153,2026,ROUBO DE VEICULO,1
3510153,2026,TRAFICO DE ENTORPECENTES,9
3510203,2026,APREENSAO DE ENTORPECENTES,1
3510203,2026,ESTUPRO,1
3510203,2026,ESTUPRO DE VULNERAVEL,13
3510203,2026,FURTO - OUTROS,124
3510203,2026,FURTO DE VEICULO,8
3510203,2026,HOMICIDIO CULPOSO POR ACIDENTE DE TRANSITO,3
3510203,2026,HOMICIDIO DOLOSO,1
3510203,2026,LESAO CORPORAL CULPOSA POR ACIDENTE DE TRANSITO,22
3510203,2026,LESAO CORPORAL DOLOSA,95
3510203,2026,PORTE DE ARMA,6
3510203,2026,PORTE DE ENTORPECENTES,7
3510203,2026,ROUBO - OUTROS,9
3510203,2026,TENTATIVA DE HOMICIDIO,1
3510203,2026,TRAFICO DE ENTORPECENTES,61
3510302,2026,APREENSAO DE ENTORPECENTES,5
3510302,2026,ESTUPRO DE VULNERAVEL,11
3510302,2026,FURTO - OUTROS,54
3510302,2026,FURTO DE VEICULO,10
3510302,2026,LESAO CORPORAL CULPOSA POR ACIDENTE DE TRANSITO,7
3510302,2026,LESAO CORPORAL DOLOSA,47
3510302,2026,PORTE DE ARMA,1
3510302,2026,PORTE DE ENTORPECENTES,13
3510302,2026,ROUBO - OUTROS,1
3510302,2026,TENTATIVA DE HOMICIDIO,1
3510302,2026,TRAFICO DE ENTORPECENTES,31
3510401,2026,APREENSAO DE ENTORPECENTES,1
3510401,2026,ESTUPRO,1
3510401,2026,ESTUPRO DE VULNERAVEL,7
3510401,2026,FURTO - OUTROS,148
3510401,2026,FURTO DE VEICULO,11
3510401,2026,HOMICIDIO CULPOSO POR ACIDENTE DE TRANSITO,1
3510401,2026,HOMICIDIO DOLOSO,1
3510401,2026,LESAO CORPORAL CULPOSA - OUTRAS,2
3510401,2026,LESAO CORPORAL CULPOSA POR ACIDENTE DE TRANSITO,79
3510401,2026,LESAO CORPORAL DOLOSA,137
3510401,2026,PORTE DE ARMA,4
3510401,2026,PORTE DE ENTORPECENTES,11
3510401,2026,ROUBO - OUTROS,13
3510401,2026,ROUBO DE CARGA,1
3510401,2026,ROUBO DE VEICULO,3
3510401,2026,TENTATIVA DE HOMICIDIO,2
3510401,2026,TRAFICO DE ENTORPECENTES,65
3510500,2026,APREENSAO DE ENTORPECENTES,2
3510500,2026,ESTUPRO,13
3510500,2026,ESTUPRO DE VULNERAVEL,20
3510500,2026,FURTO - OUTROS,1026
3510500,2026,FURTO DE VEICULO,64
3510500,2026,HOMICIDIO CULPOSO OUTROS,2
3510500,2026,HOMICIDIO CULPOSO POR ACIDENTE DE TRANSITO,5
3510500,2026,HOMICIDIO DOLOSO,25
3510500,2026,LESAO CORPORAL CULPOSA - OUTRAS,4
3510500,2026,LESAO CORPORAL CULPOSA POR ACIDENTE DE TRANSITO,87
3510500,2026,LESAO CORPORAL DOLOSA,518
3510500,2026,LESAO CORPORAL SEGUIDA DE MORTE,1
3510500,2026,PORTE DE ARMA,21
3510500,2026,PORTE DE ENTORPECENTES,41
3510500,2026,ROUBO - OUTROS,134
3510500,2026,ROUBO DE VEICULO,9
3510500,2026,TENTATIVA DE HOMICIDIO,23
3510500,2026,TRAFICO DE ENTORPECENTES,139
3510609,2026,APREENSAO DE ENTORPECENTES,35
3510609,2026,ESTUPRO,10
3510609,2026,ESTUPRO DE VULNERAVEL,76
3510609,2026,EXTORSAO MEDIANTE SEQUESTRO,1
3510609,2026,FURTO - OUTROS,1813
3510609,2026,FURTO DE CARGA,1
3510609,2026,FURTO DE VEICULO,508
3510609,2026,HOMICIDIO CULPOSO OUTROS,1
3510609,2026,HOMICIDIO CULPOSO POR ACIDENTE DE TRANSITO,7
3510609,2026,HOMICIDIO DOLOSO,16
3510609,2026,LESAO CORPORAL CULPOSA - OUTRAS,4
3510609,2026,LESAO CORPORAL CULPOSA POR ACIDENTE DE TRANSITO,255
3510609,2026,LESAO CORPORAL DOLOSA,785
3510609,2026,PORTE DE ARMA,23
3510609,2026,PORTE DE ENTORPECENTES,10
3510609,2026,ROUBO - OUTROS,1062
3510609,2026,ROUBO DE CARGA,9
3510609,2026,ROUBO DE VEICULO,127
3510609,2026,TENTATIVA DE HOMICIDIO,17
3510609,2026,TRAFICO DE ENTORPECENTES,163
3510708,2026,ESTUPRO,2
3510708,2026,FURTO - OUTROS,41
3510708,2026,FURTO DE VEICULO,1
3510708,2026,HOMICIDIO CULPOSO POR ACIDENTE DE TRANSITO,1
3510708,2026,LESAO CORPORAL CULPOSA POR ACIDENTE DE TRANSITO,12
3510708,2026,LESAO CORPORAL DOLOSA,42
3510708,2026,PORTE DE ENTORPECENTES,5
3510708,2026,ROUBO - OUTROS,1
3510708,2026,TENTATIVA DE HOMICIDIO,1
3510708,2026,TRAFICO DE ENTORPECENTES,3
3510807,2026,APREENSAO DE ENTORPECENTES,2
3510807,2026,ESTUPRO,1
3510807,2026,ESTUPRO DE VULNERAVEL,4
3510807,2026,FURTO - OUTROS,107
3510807,2026,FURTO DE VEICULO,2
3510807,2026,HOMICIDIO CULPOSO POR ACIDENTE DE TRANSITO,2
3510807,2026,LESAO CORPORAL CULPOSA - OUTRAS,4
3510807,2026,LESAO CORPORAL CULPOSA POR ACIDENTE DE TRANSITO,29
3510807,2026,LESAO CORPORAL DOLOSA,87
3510807,2026,PORTE DE ARMA,5
3510807,2026,PORTE DE ENTORPECENTES,5
3510807,2026,ROUBO - OUTROS,4
3510807,2026,ROUBO DE CARGA,1
3510807,2026,ROUBO DE VEICULO,1
3510807,2026,TRAFICO DE ENTORPECENTES,41
3510906,2026,ESTUPRO DE VULNERAVEL,1
3510906,2026,FURTO - OUTROS,23
3510906,2026,FURTO DE VEICULO,3
3510906,2026,HOMICIDIO DOLOSO,1
3510906,2026,LESAO CORPORAL CULPOSA POR ACIDENTE DE TRANSITO,1
3510906,2026,LESAO CORPORAL DOLOSA,6
3511003,2026,APREENSAO DE ENTORPECENTES,1
3511003,2026,ESTUPRO DE VULNERAVEL,9
3511003,2026,FURTO - OUTROS,71
3511003,2026,FURTO DE VEICULO,3
3511003,2026,HOMICIDIO CULPOSO POR ACIDENTE DE TRANSITO,5
3511003,2026,LESAO CORPORAL CULPOSA POR ACIDENTE DE TRANSITO,29
3511003,2026,LESAO CORPORAL DOLOSA,58
3511003,2026,PORTE DE ARMA,3
3511003,2026,PORTE DE ENTORPECENTES,9
3511003,2026,ROUBO - OUTROS,1
3511003,2026,TENTATIVA DE HOMICIDIO,2
3511003,2026,TRAFICO DE ENTORPECENTES,13
3511102,2026,APREENSAO DE ENTORPECENTES,1
3511102,2026,ESTUPRO,6
3511102,2026,ESTUPRO DE VULNERAVEL,16
3511102,2026,FURTO - OUTROS,430
3511102,2026,FURTO DE VEICULO,32
3511102,2026,HOMICIDIO CULPOSO OUTROS,1
3511102,2026,HOMICIDIO CULPOSO POR ACIDENTE DE TRANSITO,10
3511102,2026,HOMICIDIO DOLOSO,7
3511102,2026,LESAO CORPORAL CULPOSA - OUTRAS,10
3511102,2026,LESAO CORPORAL CULPOSA POR ACIDENTE DE TRANSITO,330
3511102,2026,LESAO CORPORAL DOLOSA,286
3511102,2026,PORTE DE ARMA,14
3511102,2026,PORTE DE ENTORPECENTES,46
3511102,2026,ROUBO - OUTROS,24
3511102,2026,ROUBO DE VEICULO,6
3511102,2026,TENTATIVA DE HOMICIDIO,5
3511102,2026,TRAFICO DE ENTORPECENTES,139
3511201,2026,ESTUPRO DE VULNERAVEL,1
3511201,2026,FURTO - OUTROS,6
3511201,2026,FURTO DE VEICULO,3
3511201,2026,HOMICIDIO CULPOSO POR ACIDENTE DE TRANSITO,2
3511201,2026,LESAO CORPORAL CULPOSA POR ACIDENTE DE TRANSITO,9
3511201,2026,LESAO CORPORAL DOLOSA,19
3511201,2026,PORTE DE ARMA,2
3511201,2026,PORTE DE ENTORPECENTES,2
3511201,2026,TENTATIVA DE HOMICIDIO,1
3511201,2026,TRAFICO DE ENTORPECENTES,8
3511300,2026,APREENSAO DE ENTORPECENTES,1
3511300,2026,ESTUPRO DE VULNERAVEL,4
3511300,2026,FURTO - OUTROS,49
3511300,2026,FURTO DE VEICULO,4
3511300,2026,HOMICIDIO CULPOSO POR ACIDENTE DE TRANSITO,2
3511300,2026,LESAO CORPORAL CULPOSA - OUTRAS,2
3511300,2026,LESAO CORPORAL CULPOSA POR ACIDENTE DE TRANSITO,13
3511300,2026,LESAO CORPORAL DOLOSA,43
3511300,2026,PORTE DE ARMA,2
3511300,2026,PORTE DE ENTORPECENTES,2
3511300,2026,ROUBO - OUTROS,1
3511300,2026,TRAFICO DE ENTORPECENTES,7
3511409,2026,APREENSAO DE ENTORPECENTES,2
3511409,2026,ESTUPRO,2
3511409,2026,ESTUPRO DE VULNERAVEL,16
3511409,2026,FURTO - OUTROS,56
3511409,2026,FURTO DE VEICULO,3
3511409,2026,HOMICIDIO CULPOSO POR ACIDENTE DE TRANSITO,1
3511409,2026,HOMICIDIO DOLOSO,1
3511409,2026,LESAO CORPORAL CULPOSA - OUTRAS,1
3511409,2026,LESAO CORPORAL CULPOSA POR ACIDENTE DE TRANSITO,13
3511409,2026,LESAO CORPORAL DOLOSA,98
3511409,2026,PORTE DE ARMA,4
3511409,2026,PORTE DE ENTORPECENTES,9
3511409,2026,ROUBO - OUTROS,2
3511409,2026,TENTATIVA DE HOMICIDIO,2
3511409,2026,TRAFICO DE ENTORPECENTES,60
3511508,2026,APREENSAO DE ENTORPECENTES,1
3511508,2026,ESTUPRO,2
3511508,2026,ESTUPRO DE VULNERAVEL,10
3511508,2026,FURTO - OUTROS,208
3511508,2026,FURTO DE VEICULO,27
3511508,2026,HOMICIDIO CULPOSO POR ACIDENTE DE TRANSITO,2
3511508,2026,LESAO CORPORAL CULPOSA - OUTRAS,1
3511508,2026,LESAO CORPORAL CULPOSA POR ACIDENTE DE TRANSITO,22
3511508,2026,LESAO CORPORAL DOLOSA,75
3511508,2026,PORTE DE ARMA,3
3511508,2026,PORTE DE ENTORPECENTES,16
3511508,2026,ROUBO - OUTROS,14
3511508,2026,ROUBO DE VEICULO,2
3511508,2026,TENTATIVA DE HOMICIDIO,1
3511508,2026,TRAFICO DE ENTORPECENTES,31
3511607,2026,APREENSAO DE ENTORPECENTES,2
3511607,2026,ESTUPRO,1
3511607,2026,ESTUPRO DE VULNERAVEL,7
3511607,2026,FURTO - OUTROS,38
3511607,2026,FURTO DE VEICULO,6
3511607,2026,HOMICIDIO CULPOSO POR ACIDENTE DE TRANSITO,1
3511607,2026,HOMICIDIO DOLOSO,1
3511607,2026,LESAO CORPORAL CULPOSA POR ACIDENTE DE TRANSITO,9
3511607,2026,LESAO CORPORAL DOLOSA,38
3511607,2026,PORTE DE ARMA,2
3511607,2026,PORTE DE ENTORPECENTES,14
3511607,2026,ROUBO - OUTROS,1
3511607,2026,ROUBO DE CARGA,1
3511607,2026,ROUBO DE VEICULO,2
3511607,2026,TRAFICO DE ENTORPECENTES,24
3511706,2026,ESTUPRO,1
3511706,2026,ESTUPRO DE VULNERAVEL,2
3511706,2026,FURTO - OUTROS,40
3511706,2026,FURTO DE VEICULO,3
3511706,2026,HOMICIDIO DOLOSO,1
3511706,2026,LESAO CORPORAL CULPOSA POR ACIDENTE DE TRANSITO,4
3511706,2026,LESAO CORPORAL DOLOSA,35
3511706,2026,PORTE DE ARMA,1
3511706,2026,PORTE DE ENTORPECENTES,4
3511706,2026,ROUBO - OUTROS,2
3511706,2026,TENTATIVA DE HOMICIDIO,1
3511706,2026,TRAFICO DE ENTORPECENTES,11
3511904,2026,ESTUPRO DE VULNERAVEL,1
3511904,2026,FURTO - OUTROS,10
3511904,2026,FURTO DE VEICULO,1
3511904,2026,HOMICIDIO CULPOSO POR ACIDENTE DE TRANSITO,1
3511904,2026,HOMICIDIO DOLOSO,1
3511904,2026,LESAO CORPORAL CULPOSA POR ACIDENTE DE TRANSITO,5
3511904,2026,LESAO CORPORAL DOLOSA,17
3511904,2026,ROUBO - OUTROS,1
3511904,2026,TENTATIVA DE HOMICIDIO,2
3511904,2026,TRAFICO DE ENTORPECENTES,3
3512001,2026,APREENSAO DE ENTORPECENTES,1
3512001,2026,ESTUPRO DE VULNERAVEL,8
3512001,2026,FURTO - OUTROS,52
3512001,2026,FURTO DE VEICULO,3
3512001,2026,HOMICIDIO DOLOSO,2
3512001,2026,LESAO CORPORAL CULPOSA POR ACIDENTE DE TRANSITO,7
3512001,2026,LESAO CORPORAL DOLOSA,47
3512001,2026,PORTE DE ARMA,2
3512001,2026,PORTE DE ENTORPECENTES,4
3512001,2026,ROUBO - OUTROS,1
3512001,2026,TENTATIVA DE HOMICIDIO,1
3512001,2026,TRAFICO DE ENTORPECENTES,30
3512100,2026,ESTUPRO DE VULNERAVEL,2
3512100,2026,FURTO - OUTROS,40
3512100,2026,FURTO DE VEICULO,2
3512100,2026,HOMICIDIO CULPOSO POR ACIDENTE DE TRANSITO,1
3512100,2026,LESAO CORPORAL CULPOSA POR ACIDENTE DE TRANSITO,3
3512100,2026,LESAO CORPORAL DOLOSA,29
3512100,2026,PORTE DE ARMA,1
3512100,2026,PORTE DE ENTORPECENTES,5
3512100,2026,ROUBO - OUTROS,1
3512100,2026,TENTATIVA DE HOMICIDIO,2
3512100,2026,TRAFICO DE ENTORPECENTES,8
3512209,2026,APREENSAO DE ENTORPECENTES,2
3512209,2026,ESTUPRO DE VULNERAVEL,1
3512209,2026,FURTO - OUTROS,95
3512209,2026,FURTO DE VEICULO,9
3512209,2026,HOMICIDIO CULPOSO POR ACIDENTE DE TRANSITO,3
3512209,2026,HOMICIDIO DOLOSO,1
3512209,2026,LESAO CORPORAL CULPOSA POR ACIDENTE DE TRANSITO,24
3512209,2026,LESAO CORPORAL DOLOSA,58
3512209,2026,PORTE DE ARMA,4
3512209,2026,PORTE DE ENTORPECENTES,8
3512209,2026,ROUBO - OUTROS,8
3512209,2026,ROUBO DE VEICULO,8
3512209,2026,TENTATIVA DE HOMICIDIO,5
3512209,2026,TRAFICO DE ENTORPECENTES,60
3512308,2026,APREENSAO DE ENTORPECENTES,1
3512308,2026,ESTUPRO DE VULNERAVEL,6
3512308,2026,FURTO - OUTROS,47
3512308,2026,FURTO DE VEICULO,2
3512308,2026,HOMICIDIO CULPOSO POR ACIDENTE DE TRANSITO,1
3512308,2026,LESAO CORPORAL CULPOSA POR ACIDENTE DE TRANSITO,7
3512308,2026,LESAO CORPORAL DOLOSA,29
3512308,2026,PORTE DE ARMA,3
3512308,2026,PORTE DE ENTORPECENTES,6
3512308,2026,ROUBO - OUTROS,3
3512308,2026,TRAFICO DE ENTORPECENTES,18
3512407,2026,APREENSAO DE ENTORPECENTES,2
3512407,2026,ESTUPRO DE VULNERAVEL,2
3512407,2026,FURTO - OUTROS,133
3512407,2026,FURTO DE VEICULO,14
3512407,2026,HOMICIDIO CULPOSO POR ACIDENTE DE TRANSITO,3
3512407,2026,LESAO CORPORAL CULPOSA - OUTRAS,1
3512407,2026,LESAO CORPORAL CULPOSA POR ACIDENTE DE TRANSITO,20
3512407,2026,LESAO CORPORAL DOLOSA,60
3512407,2026,PORTE DE ARMA,1
3512407,2026,PORTE DE ENTORPECENTES,11
3512407,2026,ROUBO - OUTROS,10
3512407,2026,ROUBO DE CARGA,4
3512407,2026,ROUBO DE VEICULO,6
3512407,2026,TENTATIVA DE HOMICIDIO,2
3512407,2026,TRAFICO DE ENTORPECENTES,14
3512506,2026,FURTO - OUTROS,21
3512506,2026,FURTO DE VEICULO,1
3512506,2026,HOMICIDIO CULPOSO POR ACIDENTE DE TRANSITO,2
3512506,2026,LESAO CORPORAL CULPOSA POR ACIDENTE DE TRANSITO,6
3512506,2026,LESAO CORPORAL DOLOSA,10
3512506,2026,PORTE DE ENTORPECENTES,5
3512506,2026,TRAFICO DE ENTORPECENTES,1
3512605,2026,ESTUPRO DE VULNERAVEL,5
3512605,2026,FURTO - OUTROS,9
3512605,2026,LESAO CORPORAL CULPOSA POR ACIDENTE DE TRANSITO,1
3512605,2026,LESAO CORPORAL DOLOSA,12
3512605,2026,PORTE DE ARMA,1
3512605,2026,PORTE DE ENTORPECENTES,1
3512605,2026,TRAFICO DE ENTORPECENTES,4
3512704,2026,FURTO - OUTROS,19
3512704,2026,FURTO DE CARGA,1
3512704,2026,FURTO DE VEICULO,2
3512704,2026,HOMICIDIO CULPOSO POR ACIDENTE DE TRANSITO,1
3512704,2026,LESAO CORPORAL CULPOSA POR ACIDENTE DE TRANSITO,10
3512704,2026,LESAO CORPORAL DOLOSA,6
3512704,2026,PORTE DE ARMA,2
3512704,2026,ROUBO - OUTROS,1
3512704,2026,ROUBO DE VEICULO,1
3512803,2026,APREENSAO DE ENTORPECENTES,46
3512803,2026,ESTUPRO,2
3512803,2026,ESTUPRO DE VULNERAVEL,7
3512803,2026,FURTO - OUTROS,133
3512803,2026,FURTO DE VEICULO,36
3512803,2026,HOMICIDIO CULPOSO POR ACIDENTE DE TRANSITO,1
3512803,2026,HOMICIDIO DOLOSO,5
3512803,2026,LESAO CORPORAL CULPOSA - OUTRAS,4
3512803,2026,LESAO CORPORAL CULPOSA POR ACIDENTE DE TRANSITO,80
3512803,2026,LESAO CORPORAL DOLOSA,133
3512803,2026,PORTE DE ARMA,9
3512803,2026,PORTE DE ENTORPECENTES,31
3512803,2026,ROUBO - OUTROS,23
3512803,2026,ROUBO DE CARGA,3
3512803,2026,ROUBO DE VEICULO,17
3512803,2026,TENTATIVA DE HOMICIDIO,4
3512803,2026,TRAFICO DE ENTORPECENTES,113
3512902,2026,ESTUPRO,2
3512902,2026,ESTUPRO DE VULNERAVEL,1
3512902,2026,FURTO - OUTROS,23
3512902,2026,FURTO DE VEICULO,1
3512902,2026,HOMICIDIO CULPOSO POR ACIDENTE DE TRANSITO,2
3512902,2026,LESAO CORPORAL CULPOSA POR ACIDENTE DE TRANSITO,23
3512902,2026,LESAO CORPORAL DOLOSA,20
3512902,2026,PORTE DE ARMA,1
3512902,2026,PORTE DE ENTORPECENTES,2
3512902,2026,TRAFICO DE ENTORPECENTES,3
3513009,2026,APREENSAO DE ENTORPECENTES,29
3513009,2026,ESTUPRO,9
3513009,2026,ESTUPRO DE VULNERAVEL,38
3513009,2026,FURTO - OUTROS,1316
3513009,2026,FURTO DE CARGA,2
3513009,2026,FURTO DE VEICULO,211
3513009,2026,HOMICIDIO CULPOSO POR ACIDENTE DE TRANSITO,8
3513009,2026,HOMICIDIO DOLOSO,7
3513009,2026,LESAO CORPORAL CULPOSA - OUTRAS,11
3513009,2026,LESAO CORPORAL CULPOSA POR ACIDENTE DE TRANSITO,291
3513009,2026,LESAO CORPORAL DOLOSA,538
3513009,2026,PORTE DE ARMA,15
3513009,2026,PORTE DE ENTORPECENTES,22
3513009,2026,ROUBO - OUTROS,464
3513009,2026,ROUBO DE CARGA,35
3513009,2026,ROUBO DE VEICULO,151
3513009,2026,TENTATIVA DE HOMICIDIO,13
3513009,2026,TRAFICO DE ENTORPECENTES,113
3513108,2026,APREENSAO DE ENTORPECENTES,1
3513108,2026,ESTUPRO,1
3513108,2026,ESTUPRO DE VULNERAVEL,3
3513108,2026,FURTO - OUTROS,110
3513108,2026,FURTO DE VEICULO,18
3513108,2026,HOMICIDIO CULPOSO POR ACIDENTE DE TRANSITO,1
3513108,2026,LESAO CORPORAL CULPOSA - OUTRAS,1
3513108,2026,LESAO CORPORAL CULPOSA POR ACIDENTE DE TRANSITO,21
3513108,2026,LESAO CORPORAL DOLOSA,81
3513108,2026,PORTE DE ARMA,4
3513108,2026,PORTE DE ENTORPECENTES,7
3513108,2026,ROUBO - OUTROS,7
3513108,2026,ROUBO DE VEICULO,2
3513108,2026,TENTATIVA DE HOMICIDIO,2
3513108,2026,TRAFICO DE ENTORPECENTES,30
3513207,2026,ESTUPRO DE VULNERAVEL,1
3513207,2026,FURTO - OUTROS,39
3513207,2026,FURTO DE VEICULO,3
3513207,2026,HOMICIDIO CULPOSO POR ACIDENTE DE TRANSITO,2
3513207,2026,HOMICIDIO DOLOSO,1
3513207,2026,LESAO CORPORAL CULPOSA POR ACIDENTE DE TRANSITO,3
3513207,2026,LESAO CORPORAL DOLOSA,20
3513207,2026,PORTE DE ENTORPECENTES,7
3513207,2026,ROUBO - OUTROS,2
3513207,2026,TRAFICO DE ENTORPECENTES,2
3513306,2026,FURTO - OUTROS,5
3513306,2026,LESAO CORPORAL DOLOSA,1
3513306,2026,PORTE DE ENTORPECENTES,1
3513405,2026,ESTUPRO,3
3513405,2026,ESTUPRO DE VULNERAVEL,11
3513405,2026,FURTO - OUTROS,277
3513405,2026,FURTO DE VEICULO,19
3513405,2026,HOMICIDIO CULPOSO POR ACIDENTE DE TRANSITO,1
3513405,2026,HOMICIDIO DOLOSO,10
3513405,2026,LESAO CORPORAL CULPOSA - OUTRAS,5
3513405,2026,LESAO CORPORAL CULPOSA POR ACIDENTE DE TRANSITO,42
3513405,2026,LESAO CORPORAL DOLOSA,161
3513405,2026,PORTE DE ARMA,11
3513405,2026,PORTE DE ENTORPECENTES,28
3513405,2026,ROUBO - OUTROS,16
3513405,2026,ROUBO DE VEICULO,3
3513405,2026,TENTATIVA DE HOMICIDIO,9
3513405,2026,TRAFICO DE ENTORPECENTES,57
3513504,2026,APREENSAO DE ENTORPECENTES,29
3513504,2026,ESTUPRO,6
3513504,2026,ESTUPRO DE VULNERAVEL,19
3513504,2026,EXTORSAO MEDIANTE SEQUESTRO,1
3513504,2026,FURTO - OUTROS,524
3513504,2026,FURTO DE CARGA,10
3513504,2026,FURTO DE VEICULO,66
3513504,2026,HOMICIDIO CULPOSO POR ACIDENTE DE TRANSITO,14
3513504,2026,HOMICIDIO DOLOSO,3
3513504,2026,LATROCINIO,1
3513504,2026,LESAO CORPORAL CULPOSA - OUTRAS,28
3513504,2026,LESAO CORPORAL CULPOSA POR ACIDENTE DE TRANSITO,43
3513504,2026,LESAO CORPORAL DOLOSA,235
3513504,2026,PORTE DE ARMA,8
3513504,2026,PORTE DE ENTORPECENTES,15
3513504,2026,ROUBO - OUTROS,127
3513504,2026,ROUBO DE CARGA,2
3513504,2026,ROUBO DE VEICULO,40
3513504,2026,TENTATIVA DE HOMICIDIO,9
3513504,2026,TRAFICO DE ENTORPECENTES,76
3513603,2026,ESTUPRO DE VULNERAVEL,3
3513603,2026,FURTO - OUTROS,26
3513603,2026,FURTO DE VEICULO,4
3513603,2026,HOMICIDIO CULPOSO POR ACIDENTE DE TRANSITO,1
3513603,2026,HOMICIDIO DOLOSO,1
3513603,2026,LESAO CORPORAL CULPOSA POR ACIDENTE DE TRANSITO,14
3513603,2026,LESAO CORPORAL DOLOSA,30
3513603,2026,PORTE DE ARMA,7
3513603,2026,PORTE DE ENTORPECENTES,6
3513603,2026,ROUBO - OUTROS,7
3513603,2026,ROUBO DE VEICULO,1
3513603,2026,TENTATIVA DE HOMICIDIO,3
3513603,2026,TRAFICO DE ENTORPECENTES,5
3513702,2026,FURTO - OUTROS,118
3513702,2026,FURTO DE VEICULO,22
3513702,2026,HOMICIDIO CULPOSO POR ACIDENTE DE TRANSITO,3
3513702,2026,LESAO CORPORAL CULPOSA POR ACIDENTE DE TRANSITO,9
3513702,2026,LESAO CORPORAL DOLOSA,57
3513702,2026,PORTE DE ENTORPECENTES,3
3513702,2026,ROUBO - OUTROS,17
3513702,2026,ROUBO DE VEICULO,2
3513702,2026,TENTATIVA DE HOMICIDIO,1
3513702,2026,TRAFICO DE ENTORPECENTES,18
3513801,2026,APREENSAO DE ENTORPECENTES,18
3513801,2026,ESTUPRO,12
3513801,2026,ESTUPRO DE VULNERAVEL,43
3513801,2026,FURTO - OUTROS,1830
3513801,2026,FURTO DE VEICULO,404
3513801,2026,HOMICIDIO CULPOSO POR ACIDENTE DE TRANSITO,17
3513801,2026,HOMICIDIO DOLOSO,8
3513801,2026,HOMICIDIO DOLOSO POR ACIDENTE DE TRANSITO,2
3513801,2026,LESAO CORPORAL CULPOSA - OUTRAS,9
3513801,2026,LESAO CORPORAL CULPOSA POR ACIDENTE DE TRANSITO,281
3513801,2026,LESAO CORPORAL DOLOSA,864
3513801,2026,LESAO CORPORAL SEGUIDA DE MORTE,1
3513801,2026,PORTE DE ARMA,17
3513801,2026,PORTE DE ENTORPECENTES,18
3513801,2026,ROUBO - OUTROS,1058
3513801,2026,ROUBO DE CARGA,7
3513801,2026,ROUBO DE VEICULO,242
3513801,2026,TENTATIVA DE HOMICIDIO,17
3513801,2026,TRAFICO DE ENTORPECENTES,198
3513850,2026,FURTO - OUTROS,4
3513850,2026,FURTO DE VEICULO,1
3513850,2026,LESAO CORPORAL CULPOSA - OUTRAS,1
3513850,2026,LESAO CORPORAL CULPOSA POR ACIDENTE DE TRANSITO,1
3513850,2026,LESAO CORPORAL DOLOSA,3
3513850,2026,TENTATIVA DE HOMICIDIO,1
3513850,2026,TRAFICO DE ENTORPECENTES,2
3513900,2026,ESTUPRO DE VULNERAVEL,7
3513900,2026,FURTO - OUTROS,38
3513900,2026,FURTO DE VEICULO,2
3513900,2026,LESAO CORPORAL CULPOSA - OUTRAS,2
3513900,2026,LESAO CORPORAL CULPOSA POR ACIDENTE DE TRANSITO,4
3513900,2026,LESAO CORPORAL DOLOSA,14
3513900,2026,PORTE DE ARMA,1
3513900,2026,PORTE DE ENTORPECENTES,2
3513900,2026,ROUBO DE VEICULO,1
3513900,2026,TRAFICO DE ENTORPECENTES,2
3514007,2026,FURTO - OUTROS,22
3514007,2026,FURTO DE VEICULO,2
3514007,2026,HOMICIDIO CULPOSO POR ACIDENTE DE TRANSITO,1
3514007,2026,HOMICIDIO DOLOSO,1
3514007,2026,LESAO CORPORAL CULPOSA - OUTRAS,1
3514007,2026,LESAO CORPORAL CULPOSA POR ACIDENTE DE TRANSITO,1
3514007,2026,LESAO CORPORAL DOLOSA,9
3514007,2026,PORTE DE ARMA,2
3514007,2026,PORTE DE ENTORPECENTES,1
3514007,2026,ROUBO - OUTROS,1
3514106,2026,APREENSAO DE ENTORPECENTES,1
3514106,2026,ESTUPRO DE VULNERAVEL,8
3514106,2026,FURTO - OUTROS,97
3514106,2026,FURTO DE VEICULO,3
3514106,2026,HOMICIDIO CULPOSO POR ACIDENTE DE TRANSITO,4
3514106,2026,HOMICIDIO DOLOSO,2
3514106,2026,LESAO CORPORAL CULPOSA - OUTRAS,1
3514106,2026,LESAO CORPORAL CULPOSA POR ACIDENTE DE TRANSITO,21
3514106,2026,LESAO CORPORAL DOLOSA,61
3514106,2026,PORTE DE ARMA,2
3514106,2026,PORTE DE ENTORPECENTES,4
3514106,2026,ROUBO - OUTROS,2
3514106,2026,ROUBO DE CARGA,1
3514106,2026,TENTATIVA DE HOMICIDIO,1
3514106,2026,TRAFICO DE ENTORPECENTES,28
3514205,2026,ESTUPRO DE VULNERAVEL,2
3514205,2026,FURTO - OUTROS,3
3514205,2026,HOMICIDIO CULPOSO POR ACIDENTE DE TRANSITO,1
3514205,2026,LESAO CORPORAL CULPOSA POR ACIDENTE DE TRANSITO,1
3514205,2026,LESAO CORPORAL DOLOSA,12
3514205,2026,PORTE DE ARMA,1
3514205,2026,PORTE DE ENTORPECENTES,2
3514205,2026,TRAFICO DE ENTORPECENTES,6
3514304,2026,ESTUPRO,1
3514304,2026,ESTUPRO DE VULNERAVEL,1
3514304,2026,FURTO - OUTROS,16
3514304,2026,FURTO DE VEICULO,1
3514304,2026,HOMICIDIO CULPOSO POR ACIDENTE DE TRANSITO,2
3514304,2026,HOMICIDIO DOLOSO,1
3514304,2026,LESAO CORPORAL CULPOSA POR ACIDENTE DE TRANSITO,4
3514304,2026,LESAO CORPORAL DOLOSA,21
3514304,2026,PORTE DE ARMA,1
3514304,2026,PORTE DE ENTORPECENTES,1
3514304,2026,ROUBO - OUTROS,4
3514304,2026,ROUBO DE VEICULO,1
3514304,2026,TENTATIVA DE HOMICIDIO,1
3514304,2026,TRAFICO DE ENTORPECENTES,3
3514403,2026,APREENSAO DE ENTORPECENTES,5
3514403,2026,ESTUPRO,1
3514403,2026,ESTUPRO DE VULNERAVEL,6
3514403,2026,FURTO - OUTROS,214
3514403,2026,FURTO DE VEICULO,12
3514403,2026,HOMICIDIO CULPOSO POR ACIDENTE DE TRANSITO,1
3514403,2026,HOMICIDIO DOLOSO,1
3514403,2026,LESAO CORPORAL CULPOSA POR ACIDENTE DE TRANSITO,139
3514403,2026,LESAO CORPORAL DOLOSA,127
3514403,2026,PORTE DE ARMA,3
3514403,2026,PORTE DE ENTORPECENTES,25
3514403,2026,ROUBO - OUTROS,6
3514403,2026,TENTATIVA DE HOMICIDIO,1
3514403,2026,TRAFICO DE ENTORPECENTES,38
3514502,2026,ESTUPRO DE VULNERAVEL,5
3514502,2026,FURTO - OUTROS,32
3514502,2026,FURTO DE VEICULO,1
3514502,2026,HOMICIDIO CULPOSO POR ACIDENTE DE TRANSITO,1
3514502,2026,LESAO CORPORAL CULPOSA POR ACIDENTE DE TRANSITO,13
3514502,2026,LESAO CORPORAL DOLOSA,25
3514502,2026,PORTE DE ENTORPECENTES,4
3514502,2026,TRAFICO DE ENTORPECENTES,10
3514601,2026,ESTUPRO DE VULNERAVEL,1
3514601,2026,FURTO - OUTROS,18
3514601,2026,FURTO DE VEICULO,1
3514601,2026,HOMICIDIO CULPOSO POR ACIDENTE DE TRANSITO,2
3514601,2026,LESAO CORPORAL CULPOSA POR ACIDENTE DE TRANSITO,2
3514601,2026,LESAO CORPORAL DOLOSA,9
3514601,2026,PORTE DE ENTORPECENTES,1
3514601,2026,ROUBO DE VEICULO,1
3514601,2026,TENTATIVA DE HOMICIDIO,1
3514601,2026,TRAFICO DE ENTORPECENTES,4
3514700,2026,FURTO - OUTROS,4
3514700,2026,LESAO CORPORAL CULPOSA POR ACIDENTE DE TRANSITO,2
3514700,2026,LESAO CORPORAL DOLOSA,11
3514700,2026,PORTE DE ENTORPECENTES,1
3514700,2026,TENTATIVA DE HOMICIDIO,1
3514700,2026,TRAFICO DE ENTORPECENTES,4
3514809,2026,APREENSAO DE ENTORPECENTES,1
3514809,2026,ESTUPRO,1
3514809,2026,ESTUPRO DE VULNERAVEL,6
3514809,2026,FURTO - OUTROS,33
3514809,2026,FURTO DE VEICULO,5
3514809,2026,HOMICIDIO CULPOSO OUTROS,1
3514809,2026,HOMICIDIO CULPOSO POR ACIDENTE DE TRANSITO,5
3514809,2026,HOMICIDIO DOLOSO,2
3514809,2026,LATROCINIO,1
3514809,2026,LESAO CORPORAL CULPOSA - OUTRAS,1
3514809,2026,LESAO CORPORAL CULPOSA POR ACIDENTE DE TRANSITO,15
3514809,2026,LESAO CORPORAL DOLOSA,42
3514809,2026,PORTE DE ARMA,2
3514809,2026,PORTE DE ENTORPECENTES,4
3514809,2026,ROUBO - OUTROS,1
3514809,2026,TENTATIVA DE HOMICIDIO,1
3514809,2026,TRAFICO DE ENTORPECENTES,5
3514908,2026,ESTUPRO,1
3514908,2026,FURTO - OUTROS,28
3514908,2026,FURTO DE VEICULO,7
3514908,2026,HOMICIDIO CULPOSO POR ACIDENTE DE TRANSITO,4
3514908,2026,LESAO CORPORAL CULPOSA POR ACIDENTE DE TRANSITO,22
3514908,2026,LESAO CORPORAL DOLOSA,43
3514908,2026,PORTE DE ENTORPECENTES,6
3514908,2026,ROUBO - OUTROS,1
3514908,2026,ROUBO DE VEICULO,1
3514908,2026,TRAFICO DE ENTORPECENTES,10
3514924,2026,FURTO - OUTROS,6
3514924,2026,LESAO CORPORAL CULPOSA POR ACIDENTE DE TRANSITO,1
3514924,2026,LESAO CORPORAL DOLOSA,4
3514924,2026,TENTATIVA DE HOMICIDIO,1
3514957,2026,FURTO - OUTROS,5
3514957,2026,LESAO CORPORAL DOLOSA,8
3514957,2026,PORTE DE ARMA,1
3515004,2026,APREENSAO DE ENTORPECENTES,6
3515004,2026,ESTUPRO,23
3515004,2026,ESTUPRO DE VULNERAVEL,64
3515004,2026,EXTORSAO MEDIANTE SEQUESTRO,1
3515004,2026,FURTO - OUTROS,979
3515004,2026,FURTO DE CARGA,7
3515004,2026,FURTO DE VEICULO,263
3515004,2026,HOMICIDIO CULPOSO POR ACIDENTE DE TRANSITO,10
3515004,2026,HOMICIDIO DOLOSO,7
3515004,2026,LESAO CORPORAL CULPOSA - OUTRAS,7
3515004,2026,LESAO CORPORAL CULPOSA POR ACIDENTE DE TRANSITO,132
3515004,2026,LESAO CORPORAL DOLOSA,624
3515004,2026,LESAO CORPORAL SEGUIDA DE MORTE,1
3515004,2026,PORTE DE ARMA,7
3515004,2026,PORTE DE ENTORPECENTES,2
3515004,2026,ROUBO - OUTROS,757
3515004,2026,ROUBO DE CARGA,46
3515004,2026,ROUBO DE VEICULO,138
3515004,2026,TENTATIVA DE HOMICIDIO,7
3515004,2026,TRAFICO DE ENTORPECENTES,118
3515103,2026,APREENSAO DE ENTORPECENTES,11
3515103,2026,ESTUPRO,2
3515103,2026,ESTUPRO DE VULNERAVEL,13
3515103,2026,FURTO - OUTROS,235
3515103,2026,FURTO DE VEICULO,29
3515103,2026,HOMICIDIO CULPOSO OUTROS,2
3515103,2026,HOMICIDIO CULPOSO POR ACIDENTE DE TRANSITO,3
3515103,2026,HOMICIDIO DOLOSO,3
3515103,2026,LESAO CORPORAL CULPOSA - OUTRAS,3
3515103,2026,LESAO CORPORAL CULPOSA POR ACIDENTE DE TRANSITO,39
3515103,2026,LESAO CORPORAL DOLOSA,161
3515103,2026,PORTE DE ARMA,3
3515103,2026,PORTE DE ENTORPECENTES,2
3515103,2026,ROUBO - OUTROS,72
3515103,2026,ROUBO DE CARGA,1
3515103,2026,ROUBO DE VEICULO,33
3515103,2026,TENTATIVA DE HOMICIDIO,1
3515103,2026,TRAFICO DE ENTORPECENTES,29
3515129,2026,FURTO - OUTROS,14
3515129,2026,LESAO CORPORAL CULPOSA POR ACIDENTE DE TRANSITO,1
3515129,2026,LESAO CORPORAL DOLOSA,3
3515129,2026,PORTE DE ARMA,1
3515129,2026,TENTATIVA DE HOMICIDIO,1
3515152,2026,APREENSAO DE ENTORPECENTES,1
3515152,2026,ESTUPRO,1
3515152,2026,ESTUPRO DE VULNERAVEL,3
3515152,2026,FURTO - OUTROS,28
3515152,2026,FURTO DE VEICULO,4
3515152,2026,HOMICIDIO CULPOSO POR ACIDENTE DE TRANSITO,2
3515152,2026,HOMICIDIO DOLOSO,1
3515152,2026,LESAO CORPORAL CULPOSA - OUTRAS,1
3515152,2026,LESAO CORPORAL CULPOSA POR ACIDENTE DE TRANSITO,10
3515152,2026,LESAO CORPORAL DOLOSA,39
3515152,2026,PORTE DE ENTORPECENTES,5
3515152,2026,ROUBO DE CARGA,1
3515152,2026,TRAFICO DE ENTORPECENTES,15
3515186,2026,APREENSAO DE ENTORPECENTES,2
3515186,2026,ESTUPRO,2
3515186,2026,ESTUPRO DE VULNERAVEL,4
3515186,2026,FURTO - OUTROS,82
3515186,2026,FURTO DE VEICULO,12
3515186,2026,HOMICIDIO CULPOSO POR ACIDENTE DE TRANSITO,1
3515186,2026,LESAO CORPORAL CULPOSA - OUTRAS,2
3515186,2026,LESAO CORPORAL CULPOSA POR ACIDENTE DE TRANSITO,54
3515186,2026,LESAO CORPORAL DOLOSA,95
3515186,2026,PORTE DE ARMA,4
3515186,2026,PORTE DE ENTORPECENTES,11
3515186,2026,ROUBO - OUTROS,4
3515186,2026,ROUBO DE VEICULO,1
3515186,2026,TRAFICO DE ENTORPECENTES,111
3515194,2026,ESTUPRO,1
3515194,2026,FURTO - OUTROS,10
3515194,2026,FURTO DE VEICULO,1
3515194,2026,LESAO CORPORAL CULPOSA - OUTRAS,1
3515194,2026,LESAO CORPORAL CULPOSA POR ACIDENTE DE TRANSITO,3
3515194,2026,LESAO CORPORAL DOLOSA,11
3515194,2026,PORTE DE ARMA,1
3515194,2026,PORTE DE ENTORPECENTES,5
3515194,2026,TENTATIVA DE HOMICIDIO,1
3515194,2026,TRAFICO DE ENTORPECENTES,7
3515202,2026,ESTUPRO,1
3515202,2026,ESTUPRO DE VULNERAVEL,2
3515202,2026,FURTO - OUTROS,25
3515202,2026,LESAO CORPORAL CULPOSA - OUTRAS,2
3515202,2026,LESAO CORPORAL CULPOSA POR ACIDENTE DE TRANSITO,8
3515202,2026,LESAO CORPORAL DOLOSA,29
3515202,2026,PORTE DE ARMA,2
3515202,2026,PORTE DE ENTORPECENTES,7
3515202,2026,ROUBO - OUTROS,1
3515202,2026,TRAFICO DE ENTORPECENTES,10
3515301,2026,ESTUPRO DE VULNERAVEL,1
3515301,2026,FURTO - OUTROS,6
3515301,2026,FURTO DE CARGA,1
3515301,2026,HOMICIDIO CULPOSO POR ACIDENTE DE TRANSITO,1
3515301,2026,LESAO CORPORAL DOLOSA,8
3515301,2026,PORTE DE ARMA,1
3515350,2026,ESTUPRO DE VULNERAVEL,4
3515350,2026,FURTO - OUTROS,25
3515350,2026,FURTO DE VEICULO,1
3515350,2026,HOMICIDIO CULPOSO POR ACIDENTE DE TRANSITO,1
3515350,2026,LESAO CORPORAL CULPOSA POR ACIDENTE DE TRANSITO,2
3515350,2026,LESAO CORPORAL DOLOSA,19
3515350,2026,PORTE DE ENTORPECENTES,1
3515350,2026,TRAFICO DE ENTORPECENTES,1
3515400,2026,APREENSAO DE ENTORPECENTES,1
3515400,2026,ESTUPRO,3
3515400,2026,ESTUPRO DE VULNERAVEL,4
3515400,2026,FURTO - OUTROS,46
3515400,2026,FURTO DE CARGA,1
3515400,2026,FURTO DE VEICULO,4
3515400,2026,HOMICIDIO CULPOSO POR ACIDENTE DE TRANSITO,1
3515400,2026,LESAO CORPORAL CULPOSA - OUTRAS,1
3515400,2026,LESAO CORPORAL CULPOSA POR ACIDENTE DE TRANSITO,8
3515400,2026,LESAO CORPORAL DOLOSA,42
3515400,2026,PORTE DE ENTORPECENTES,10
3515400,2026,ROUBO - OUTROS,2
3515400,2026,TENTATIVA DE HOMICIDIO,2
3515400,2026,TRAFICO DE ENTORPECENTES,12
3515509,2026,ESTUPRO,3
3515509,2026,ESTUPRO DE VULNERAVEL,19
3515509,2026,FURTO - OUTROS,202
3515509,2026,FURTO DE VEICULO,13
3515509,2026,HOMICIDIO CULPOSO POR ACIDENTE DE TRANSITO,4
3515509,2026,LESAO CORPORAL CULPOSA - OUTRAS,3
3515509,2026,LESAO CORPORAL CULPOSA POR ACIDENTE DE TRANSITO,101
3515509,2026,LESAO CORPORAL DOLOSA,177
3515509,2026,PORTE DE ARMA,7
3515509,2026,PORTE DE ENTORPECENTES,24
3515509,2026,ROUBO - OUTROS,3
3515509,2026,ROUBO DE CARGA,1
3515509,2026,ROUBO DE VEICULO,2
3515509,2026,TENTATIVA DE HOMICIDIO,6
3515509,2026,TRAFICO DE ENTORPECENTES,66
3515608,2026,ESTUPRO DE VULNERAVEL,1
3515608,2026,FURTO - OUTROS,19
3515608,2026,FURTO DE VEICULO,1
3515608,2026,LESAO CORPORAL CULPOSA POR ACIDENTE DE TRANSITO,2
3515608,2026,LESAO CORPORAL DOLOSA,18
3515608,2026,PORTE DE ENTORPECENTES,1
3515608,2026,ROUBO DE VEICULO,1
3515608,2026,TRAFICO DE ENTORPECENTES,1
3515657,2026,ESTUPRO DE VULNERAVEL,2
3515657,2026,FURTO - OUTROS,6
3515657,2026,HOMICIDIO CULPOSO POR ACIDENTE DE TRANSITO,1
3515657,2026,LESAO CORPORAL DOLOSA,8
3515657,2026,PORTE DE ARMA,1
3515657,2026,ROUBO - OUTROS,1
3515657,2026,TRAFICO DE ENTORPECENTES,2
3515707,2026,APREENSAO DE ENTORPECENTES,10
3515707,2026,ESTUPRO,6
3515707,2026,ESTUPRO DE VULNERAVEL,23
3515707,2026,EXTORSAO MEDIANTE SEQUESTRO,1
3515707,2026,FURTO - OUTROS,727
3515707,2026,FURTO DE VEICULO,225
3515707,2026,HOMICIDIO CULPOSO POR ACIDENTE DE TRANSITO,3
3515707,2026,HOMICIDIO DOLOSO,3
3515707,2026,LESAO CORPORAL CULPOSA - OUTRAS,5
3515707,2026,LESAO CORPORAL CULPOSA POR ACIDENTE DE TRANSITO,68
3515707,2026,LESAO CORPORAL DOLOSA,416
3515707,2026,PORTE DE ARMA,8
3515707,2026,PORTE DE ENTORPECENTES,2
3515707,2026,ROUBO - OUTROS,385
3515707,2026,ROUBO DE CARGA,2
3515707,2026,ROUBO DE VEICULO,73
3515707,2026,TENTATIVA DE HOMICIDIO,10
3515707,2026,TRAFICO DE ENTORPECENTES,50
3515806,2026,FURTO - OUTROS,5
3515806,2026,LESAO CORPORAL DOLOSA,7
3515806,2026,PORTE DE ENTORPECENTES,2
3515905,2026,ESTUPRO DE VULNERAVEL,1
3515905,2026,FURTO - OUTROS,9
3515905,2026,FURTO DE VEICULO,2
3515905,2026,LESAO CORPORAL CULPOSA - OUTRAS,1
3515905,2026,LESAO CORPORAL CULPOSA POR ACIDENTE DE TRANSITO,2
3515905,2026,LESAO CORPORAL DOLOSA,5
3515905,2026,TENTATIVA DE HOMICIDIO,1
3515905,2026,TRAFICO DE ENTORPECENTES,1
3516002,2026,ESTUPRO,1
3516002,2026,ESTUPRO DE VULNERAVEL,2
3516002,2026,FURTO - OUTROS,21
3516002,2026,FURTO DE VEICULO,2
3516002,2026,HOMICIDIO CULPOSO POR ACIDENTE DE TRANSITO,1
3516002,2026,LESAO CORPORAL CULPOSA - OUTRAS,1
3516002,2026,LESAO CORPORAL CULPOSA POR ACIDENTE DE TRANSITO,8
3516002,2026,LESAO CORPORAL DOLOSA,37
3516002,2026,PORTE DE ARMA,1
3516002,2026,PORTE DE ENTORPECENTES,4
3516002,2026,TRAFICO DE ENTORPECENTES,11
3516101,2026,FURTO - OUTROS,15
3516101,2026,LESAO CORPORAL CULPOSA POR ACIDENTE DE TRANSITO,1
3516101,2026,LESAO CORPORAL DOLOSA,5
3516101,2026,TRAFICO DE ENTORPECENTES,7
3516200,2026,APREENSAO DE ENTORPECENTES,16
3516200,2026,ESTUPRO,23
3516200,2026,ESTUPRO DE VULNERAVEL,48
3516200,2026,EXTORSAO MEDIANTE SEQUESTRO,1
3516200,2026,FURTO - OUTROS,2376
3516200,2026,FURTO DE VEICULO,243
3516200,2026,HOMICIDIO CULPOSO POR ACIDENTE DE TRANSITO,24
3516200,2026,HOMICIDIO DOLOSO,7
3516200,2026,HOMICIDIO DOLOSO POR ACIDENTE DE TRANSITO,1
3516200,2026,LESAO CORPORAL CULPOSA - OUTRAS,18
3516200,2026,LESAO CORPORAL CULPOSA POR ACIDENTE DE TRANSITO,491
3516200,2026,LESAO CORPORAL DOLOSA,724
3516200,2026,LESAO CORPORAL SEGUIDA DE MORTE,2
3516200,2026,PORTE DE ARMA,28
3516200,2026,PORTE DE ENTORPECENTES,163
3516200,2026,ROUBO - OUTROS,132
3516200,2026,ROUBO DE VEICULO,32
3516200,2026,TENTATIVA DE HOMICIDIO,9
3516200,2026,TRAFICO DE ENTORPECENTES,396
3516309,2026,APREENSAO DE ENTORPECENTES,15
3516309,2026,ESTUPRO,5
3516309,2026,ESTUPRO DE VULNERAVEL,47
3516309,2026,FURTO - OUTROS,669
3516309,2026,FURTO DE VEICULO,42
3516309,2026,HOMICIDIO CULPOSO POR ACIDENTE DE TRANSITO,6
3516309,2026,LESAO CORPORAL CULPOSA - OUTRAS,5
3516309,2026,LESAO CORPORAL CULPOSA POR ACIDENTE DE TRANSITO,73
3516309,2026,LESAO CORPORAL DOLOSA,432
3516309,2026,PORTE DE ARMA,10
3516309,2026,PORTE DE ENTORPECENTES,5
3516309,2026,ROUBO - OUTROS,246
3516309,2026,ROUBO DE CARGA,2
3516309,2026,ROUBO DE VEICULO,60
3516309,2026,TENTATIVA DE HOMICIDIO,6
3516309,2026,TRAFICO DE ENTORPECENTES,80
3516408,2026,APREENSAO DE ENTORPECENTES,23
3516408,2026,ESTUPRO,10
3516408,2026,ESTUPRO DE VULNERAVEL,35
3516408,2026,FURTO - OUTROS,656
3516408,2026,FURTO DE CARGA,1
3516408,2026,FURTO DE VEICULO,67
3516408,2026,HOMICIDIO CULPOSO POR ACIDENTE DE TRANSITO,11
3516408,2026,HOMICIDIO DOLOSO,2
3516408,2026,LESAO CORPORAL CULPOSA - OUTRAS,5
3516408,2026,LESAO CORPORAL CULPOSA POR ACIDENTE DE TRANSITO,84
3516408,2026,LESAO CORPORAL DOLOSA,444
3516408,2026,PORTE DE ARMA,5
3516408,2026,PORTE DE ENTORPECENTES,8
3516408,2026,ROUBO - OUTROS,178
3516408,2026,ROUBO DE CARGA,4
3516408,2026,ROUBO DE VEICULO,82
3516408,2026,TENTATIVA DE HOMICIDIO,5
3516408,2026,TRAFICO DE ENTORPECENTES,129
3516507,2026,ESTUPRO DE VULNERAVEL,1
3516507,2026,FURTO - OUTROS,3
3516507,2026,LESAO CORPORAL CULPOSA POR ACIDENTE DE TRANSITO,3
3516507,2026,LESAO CORPORAL DOLOSA,6
3516507,2026,TRAFICO DE ENTORPECENTES,1
3516606,2026,ESTUPRO DE VULNERAVEL,3
3516606,2026,FURTO - OUTROS,25
3516606,2026,FURTO DE VEICULO,1
3516606,2026,HOMICIDIO CULPOSO POR ACIDENTE DE TRANSITO,1
3516606,2026,HOMICIDIO DOLOSO,1
3516606,2026,LESAO CORPORAL CULPOSA POR ACIDENTE DE TRANSITO,6
3516606,2026,LESAO CORPORAL DOLOSA,42
3516606,2026,PORTE DE ENTORPECENTES,4
3516606,2026,ROUBO - OUTROS,2
3516606,2026,ROUBO DE VEICULO,1
3516606,2026,TENTATIVA DE HOMICIDIO,1
3516606,2026,TRAFICO DE ENTORPECENTES,13
3516705,2026,APREENSAO DE ENTORPECENTES,1
3516705,2026,ESTUPRO,3
3516705,2026,ESTUPRO DE VULNERAVEL,9
3516705,2026,FURTO - OUTROS,152
3516705,2026,FURTO DE VEICULO,6
3516705,2026,HOMICIDIO DOLOSO,1
3516705,2026,LESAO CORPORAL CULPOSA - OUTRAS,1
3516705,2026,LESAO CORPORAL CULPOSA POR ACIDENTE DE TRANSITO,86
3516705,2026,LESAO CORPORAL DOLOSA,101
3516705,2026,PORTE DE ARMA,2
3516705,2026,PORTE DE ENTORPECENTES,12
3516705,2026,ROUBO - OUTROS,5
3516705,2026,TENTATIVA DE HOMICIDIO,4
3516705,2026,TRAFICO DE ENTORPECENTES,73
3516804,2026,ESTUPRO DE VULNERAVEL,1
3516804,2026,FURTO - OUTROS,8
3516804,2026,LESAO CORPORAL CULPOSA - OUTRAS,1
3516804,2026,LESAO CORPORAL DOLOSA,9
3516804,2026,TENTATIVA DE HOMICIDIO,1
3516804,2026,TRAFICO DE ENTORPECENTES,1
3516853,2026,FURTO - OUTROS,13
3516853,2026,LESAO CORPORAL CULPOSA POR ACIDENTE DE TRANSITO,2
3516853,2026,LESAO CORPORAL DOLOSA,9
3516853,2026,TRAFICO DE ENTORPECENTES,3
3516903,2026,ESTUPRO DE VULNERAVEL,2
3516903,2026,FURTO - OUTROS,39
3516903,2026,FURTO DE VEICULO,3
3516903,2026,LESAO CORPORAL CULPOSA POR ACIDENTE DE TRANSITO,2
3516903,2026,LESAO CORPORAL DOLOSA,35
3516903,2026,PORTE DE ARMA,1
3516903,2026,PORTE DE ENTORPECENTES,1
3516903,2026,ROUBO - OUTROS,2
3516903,2026,TENTATIVA DE HOMICIDIO,1
3516903,2026,TRAFICO DE ENTORPECENTES,10
3517000,2026,APREENSAO DE ENTORPECENTES,1
3517000,2026,ESTUPRO DE VULNERAVEL,2
3517000,2026,FURTO - OUTROS,26
3517000,2026,FURTO DE VEICULO,1
3517000,2026,LESAO CORPORAL CULPOSA POR ACIDENTE DE TRANSITO,3
3517000,2026,LESAO CORPORAL DOLOSA,19
3517000,2026,PORTE DE ARMA,1
3517000,2026,PORTE DE ENTORPECENTES,1
3517000,2026,ROUBO - OUTROS,2
3517000,2026,TRAFICO DE ENTORPECENTES,1
3517109,2026,ESTUPRO DE VULNERAVEL,2
3517109,2026,FURTO - OUTROS,11
3517109,2026,FURTO DE VEICULO,2
3517109,2026,LESAO CORPORAL CULPOSA - OUTRAS,1
3517109,2026,LESAO CORPORAL CULPOSA POR ACIDENTE DE TRANSITO,5
3517109,2026,LESAO CORPORAL DOLOSA,10
3517109,2026,PORTE DE ENTORPECENTES,2
3517109,2026,TRAFICO DE ENTORPECENTES,2
3517208,2026,FURTO - OUTROS,50
3517208,2026,FURTO DE VEICULO,5
3517208,2026,HOMICIDIO DOLOSO,1
3517208,2026,LESAO CORPORAL CULPOSA - OUTRAS,1
3517208,2026,LESAO CORPORAL CULPOSA POR ACIDENTE DE TRANSITO,19
3517208,2026,LESAO CORPORAL DOLOSA,42
3517208,2026,PORTE DE ARMA,1
3517208,2026,PORTE DE ENTORPECENTES,1
3517208,2026,ROUBO - OUTROS,2
3517208,2026,TENTATIVA DE HOMICIDIO,3
3517208,2026,TRAFICO DE ENTORPECENTES,7
3517307,2026,ESTUPRO DE VULNERAVEL,1
3517307,2026,FURTO - OUTROS,19
3517307,2026,FURTO DE VEICULO,1
3517307,2026,LESAO CORPORAL CULPOSA - OUTRAS,1
3517307,2026,LESAO CORPORAL CULPOSA POR ACIDENTE DE TRANSITO,2
3517307,2026,LESAO CORPORAL DOLOSA,30
3517307,2026,PORTE DE ARMA,1
3517307,2026,PORTE DE ENTORPECENTES,2
3517307,2026,ROUBO - OUTROS,1
3517307,2026,TENTATIVA DE HOMICIDIO,1
3517307,2026,TRAFICO DE ENTORPECENTES,4
3517406,2026,APREENSAO DE ENTORPECENTES,4
3517406,2026,ESTUPRO,9
3517406,2026,ESTUPRO DE VULNERAVEL,7
3517406,2026,FURTO - OUTROS,167
3517406,2026,FURTO DE VEICULO,5
3517406,2026,HOMICIDIO DOLOSO,2
3517406,2026,LESAO CORPORAL CULPOSA - OUTRAS,8
3517406,2026,LESAO CORPORAL CULPOSA POR ACIDENTE DE TRANSITO,47
3517406,2026,LESAO CORPORAL DOLOSA,104
3517406,2026,PORTE DE ARMA,4
3517406,2026,PORTE DE ENTORPECENTES,54
3517406,2026,ROUBO - OUTROS,9
3517406,2026,ROUBO DE VEICULO,1
3517406,2026,TENTATIVA DE HOMICIDIO,7
3517406,2026,TRAFICO DE ENTORPECENTES,108
3517505,2026,APREENSAO DE ENTORPECENTES,1
3517505,2026,ESTUPRO,1
3517505,2026,ESTUPRO DE VULNERAVEL,10
3517505,2026,FURTO - OUTROS,68
3517505,2026,FURTO DE VEICULO,5
3517505,2026,HOMICIDIO DOLOSO,1
3517505,2026,LESAO CORPORAL CULPOSA - OUTRAS,1
3517505,2026,LESAO CORPORAL CULPOSA POR ACIDENTE DE TRANSITO,20
3517505,2026,LESAO CORPORAL DOLOSA,44
3517505,2026,PORTE DE ARMA,1
3517505,2026,PORTE DE ENTORPECENTES,6
3517505,2026,ROUBO - OUTROS,5
3517505,2026,TRAFICO DE ENTORPECENTES,6
3517604,2026,ESTUPRO,1
3517604,2026,ESTUPRO DE VULNERAVEL,2
3517604,2026,FURTO - OUTROS,46
3517604,2026,FURTO DE VEICULO,1
3517604,2026,LESAO CORPORAL CULPOSA - OUTRAS,1
3517604,2026,LESAO CORPORAL CULPOSA POR ACIDENTE DE TRANSITO,8
3517604,2026,LESAO CORPORAL DOLOSA,34
3517604,2026,PORTE DE ARMA,1
3517604,2026,PORTE DE ENTORPECENTES,7
3517604,2026,ROUBO - OUTROS,5
3517604,2026,TENTATIVA DE HOMICIDIO,2
3517604,2026,TRAFICO DE ENTORPECENTES,10
3517703,2026,APREENSAO DE ENTORPECENTES,4
3517703,2026,ESTUPRO,1
3517703,2026,ESTUPRO DE VULNERAVEL,4
3517703,2026,FURTO - OUTROS,90
3517703,2026,FURTO DE VEICULO,4
3517703,2026,HOMICIDIO CULPOSO POR ACIDENTE DE TRANSITO,1
3517703,2026,LESAO CORPORAL CULPOSA POR ACIDENTE DE TRANSITO,4
3517703,2026,LESAO CORPORAL DOLOSA,47
3517703,2026,PORTE DE ARMA,2
3517703,2026,PORTE DE ENTORPECENTES,113
3517703,2026,ROUBO - OUTROS,7
3517703,2026,ROUBO DE VEICULO,1
3517703,2026,TENTATIVA DE HOMICIDIO,1
3517703,2026,TRAFICO DE ENTORPECENTES,25
3517802,2026,ESTUPRO DE VULNERAVEL,1
3517802,2026,FURTO - OUTROS,13
3517802,2026,FURTO DE VEICULO,1
3517802,2026,LESAO CORPORAL CULPOSA POR ACIDENTE DE TRANSITO,2
3517802,2026,LESAO CORPORAL DOLOSA,13
3517802,2026,PORTE DE ARMA,1
3517802,2026,PORTE DE ENTORPECENTES,2
3517802,2026,ROUBO - OUTROS,1
3517802,2026,TRAFICO DE ENTORPECENTES,2
3517901,2026,ESTUPRO DE VULNERAVEL,3
3517901,2026,FURTO - OUTROS,50
3517901,2026,FURTO DE VEICULO,3
3517901,2026,HOMICIDIO CULPOSO POR ACIDENTE DE TRANSITO,1
3517901,2026,LESAO CORPORAL CULPOSA - OUTRAS,2
3517901,2026,LESAO CORPORAL CULPOSA POR ACIDENTE DE TRANSITO,9
3517901,2026,LESAO CORPORAL DOLOSA,30
3517901,2026,PORTE DE ARMA,2
3517901,2026,PORTE DE ENTORPECENTES,3
3517901,2026,ROUBO - OUTROS,2
3517901,2026,TENTATIVA DE HOMICIDIO,1
3517901,2026,TRAFICO DE ENTORPECENTES,6
3518008,2026,ESTUPRO DE VULNERAVEL,2
3518008,2026,FURTO - OUTROS,8
3518008,2026,LESAO CORPORAL CULPOSA POR ACIDENTE DE TRANSITO,1
3518008,2026,LESAO CORPORAL DOLOSA,11
3518008,2026,PORTE DE ENTORPECENTES,1
3518008,2026,TRAFICO DE ENTORPECENTES,1
3518107,2026,ESTUPRO,1
3518107,2026,ESTUPRO DE VULNERAVEL,4
3518107,2026,FURTO - OUTROS,24
3518107,2026,FURTO DE VEICULO,2
3518107,2026,HOMICIDIO CULPOSO POR ACIDENTE DE TRANSITO,1
3518107,2026,LESAO CORPORAL CULPOSA - OUTRAS,2
3518107,2026,LESAO CORPORAL CULPOSA POR ACIDENTE DE TRANSITO,6
3518107,2026,LESAO CORPORAL DOLOSA,32
3518107,2026,PORTE DE ARMA,2
3518107,2026,PORTE DE ENTORPECENTES,2
3518107,2026,ROUBO - OUTROS,1
3518107,2026,TRAFICO DE ENTORPECENTES,8
3518206,2026,APREENSAO DE ENTORPECENTES,2
3518206,2026,ESTUPRO,1
3518206,2026,ESTUPRO DE VULNERAVEL,5
3518206,2026,FURTO - OUTROS,120
3518206,2026,FURTO DE VEICULO,4
3518206,2026,HOMICIDIO CULPOSO POR ACIDENTE DE TRANSITO,2
3518206,2026,HOMICIDIO DOLOSO,1
3518206,2026,LESAO CORPORAL CULPOSA POR ACIDENTE DE TRANSITO,53
3518206,2026,LESAO CORPORAL DOLOSA,49
3518206,2026,PORTE DE ARMA,5
3518206,2026,PORTE DE ENTORPECENTES,4
3518206,2026,ROUBO - OUTROS,3
3518206,2026,TENTATIVA DE HOMICIDIO,3
3518206,2026,TRAFICO DE ENTORPECENTES,18
3518305,2026,ESTUPRO,2
3518305,2026,ESTUPRO DE VULNERAVEL,2
3518305,2026,FURTO - OUTROS,117
3518305,2026,FURTO DE VEICULO,7
3518305,2026,HOMICIDIO CULPOSO POR ACIDENTE DE TRANSITO,2
3518305,2026,LESAO CORPORAL CULPOSA - OUTRAS,3
3518305,2026,LESAO CORPORAL CULPOSA POR ACIDENTE DE TRANSITO,27
3518305,2026,LESAO CORPORAL DOLOSA,98
3518305,2026,PORTE DE ARMA,3
3518305,2026,PORTE DE ENTORPECENTES,1
3518305,2026,ROUBO - OUTROS,9
3518305,2026,ROUBO DE CARGA,1
3518305,2026,ROUBO DE VEICULO,3
3518305,2026,TENTATIVA DE HOMICIDIO,7
3518305,2026,TRAFICO DE ENTORPECENTES,9
3518404,2026,APREENSAO DE ENTORPECENTES,6
3518404,2026,ESTUPRO,4
3518404,2026,ESTUPRO DE VULNERAVEL,19
3518404,2026,FURTO - OUTROS,485
3518404,2026,FURTO DE VEICULO,25
3518404,2026,HOMICIDIO CULPOSO POR ACIDENTE DE TRANSITO,6
3518404,2026,HOMICIDIO DOLOSO,8
3518404,2026,LESAO CORPORAL CULPOSA - OUTRAS,6
3518404,2026,LESAO CORPORAL CULPOSA POR ACIDENTE DE TRANSITO,101
3518404,2026,LESAO CORPORAL DOLOSA,232
3518404,2026,PORTE DE ARMA,20
3518404,2026,PORTE DE ENTORPECENTES,16
3518404,2026,ROUBO - OUTROS,47
3518404,2026,ROUBO DE VEICULO,9
3518404,2026,TENTATIVA DE HOMICIDIO,14
3518404,2026,TRAFICO DE ENTORPECENTES,109
3518503,2026,APREENSAO DE ENTORPECENTES,1
3518503,2026,ESTUPRO,2
3518503,2026,ESTUPRO DE VULNERAVEL,6
3518503,2026,FURTO - OUTROS,16
3518503,2026,FURTO DE VEICULO,2
3518503,2026,HOMICIDIO CULPOSO POR ACIDENTE DE TRANSITO,2
3518503,2026,LESAO CORPORAL CULPOSA POR ACIDENTE DE TRANSITO,5
3518503,2026,LESAO CORPORAL DOLOSA,24
3518503,2026,PORTE DE ARMA,1
3518503,2026,PORTE DE ENTORPECENTES,1
3518503,2026,ROUBO - OUTROS,1
3518503,2026,TRAFICO DE ENTORPECENTES,51
3518602,2026,APREENSAO DE ENTORPECENTES,4
3518602,2026,ESTUPRO DE VULNERAVEL,1
3518602,2026,FURTO - OUTROS,91
3518602,2026,FURTO DE VEICULO,22
3518602,2026,HOMICIDIO DOLOSO,4
3518602,2026,LESAO CORPORAL CULPOSA POR ACIDENTE DE TRANSITO,9
3518602,2026,LESAO CORPORAL DOLOSA,67
3518602,2026,PORTE DE ARMA,12
3518602,2026,PORTE DE ENTORPECENTES,6
3518602,2026,ROUBO - OUTROS,19
3518602,2026,ROUBO DE CARGA,2
3518602,2026,ROUBO DE VEICULO,10
3518602,2026,TENTATIVA DE HOMICIDIO,4
3518602,2026,TRAFICO DE ENTORPECENTES,73
3518701,2026,APREENSAO DE ENTORPECENTES,61
3518701,2026,ESTUPRO,15
3518701,2026,ESTUPRO DE VULNERAVEL,31
3518701,2026,FURTO - OUTROS,1996
3518701,2026,FURTO DE CARGA,5
3518701,2026,FURTO DE VEICULO,113
3518701,2026,HOMICIDIO CULPOSO POR ACIDENTE DE TRANSITO,12
3518701,2026,HOMICIDIO DOLOSO,7
3518701,2026,LESAO CORPORAL CULPOSA - OUTRAS,90
3518701,2026,LESAO CORPORAL CULPOSA POR ACIDENTE DE TRANSITO,165
3518701,2026,LESAO CORPORAL DOLOSA,680
3518701,2026,PORTE DE ARMA,28
3518701,2026,PORTE DE ENTORPECENTES,78
3518701,2026,ROUBO - OUTROS,674
3518701,2026,ROUBO DE CARGA,7
3518701,2026,ROUBO DE VEICULO,21
3518701,2026,TENTATIVA DE HOMICIDIO,14
3518701,2026,TRAFICO DE ENTORPECENTES,220
3518800,2026,APREENSAO DE ENTORPECENTES,64
3518800,2026,ESTUPRO,39
3518800,2026,ESTUPRO DE VULNERAVEL,203
3518800,2026,EXTORSAO MEDIANTE SEQUESTRO,3
3518800,2026,FURTO - OUTROS,8207
3518800,2026,FURTO DE CARGA,18
3518800,2026,FURTO DE VEICULO,1627
3518800,2026,HOMICIDIO CULPOSO OUTROS,1
3518800,2026,HOMICIDIO CULPOSO POR ACIDENTE DE TRANSITO,41
3518800,2026,HOMICIDIO DOLOSO,29
3518800,2026,LATROCINIO,2
3518800,2026,LESAO CORPORAL CULPOSA - OUTRAS,43
3518800,2026,LESAO CORPORAL CULPOSA POR ACIDENTE DE TRANSITO,831
3518800,2026,LESAO CORPORAL DOLOSA,2493
3518800,2026,LESAO CORPORAL SEGUIDA DE MORTE,1
3518800,2026,PORTE DE ARMA,51
3518800,2026,PORTE DE ENTORPECENTES,78
3518800,2026,ROUBO - OUTROS,2038
3518800,2026,ROUBO DE CARGA,88
3518800,2026,ROUBO DE VEICULO,530
3518800,2026,TENTATIVA DE HOMICIDIO,38
3518800,2026,TRAFICO DE ENTORPECENTES,558
3518859,2026,APREENSAO DE ENTORPECENTES,3
3518859,2026,ESTUPRO,2
3518859,2026,ESTUPRO DE VULNERAVEL,1
3518859,2026,FURTO - OUTROS,28
3518859,2026,FURTO DE VEICULO,5
3518859,2026,HOMICIDIO CULPOSO POR ACIDENTE DE TRANSITO,1
3518859,2026,HOMICIDIO DOLOSO,1
3518859,2026,LESAO CORPORAL CULPOSA - OUTRAS,1
3518859,2026,LESAO CORPORAL CULPOSA POR ACIDENTE DE TRANSITO,3
3518859,2026,LESAO CORPORAL DOLOSA,27
3518859,2026,PORTE DE ARMA,1
3518859,2026,PORTE DE ENTORPECENTES,15
3518859,2026,ROUBO - OUTROS,2
3518859,2026,ROUBO DE CARGA,1
3518859,2026,TENTATIVA DE HOMICIDIO,4
3518859,2026,TRAFICO DE ENTORPECENTES,39
3518909,2026,FURTO - OUTROS,24
3518909,2026,FURTO DE VEICULO,2
3518909,2026,HOMICIDIO DOLOSO,1
3518909,2026,HOMICIDIO DOLOSO POR ACIDENTE DE TRANSITO,1
3518909,2026,LESAO CORPORAL DOLOSA,12
3518909,2026,PORTE DE ENTORPECENTES,1
3518909,2026,TENTATIVA DE HOMICIDIO,2
3518909,2026,TRAFICO DE ENTORPECENTES,2
3519006,2026,ESTUPRO DE VULNERAVEL,2
3519006,2026,FURTO - OUTROS,31
3519006,2026,FURTO DE VEICULO,3
3519006,2026,HOMICIDIO CULPOSO POR ACIDENTE DE TRANSITO,2
3519006,2026,HOMICIDIO DOLOSO,1
3519006,2026,LESAO CORPORAL CULPOSA POR ACIDENTE DE TRANSITO,5
3519006,2026,LESAO CORPORAL DOLOSA,24
3519006,2026,PORTE DE ARMA,6
3519006,2026,PORTE DE ENTORPECENTES,6
3519006,2026,ROUBO - OUTROS,2
3519006,2026,TENTATIVA DE HOMICIDIO,1
3519006,2026,TRAFICO DE ENTORPECENTES,10
3519055,2026,ESTUPRO,1
3519055,2026,ESTUPRO DE VULNERAVEL,3
3519055,2026,FURTO - OUTROS,39
3519055,2026,FURTO DE VEICULO,6
3519055,2026,LESAO CORPORAL CULPOSA POR ACIDENTE DE TRANSITO,17
3519055,2026,LESAO CORPORAL DOLOSA,30
3519055,2026,PORTE DE ARMA,1
3519055,2026,PORTE DE ENTORPECENTES,7
3519055,2026,ROUBO - OUTROS,1
3519055,2026,TRAFICO DE ENTORPECENTES,3
3519071,2026,APREENSAO DE ENTORPECENTES,38
3519071,2026,ESTUPRO,16
3519071,2026,ESTUPRO DE VULNERAVEL,50
3519071,2026,FURTO - OUTROS,866
3519071,2026,FURTO DE CARGA,1
3519071,2026,FURTO DE VEICULO,363
3519071,2026,HOMICIDIO CULPOSO POR ACIDENTE DE TRANSITO,18
3519071,2026,HOMICIDIO DOLOSO,6
3519071,2026,LESAO CORPORAL CULPOSA - OUTRAS,3
3519071,2026,LESAO CORPORAL CULPOSA POR ACIDENTE DE TRANSITO,225
3519071,2026,LESAO CORPORAL DOLOSA,485
3519071,2026,PORTE DE ARMA,25
3519071,2026,PORTE DE ENTORPECENTES,61
3519071,2026,ROUBO - OUTROS,182
3519071,2026,ROUBO DE CARGA,3
3519071,2026,ROUBO DE VEICULO,74
3519071,2026,TENTATIVA DE HOMICIDIO,13
3519071,2026,TRAFICO DE ENTORPECENTES,300
3519105,2026,ESTUPRO DE VULNERAVEL,1
3519105,2026,FURTO - OUTROS,48
3519105,2026,FURTO DE VEICULO,2
3519105,2026,HOMICIDIO CULPOSO POR ACIDENTE DE TRANSITO,1
3519105,2026,HOMICIDIO DOLOSO,1
3519105,2026,LESAO CORPORAL CULPOSA - OUTRAS,3
3519105,2026,LESAO CORPORAL CULPOSA POR ACIDENTE DE TRANSITO,8
3519105,2026,LESAO CORPORAL DOLOSA,44
3519105,2026,PORTE DE ARMA,2
3519105,2026,PORTE DE ENTORPECENTES,2
3519105,2026,ROUBO - OUTROS,1
3519105,2026,TENTATIVA DE HOMICIDIO,1
3519105,2026,TRAFICO DE ENTORPECENTES,3
3519204,2026,ESTUPRO,1
3519204,2026,ESTUPRO DE VULNERAVEL,3
3519204,2026,FURTO - OUTROS,13
3519204,2026,FURTO DE VEICULO,2
3519204,2026,LESAO CORPORAL CULPOSA POR ACIDENTE DE TRANSITO,6
3519204,2026,LESAO CORPORAL DOLOSA,13
3519204,2026,PORTE DE ARMA,1
3519204,2026,PORTE DE ENTORPECENTES,5
3519204,2026,TENTATIVA DE HOMICIDIO,1
3519204,2026,TRAFICO DE ENTORPECENTES,5
3519253,2026,ESTUPRO DE VULNERAVEL,1
3519253,2026,FURTO - OUTROS,19
3519253,2026,LESAO CORPORAL CULPOSA POR ACIDENTE DE TRANSITO,4
3519253,2026,LESAO CORPORAL DOLOSA,12
3519253,2026,PORTE DE ENTORPECENTES,5
3519253,2026,ROUBO - OUTROS,1
3519253,2026,TENTATIVA DE HOMICIDIO,1
3519253,2026,TRAFICO DE ENTORPECENTES,14
3519303,2026,APREENSAO DE ENTORPECENTES,43
3519303,2026,ESTUPRO,2
3519303,2026,ESTUPRO DE VULNERAVEL,8
3519303,2026,FURTO - OUTROS,140
3519303,2026,FURTO DE VEICULO,24
3519303,2026,HOMICIDIO CULPOSO POR ACIDENTE DE TRANSITO,1
3519303,2026,HOMICIDIO DOLOSO,1
3519303,2026,LESAO CORPORAL CULPOSA - OUTRAS,2
3519303,2026,LESAO CORPORAL CULPOSA POR ACIDENTE DE TRANSITO,13
3519303,2026,LESAO CORPORAL DOLOSA,90
3519303,2026,LESAO CORPORAL SEGUIDA DE MORTE,1
3519303,2026,PORTE DE ARMA,2
3519303,2026,PORTE DE ENTORPECENTES,2
3519303,2026,ROUBO - OUTROS,7
3519303,2026,ROUBO DE VEICULO,2
3519303,2026,TENTATIVA DE HOMICIDIO,3
3519303,2026,TRAFICO DE ENTORPECENTES,43
3519402,2026,ESTUPRO,1
3519402,2026,FURTO - OUTROS,28
3519402,2026,FURTO DE VEICULO,4
3519402,2026,HOMICIDIO CULPOSO POR ACIDENTE DE TRANSITO,3
3519402,2026,LESAO CORPORAL CULPOSA - OUTRAS,1
3519402,2026,LESAO CORPORAL CULPOSA POR ACIDENTE DE TRANSITO,11
3519402,2026,LESAO CORPORAL DOLOSA,31
3519402,2026,PORTE DE ENTORPECENTES,2
3519402,2026,ROUBO - OUTROS,1
3519402,2026,TENTATIVA DE HOMICIDIO,1
3519402,2026,TRAFICO DE ENTORPECENTES,4
3519501,2026,ESTUPRO DE VULNERAVEL,1
3519501,2026,FURTO - OUTROS,23
3519501,2026,HOMICIDIO CULPOSO POR ACIDENTE DE TRANSITO,1
3519501,2026,LESAO CORPORAL CULPOSA POR ACIDENTE DE TRANSITO,5
3519501,2026,LESAO CORPORAL DOLOSA,20
3519501,2026,PORTE DE ARMA,2
3519501,2026,PORTE DE ENTORPECENTES,4
3519501,2026,ROUBO - OUTROS,1
3519501,2026,TENTATIVA DE HOMICIDIO,2
3519501,2026,TRAFICO DE ENTORPECENTES,24
3519600,2026,ESTUPRO,5
3519600,2026,ESTUPRO DE VULNERAVEL,10
3519600,2026,FURTO - OUTROS,287
3519600,2026,FURTO DE VEICULO,14
3519600,2026,HOMICIDIO CULPOSO OUTROS,1
3519600,2026,HOMICIDIO CULPOSO POR ACIDENTE DE TRANSITO,2
3519600,2026,HOMICIDIO DOLOSO,2
3519600,2026,LESAO CORPORAL CULPOSA - OUTRAS,2
3519600,2026,LESAO CORPORAL CULPOSA POR ACIDENTE DE TRANSITO,37
3519600,2026,LESAO CORPORAL DOLOSA,205
3519600,2026,PORTE DE ARMA,5
3519600,2026,PORTE DE ENTORPECENTES,17
3519600,2026,ROUBO - OUTROS,10
3519600,2026,ROUBO DE VEICULO,1
3519600,2026,TENTATIVA DE HOMICIDIO,4
3519600,2026,TRAFICO DE ENTORPECENTES,113
3519709,2026,APREENSAO DE ENTORPECENTES,9
3519709,2026,ESTUPRO,4
3519709,2026,ESTUPRO DE VULNERAVEL,19
3519709,2026,FURTO - OUTROS,370
3519709,2026,FURTO DE VEICULO,43
3519709,2026,HOMICIDIO CULPOSO POR ACIDENTE DE TRANSITO,12
3519709,2026,HOMICIDIO DOLOSO,2
3519709,2026,LESAO CORPORAL CULPOSA - OUTRAS,2
3519709,2026,LESAO CORPORAL CULPOSA POR ACIDENTE DE TRANSITO,73
3519709,2026,LESAO CORPORAL DOLOSA,190
3519709,2026,LESAO CORPORAL SEGUIDA DE MORTE,2
3519709,2026,PORTE DE ARMA,5
3519709,2026,PORTE DE ENTORPECENTES,13
3519709,2026,ROUBO - OUTROS,36
3519709,2026,ROUBO DE CARGA,1
3519709,2026,ROUBO DE VEICULO,22
3519709,2026,TENTATIVA DE HOMICIDIO,4
3519709,2026,TRAFICO DE ENTORPECENTES,29
3519808,2026,ESTUPRO DE VULNERAVEL,1
3519808,2026,FURTO - OUTROS,29
3519808,2026,FURTO DE VEICULO,3
3519808,2026,HOMICIDIO DOLOSO,1
3519808,2026,LESAO CORPORAL CULPOSA POR ACIDENTE DE TRANSITO,3
3519808,2026,LESAO CORPORAL DOLOSA,23
3519808,2026,PORTE DE ARMA,1
3519808,2026,PORTE DE ENTORPECENTES,3
3519808,2026,ROUBO - OUTROS,2
3519808,2026,TRAFICO DE ENTORPECENTES,7
3519907,2026,ESTUPRO DE VULNERAVEL,1
3519907,2026,FURTO - OUTROS,11
3519907,2026,FURTO DE VEICULO,2
3519907,2026,LESAO CORPORAL CULPOSA POR ACIDENTE DE TRANSITO,3
3519907,2026,LESAO CORPORAL DOLOSA,20
3519907,2026,PORTE DE ARMA,1
3519907,2026,PORTE DE ENTORPECENTES,1
3519907,2026,TRAFICO DE ENTORPECENTES,1
3520004,2026,APREENSAO DE ENTORPECENTES,6
3520004,2026,ESTUPRO DE VULNERAVEL,4
3520004,2026,FURTO - OUTROS,124
3520004,2026,FURTO DE VEICULO,4
3520004,2026,LESAO CORPORAL CULPOSA - OUTRAS,2
3520004,2026,LESAO CORPORAL CULPOSA POR ACIDENTE DE TRANSITO,23
3520004,2026,LESAO CORPORAL DOLOSA,59
3520004,2026,PORTE DE ARMA,1
3520004,2026,PORTE DE ENTORPECENTES,5
3520004,2026,ROUBO - OUTROS,1
3520004,2026,TENTATIVA DE HOMICIDIO,3
3520004,2026,TRAFICO DE ENTORPECENTES,53
3520103,2026,APREENSAO DE ENTORPECENTES,9
3520103,2026,ESTUPRO,1
3520103,2026,ESTUPRO DE VULNERAVEL,5
3520103,2026,FURTO - OUTROS,119
3520103,2026,FURTO DE VEICULO,5
3520103,2026,HOMICIDIO CULPOSO POR ACIDENTE DE TRANSITO,1
3520103,2026,HOMICIDIO DOLOSO,1
3520103,2026,LESAO CORPORAL CULPOSA POR ACIDENTE DE TRANSITO,5
3520103,2026,LESAO CORPORAL DOLOSA,54
3520103,2026,PORTE DE ARMA,17
3520103,2026,PORTE DE ENTORPECENTES,116
3520103,2026,ROUBO - OUTROS,5
3520103,2026,ROUBO DE VEICULO,1
3520103,2026,TRAFICO DE ENTORPECENTES,10
3520202,2026,APREENSAO DE ENTORPECENTES,1
3520202,2026,ESTUPRO,1
3520202,2026,ESTUPRO DE VULNERAVEL,4
3520202,2026,FURTO - OUTROS,46
3520202,2026,FURTO DE VEICULO,5
3520202,2026,HOMICIDIO DOLOSO,1
3520202,2026,LATROCINIO,1
3520202,2026,LESAO CORPORAL CULPOSA - OUTRAS,1
3520202,2026,LESAO CORPORAL CULPOSA POR ACIDENTE DE TRANSITO,10
3520202,2026,LESAO CORPORAL DOLOSA,27
3520202,2026,PORTE DE ENTORPECENTES,3
3520202,2026,ROUBO - OUTROS,3
3520202,2026,ROUBO DE CARGA,2
3520202,2026,ROUBO DE VEICULO,3
3520202,2026,TRAFICO DE ENTORPECENTES,11
3520301,2026,APREENSAO DE ENTORPECENTES,2
3520301,2026,ESTUPRO,2
3520301,2026,ESTUPRO DE VULNERAVEL,8
3520301,2026,FURTO - OUTROS,141
3520301,2026,FURTO DE VEICULO,6
3520301,2026,HOMICIDIO CULPOSO POR ACIDENTE DE TRANSITO,5
3520301,2026,HOMICIDIO DOLOSO,1
3520301,2026,LESAO CORPORAL CULPOSA - OUTRAS,1
3520301,2026,LESAO CORPORAL CULPOSA POR ACIDENTE DE TRANSITO,19
3520301,2026,LESAO CORPORAL DOLOSA,89
3520301,2026,PORTE DE ARMA,2
3520301,2026,PORTE DE ENTORPECENTES,6
3520301,2026,ROUBO - OUTROS,3
3520301,2026,TENTATIVA DE HOMICIDIO,2
3520301,2026,TRAFICO DE ENTORPECENTES,48
3520400,2026,ESTUPRO,4
3520400,2026,ESTUPRO DE VULNERAVEL,17
3520400,2026,FURTO - OUTROS,264
3520400,2026,FURTO DE VEICULO,9
3520400,2026,HOMICIDIO DOLOSO,1
3520400,2026,LESAO CORPORAL CULPOSA - OUTRAS,3
3520400,2026,LESAO CORPORAL CULPOSA POR ACIDENTE DE TRANSITO,32
3520400,2026,LESAO CORPORAL DOLOSA,169
3520400,2026,PORTE DE ARMA,4
3520400,2026,PORTE DE ENTORPECENTES,12
3520400,2026,ROUBO - OUTROS,7
3520400,2026,ROUBO DE VEICULO,1
3520400,2026,TENTATIVA DE HOMICIDIO,2
3520400,2026,TRAFICO DE ENTORPECENTES,14
3520426,2026,APREENSAO DE ENTORPECENTES,1
3520426,2026,ESTUPRO DE VULNERAVEL,5
3520426,2026,FURTO - OUTROS,148
3520426,2026,FURTO DE VEICULO,3
3520426,2026,HOMICIDIO CULPOSO POR ACIDENTE DE TRANSITO,1
3520426,2026,LESAO CORPORAL CULPOSA - OUTRAS,3
3520426,2026,LESAO CORPORAL CULPOSA POR ACIDENTE DE TRANSITO,15
3520426,2026,LESAO CORPORAL DOLOSA,58
3520426,2026,PORTE DE ARMA,1
3520426,2026,PORTE DE ENTORPECENTES,7
3520426,2026,ROUBO - OUTROS,4
3520426,2026,ROUBO DE VEICULO,1
3520426,2026,TENTATIVA DE HOMICIDIO,3
3520426,2026,TRAFICO DE ENTORPECENTES,55
3520442,2026,APREENSAO DE ENTORPECENTES,2
3520442,2026,ESTUPRO,2
3520442,2026,ESTUPRO DE VULNERAVEL,3
3520442,2026,FURTO - OUTROS,100
3520442,2026,FURTO DE VEICULO,5
3520442,2026,HOMICIDIO CULPOSO POR ACIDENTE DE TRANSITO,1
3520442,2026,HOMICIDIO DOLOSO,2
3520442,2026,LESAO CORPORAL CULPOSA POR ACIDENTE DE TRANSITO,30
3520442,2026,LESAO CORPORAL DOLOSA,51
3520442,2026,PORTE DE ARMA,3
3520442,2026,PORTE DE ENTORPECENTES,11
3520442,2026,ROUBO - OUTROS,3
3520442,2026,TENTATIVA DE HOMICIDIO,2
3520442,2026,TRAFICO DE ENTORPECENTES,13
3520509,2026,APREENSAO DE ENTORPECENTES,52
3520509,2026,ESTUPRO,9
3520509,2026,ESTUPRO DE VULNERAVEL,41
3520509,2026,FURTO - OUTROS,890
3520509,2026,FURTO DE VEICULO,91
3520509,2026,HOMICIDIO CULPOSO POR ACIDENTE DE TRANSITO,15
3520509,2026,HOMICIDIO DOLOSO,5
3520509,2026,LESAO CORPORAL CULPOSA - OUTRAS,6
3520509,2026,LESAO CORPORAL CULPOSA POR ACIDENTE DE TRANSITO,221
3520509,2026,LESAO CORPORAL DOLOSA,536
3520509,2026,PORTE DE ARMA,7
3520509,2026,PORTE DE ENTORPECENTES,139
3520509,2026,ROUBO - OUTROS,71
3520509,2026,ROUBO DE CARGA,1
3520509,2026,ROUBO DE VEICULO,6
3520509,2026,TENTATIVA DE HOMICIDIO,12
3520509,2026,TRAFICO DE ENTORPECENTES,207
3520608,2026,FURTO - OUTROS,17
3520608,2026,FURTO DE VEICULO,2
3520608,2026,LESAO CORPORAL CULPOSA POR ACIDENTE DE TRANSITO,3
3520608,2026,LESAO CORPORAL DOLOSA,14
3520608,2026,TENTATIVA DE HOMICIDIO,1
3520608,2026,TRAFICO DE ENTORPECENTES,1
3520707,2026,ESTUPRO DE VULNERAVEL,1
3520707,2026,FURTO - OUTROS,28
3520707,2026,FURTO DE VEICULO,1
3520707,2026,HOMICIDIO CULPOSO POR ACIDENTE DE TRANSITO,1
3520707,2026,LESAO CORPORAL CULPOSA - OUTRAS,1
3520707,2026,LESAO CORPORAL CULPOSA POR ACIDENTE DE TRANSITO,5
3520707,2026,LESAO CORPORAL DOLOSA,10
3520707,2026,PORTE DE ARMA,1
3520707,2026,PORTE DE ENTORPECENTES,5
3520707,2026,TRAFICO DE ENTORPECENTES,7
3520806,2026,LESAO CORPORAL DOLOSA,4
3520905,2026,FURTO - OUTROS,36
3520905,2026,FURTO DE VEICULO,1
3520905,2026,HOMICIDIO CULPOSO POR ACIDENTE DE TRANSITO,3
3520905,2026,LESAO CORPORAL CULPOSA POR ACIDENTE DE TRANSITO,10
3520905,2026,LESAO CORPORAL DOLOSA,25
3520905,2026,PORTE DE ENTORPECENTES,4
3520905,2026,TENTATIVA DE HOMICIDIO,1
3520905,2026,TRAFICO DE ENTORPECENTES,12
3521002,2026,APREENSAO DE ENTORPECENTES,1
3521002,2026,ESTUPRO DE VULNERAVEL,12
3521002,2026,FURTO - OUTROS,126
3521002,2026,FURTO DE VEICULO,5
3521002,2026,HOMICIDIO CULPOSO POR ACIDENTE DE TRANSITO,2
3521002,2026,HOMICIDIO DOLOSO,2
3521002,2026,LESAO CORPORAL CULPOSA - OUTRAS,3
3521002,2026,LESAO CORPORAL CULPOSA POR ACIDENTE DE TRANSITO,8
3521002,2026,LESAO CORPORAL DOLOSA,69
3521002,2026,PORTE DE ARMA,2
3521002,2026,PORTE DE ENTORPECENTES,3
3521002,2026,ROUBO - OUTROS,5
3521002,2026,ROUBO DE CARGA,1
3521002,2026,ROUBO DE VEICULO,1
3521002,2026,TENTATIVA DE HOMICIDIO,3
3521002,2026,TRAFICO DE ENTORPECENTES,18
3521101,2026,FURTO - OUTROS,33
3521101,2026,FURTO DE VEICULO,1
3521101,2026,HOMICIDIO DOLOSO,1
3521101,2026,LESAO CORPORAL CULPOSA POR ACIDENTE DE TRANSITO,6
3521101,2026,LESAO CORPORAL DOLOSA,15
3521101,2026,PORTE DE ARMA,2
3521101,2026,PORTE DE ENTORPECENTES,2
3521101,2026,TENTATIVA DE HOMICIDIO,2
3521101,2026,TRAFICO DE ENTORPECENTES,8
3521150,2026,ESTUPRO,1
3521150,2026,ESTUPRO DE VULNERAVEL,1
3521150,2026,FURTO - OUTROS,10
3521150,2026,FURTO DE VEICULO,1
3521150,2026,LESAO CORPORAL CULPOSA POR ACIDENTE DE TRANSITO,2
3521150,2026,LESAO CORPORAL DOLOSA,16
3521150,2026,PORTE DE ARMA,1
3521150,2026,PORTE DE ENTORPECENTES,3
3521150,2026,TRAFICO DE ENTORPECENTES,2
3521200,2026,ESTUPRO DE VULNERAVEL,1
3521200,2026,FURTO - OUTROS,17
3521200,2026,FURTO DE VEICULO,1
3521200,2026,LESAO CORPORAL CULPOSA POR ACIDENTE DE TRANSITO,1
3521200,2026,LESAO CORPORAL DOLOSA,16
3521200,2026,PORTE DE ENTORPECENTES,1
3521200,2026,ROUBO - OUTROS,1
3521200,2026,TENTATIVA DE HOMICIDIO,2
3521309,2026,APREENSAO DE ENTORPECENTES,6
3521309,2026,ESTUPRO DE VULNERAVEL,2
3521309,2026,FURTO - OUTROS,73
3521309,2026,FURTO DE VEICULO,2
3521309,2026,LESAO CORPORAL CULPOSA POR ACIDENTE DE TRANSITO,3
3521309,2026,LESAO CORPORAL DOLOSA,37
3521309,2026,PORTE DE ARMA,22
3521309,2026,PORTE DE ENTORPECENTES,93
3521309,2026,ROUBO - OUTROS,4
3521309,2026,ROUBO DE VEICULO,1
3521309,2026,TENTATIVA DE HOMICIDIO,2
3521309,2026,TRAFICO DE ENTORPECENTES,19
3521408,2026,APREENSAO DE ENTORPECENTES,3
3521408,2026,ESTUPRO DE VULNERAVEL,2
3521408,2026,FURTO - OUTROS,46
3521408,2026,FURTO DE CARGA,1
3521408,2026,FURTO DE VEICULO,16
3521408,2026,HOMICIDIO CULPOSO POR ACIDENTE DE TRANSITO,2
3521408,2026,LESAO CORPORAL CULPOSA - OUTRAS,1
3521408,2026,LESAO CORPORAL CULPOSA POR ACIDENTE DE TRANSITO,3
3521408,2026,LESAO CORPORAL DOLOSA,53
3521408,2026,PORTE DE ARMA,1
3521408,2026,PORTE DE ENTORPECENTES,2
3521408,2026,ROUBO - OUTROS,8
3521408,2026,ROUBO DE VEICULO,1
3521408,2026,TENTATIVA DE HOMICIDIO,1
3521408,2026,TRAFICO DE ENTORPECENTES,21
3521507,2026,ESTUPRO,1
3521507,2026,ESTUPRO DE VULNERAVEL,2
3521507,2026,FURTO - OUTROS,11
3521507,2026,HOMICIDIO CULPOSO POR ACIDENTE DE TRANSITO,3
3521507,2026,LESAO CORPORAL CULPOSA - OUTRAS,2
3521507,2026,LESAO CORPORAL CULPOSA POR ACIDENTE DE TRANSITO,3
3521507,2026,LESAO CORPORAL DOLOSA,24
3521507,2026,PORTE DE ARMA,1
3521507,2026,PORTE DE ENTORPECENTES,1
3521507,2026,ROUBO - OUTROS,1
3521507,2026,ROUBO DE VEICULO,1
3521507,2026,TENTATIVA DE HOMICIDIO,1
3521507,2026,TRAFICO DE ENTORPECENTES,6
3521606,2026,ESTUPRO DE VULNERAVEL,1
3521606,2026,FURTO - OUTROS,9
3521606,2026,HOMICIDIO CULPOSO POR ACIDENTE DE TRANSITO,1
3521606,2026,LESAO CORPORAL CULPOSA - OUTRAS,1
3521606,2026,LESAO CORPORAL CULPOSA POR ACIDENTE DE TRANSITO,5
3521606,2026,LESAO CORPORAL DOLOSA,20
3521606,2026,PORTE DE ARMA,1
3521606,2026,PORTE DE ENTORPECENTES,3
3521606,2026,TENTATIVA DE HOMICIDIO,1
3521606,2026,TRAFICO DE ENTORPECENTES,3
3521705,2026,ESTUPRO,1
3521705,2026,ESTUPRO DE VULNERAVEL,6
3521705,2026,FURTO - OUTROS,29
3521705,2026,FURTO DE VEICULO,5
3521705,2026,LESAO CORPORAL CULPOSA - OUTRAS,1
3521705,2026,LESAO CORPORAL CULPOSA POR ACIDENTE DE TRANSITO,14
3521705,2026,LESAO CORPORAL DOLOSA,37
3521705,2026,PORTE DE ENTORPECENTES,7
3521705,2026,ROUBO - OUTROS,1
3521705,2026,ROUBO DE VEICULO,1
3521705,2026,TENTATIVA DE HOMICIDIO,1
3521705,2026,TRAFICO DE ENTORPECENTES,5
3521804,2026,APREENSAO DE ENTORPECENTES,13
3521804,2026,ESTUPRO DE VULNERAVEL,7
3521804,2026,FURTO - OUTROS,57
3521804,2026,FURTO DE VEICULO,1
3521804,2026,HOMICIDIO CULPOSO POR ACIDENTE DE TRANSITO,5
3521804,2026,HOMICIDIO DOLOSO,2
3521804,2026,LESAO CORPORAL CULPOSA - OUTRAS,2
3521804,2026,LESAO CORPORAL CULPOSA POR ACIDENTE DE TRANSITO,14
3521804,2026,LESAO CORPORAL DOLOSA,73
3521804,2026,PORTE DE ARMA,1
3521804,2026,PORTE DE ENTORPECENTES,30
3521804,2026,ROUBO - OUTROS,1
3521804,2026,TENTATIVA DE HOMICIDIO,1
3521804,2026,TRAFICO DE ENTORPECENTES,33
3521903,2026,ESTUPRO DE VULNERAVEL,6
3521903,2026,FURTO - OUTROS,44
3521903,2026,FURTO DE VEICULO,3
3521903,2026,HOMICIDIO CULPOSO POR ACIDENTE DE TRANSITO,2
3521903,2026,LESAO CORPORAL CULPOSA - OUTRAS,1
3521903,2026,LESAO CORPORAL CULPOSA POR ACIDENTE DE TRANSITO,15
3521903,2026,LESAO CORPORAL DOLOSA,39
3521903,2026,PORTE DE ARMA,1
3521903,2026,PORTE DE ENTORPECENTES,1
3521903,2026,ROUBO - OUTROS,2
3521903,2026,TENTATIVA DE HOMICIDIO,1
3521903,2026,TRAFICO DE ENTORPECENTES,31
3522000,2026,FURTO - OUTROS,12
3522000,2026,FURTO DE CARGA,1
3522000,2026,LESAO CORPORAL CULPOSA POR ACIDENTE DE TRANSITO,2
3522000,2026,LESAO CORPORAL DOLOSA,9
3522000,2026,ROUBO - OUTROS,1
3522109,2026,APREENSAO DE ENTORPECENTES,6
3522109,2026,ESTUPRO,13
3522109,2026,ESTUPRO DE VULNERAVEL,33
3522109,2026,FURTO - OUTROS,1596
3522109,2026,FURTO DE VEICULO,147
3522109,2026,HOMICIDIO CULPOSO POR ACIDENTE DE TRANSITO,7
3522109,2026,HOMICIDIO DOLOSO,6
3522109,2026,LESAO CORPORAL CULPOSA - OUTRAS,9
3522109,2026,LESAO CORPORAL CULPOSA POR ACIDENTE DE TRANSITO,106
3522109,2026,LESAO CORPORAL DOLOSA,321
3522109,2026,PORTE DE ARMA,6
3522109,2026,PORTE DE ENTORPECENTES,16
3522109,2026,ROUBO - OUTROS,155
3522109,2026,ROUBO DE CARGA,2
3522109,2026,ROUBO DE VEICULO,23
3522109,2026,TENTATIVA DE HOMICIDIO,3
3522109,2026,TRAFICO DE ENTORPECENTES,140
3522158,2026,ESTUPRO DE VULNERAVEL,2
3522158,2026,FURTO - OUTROS,1
3522158,2026,FURTO DE VEICULO,2
3522158,2026,LESAO CORPORAL CULPOSA - OUTRAS,1
3522158,2026,LESAO CORPORAL CULPOSA POR ACIDENTE DE TRANSITO,1
3522158,2026,LESAO CORPORAL DOLOSA,3
3522208,2026,APREENSAO DE ENTORPECENTES,5
3522208,2026,ESTUPRO,7
3522208,2026,ESTUPRO DE VULNERAVEL,28
3522208,2026,FURTO - OUTROS,886
3522208,2026,FURTO DE CARGA,1
3522208,2026,FURTO DE VEICULO,129
3522208,2026,HOMICIDIO CULPOSO POR ACIDENTE DE TRANSITO,9
3522208,2026,HOMICIDIO DOLOSO,4
3522208,2026,LESAO CORPORAL CULPOSA - OUTRAS,5
3522208,2026,LESAO CORPORAL CULPOSA POR ACIDENTE DE TRANSITO,70
3522208,2026,LESAO CORPORAL DOLOSA,353
3522208,2026,PORTE DE ARMA,15
3522208,2026,PORTE DE ENTORPECENTES,7
3522208,2026,ROUBO - OUTROS,595
3522208,2026,ROUBO DE CARGA,32
3522208,2026,ROUBO DE VEICULO,153
3522208,2026,TENTATIVA DE HOMICIDIO,6
3522208,2026,TRAFICO DE ENTORPECENTES,93
3522307,2026,APREENSAO DE ENTORPECENTES,32
3522307,2026,ESTUPRO,14
3522307,2026,ESTUPRO DE VULNERAVEL,42
3522307,2026,FURTO - OUTROS,846
3522307,2026,FURTO DE VEICULO,46
3522307,2026,HOMICIDIO CULPOSO POR ACIDENTE DE TRANSITO,11
3522307,2026,HOMICIDIO DOLOSO,5
3522307,2026,LESAO CORPORAL CULPOSA - OUTRAS,4
3522307,2026,LESAO CORPORAL CULPOSA POR ACIDENTE DE TRANSITO,298
3522307,2026,LESAO CORPORAL DOLOSA,444
3522307,2026,PORTE DE ARMA,14
3522307,2026,PORTE DE ENTORPECENTES,51
3522307,2026,ROUBO - OUTROS,43
3522307,2026,ROUBO DE VEICULO,6
3522307,2026,TENTATIVA DE HOMICIDIO,10
3522307,2026,TRAFICO DE ENTORPECENTES,224
3522406,2026,APREENSAO DE ENTORPECENTES,13
3522406,2026,ESTUPRO,4
3522406,2026,ESTUPRO DE VULNERAVEL,45
3522406,2026,FURTO - OUTROS,400
3522406,2026,FURTO DE VEICULO,22
3522406,2026,HOMICIDIO CULPOSO OUTROS,2
3522406,2026,HOMICIDIO CULPOSO POR ACIDENTE DE TRANSITO,1
3522406,2026,HOMICIDIO DOLOSO,1
3522406,2026,LESAO CORPORAL CULPOSA POR ACIDENTE DE TRANSITO,135
3522406,2026,LESAO CORPORAL DOLOSA,216
3522406,2026,LESAO CORPORAL SEGUIDA DE MORTE,1
3522406,2026,PORTE DE ARMA,7
3522406,2026,PORTE DE ENTORPECENTES,18
3522406,2026,ROUBO - OUTROS,11
3522406,2026,TENTATIVA DE HOMICIDIO,7
3522406,2026,TRAFICO DE ENTORPECENTES,62
3522505,2026,APREENSAO DE ENTORPECENTES,39
3522505,2026,ESTUPRO,13
3522505,2026,ESTUPRO DE VULNERAVEL,41
3522505,2026,FURTO - OUTROS,980
3522505,2026,FURTO DE VEICULO,168
3522505,2026,HOMICIDIO CULPOSO OUTROS,1
3522505,2026,HOMICIDIO CULPOSO POR ACIDENTE DE TRANSITO,9
3522505,2026,HOMICIDIO DOLOSO,7
3522505,2026,HOMICIDIO DOLOSO POR ACIDENTE DE TRANSITO,1
3522505,2026,LATROCINIO,1
3522505,2026,LESAO CORPORAL CULPOSA - OUTRAS,6
3522505,2026,LESAO CORPORAL CULPOSA POR ACIDENTE DE TRANSITO,166
3522505,2026,LESAO CORPORAL DOLOSA,559
3522505,2026,PORTE DE ARMA,7
3522505,2026,PORTE DE ENTORPECENTES,7
3522505,2026,ROUBO - OUTROS,380
3522505,2026,ROUBO DE CARGA,23
3522505,2026,ROUBO DE VEICULO,145
3522505,2026,TENTATIVA DE HOMICIDIO,14
3522505,2026,TRAFICO DE ENTORPECENTES,57
3522604,2026,APREENSAO DE ENTORPECENTES,5
3522604,2026,ESTUPRO,2
3522604,2026,ESTUPRO DE VULNERAVEL,4
3522604,2026,FURTO - OUTROS,192
3522604,2026,FURTO DE VEICULO,34
3522604,2026,HOMICIDIO CULPOSO POR ACIDENTE DE TRANSITO,7
3522604,2026,HOMICIDIO DOLOSO,1
3522604,2026,LESAO CORPORAL CULPOSA POR ACIDENTE DE TRANSITO,72
3522604,2026,LESAO CORPORAL DOLOSA,118
3522604,2026,PORTE DE ARMA,3
3522604,2026,PORTE DE ENTORPECENTES,31
3522604,2026,ROUBO - OUTROS,12
3522604,2026,ROUBO DE VEICULO,12
3522604,2026,TENTATIVA DE HOMICIDIO,4
3522604,2026,TRAFICO DE ENTORPECENTES,118
3522653,2026,ESTUPRO DE VULNERAVEL,3
3522653,2026,FURTO - OUTROS,3
3522653,2026,HOMICIDIO DOLOSO,1
3522653,2026,LESAO CORPORAL CULPOSA POR ACIDENTE DE TRANSITO,2
3522653,2026,LESAO CORPORAL DOLOSA,5
3522703,2026,APREENSAO DE ENTORPECENTES,1
3522703,2026,ESTUPRO,2
3522703,2026,ESTUPRO DE VULNERAVEL,9
3522703,2026,FURTO - OUTROS,212
3522703,2026,FURTO DE VEICULO,13
3522703,2026,HOMICIDIO CULPOSO POR ACIDENTE DE TRANSITO,5
3522703,2026,HOMICIDIO DOLOSO,3
3522703,2026,LESAO CORPORAL CULPOSA - OUTRAS,1
3522703,2026,LESAO CORPORAL CULPOSA POR ACIDENTE DE TRANSITO,94
3522703,2026,LESAO CORPORAL DOLOSA,102
3522703,2026,PORTE DE ARMA,6
3522703,2026,PORTE DE ENTORPECENTES,13
3522703,2026,ROUBO - OUTROS,7
3522703,2026,ROUBO DE VEICULO,3
3522703,2026,TENTATIVA DE HOMICIDIO,1
3522703,2026,TRAFICO DE ENTORPECENTES,40
3522802,2026,ESTUPRO DE VULNERAVEL,3
3522802,2026,FURTO - OUTROS,26
3522802,2026,FURTO DE VEICULO,2
3522802,2026,LESAO CORPORAL CULPOSA POR ACIDENTE DE TRANSITO,1
3522802,2026,LESAO CORPORAL DOLOSA,37
3522802,2026,PORTE DE ARMA,4
3522802,2026,PORTE DE ENTORPECENTES,1
3522802,2026,ROUBO - OUTROS,1
3522802,2026,TENTATIVA DE HOMICIDIO,2
3522802,2026,TRAFICO DE ENTORPECENTES,17
3522901,2026,ESTUPRO DE VULNERAVEL,4
3522901,2026,FURTO - OUTROS,46
3522901,2026,HOMICIDIO DOLOSO,2
3522901,2026,LESAO CORPORAL CULPOSA POR ACIDENTE DE TRANSITO,7
3522901,2026,LESAO CORPORAL DOLOSA,35
3522901,2026,PORTE DE ARMA,3
3522901,2026,PORTE DE ENTORPECENTES,3
3522901,2026,ROUBO - OUTROS,3
3522901,2026,TENTATIVA DE HOMICIDIO,2
3522901,2026,TRAFICO DE ENTORPECENTES,19
3523008,2026,ESTUPRO DE VULNERAVEL,1
3523008,2026,FURTO - OUTROS,13
3523008,2026,HOMICIDIO CULPOSO POR ACIDENTE DE TRANSITO,1
3523008,2026,LESAO CORPORAL CULPOSA POR ACIDENTE DE TRANSITO,1
3523008,2026,LESAO CORPORAL DOLOSA,14
3523008,2026,PORTE DE ARMA,2
3523107,2026,APREENSAO DE ENTORPECENTES,98
3523107,2026,ESTUPRO,18
3523107,2026,ESTUPRO DE VULNERAVEL,43
3523107,2026,FURTO - OUTROS,1251
3523107,2026,FURTO DE CARGA,2
3523107,2026,FURTO DE VEICULO,340
3523107,2026,HOMICIDIO CULPOSO POR ACIDENTE DE TRANSITO,12
3523107,2026,HOMICIDIO DOLOSO,14
3523107,2026,LATROCINIO,1
3523107,2026,LESAO CORPORAL CULPOSA - OUTRAS,7
3523107,2026,LESAO CORPORAL CULPOSA POR ACIDENTE DE TRANSITO,162
3523107,2026,LESAO CORPORAL DOLOSA,791
3523107,2026,PORTE DE ARMA,12
3523107,2026,PORTE DE ENTORPECENTES,11
3523107,2026,ROUBO - OUTROS,739
3523107,2026,ROUBO DE CARGA,2
3523107,2026,ROUBO DE VEICULO,251
3523107,2026,TENTATIVA DE HOMICIDIO,9
3523107,2026,TRAFICO DE ENTORPECENTES,284
3523206,2026,APREENSAO DE ENTORPECENTES,18
3523206,2026,ESTUPRO,2
3523206,2026,ESTUPRO DE VULNERAVEL,21
3523206,2026,FURTO - OUTROS,107
3523206,2026,FURTO DE VEICULO,2
3523206,2026,HOMICIDIO CULPOSO POR ACIDENTE DE TRANSITO,3
3523206,2026,HOMICIDIO DOLOSO,1
3523206,2026,LESAO CORPORAL CULPOSA - OUTRAS,3
3523206,2026,LESAO CORPORAL CULPOSA POR ACIDENTE DE TRANSITO,62
3523206,2026,LESAO CORPORAL DOLOSA,151
3523206,2026,LESAO CORPORAL SEGUIDA DE MORTE,1
3523206,2026,PORTE DE ARMA,1
3523206,2026,PORTE DE ENTORPECENTES,23
3523206,2026,ROUBO - OUTROS,2
3523206,2026,TENTATIVA DE HOMICIDIO,2
3523206,2026,TRAFICO DE ENTORPECENTES,21
3523305,2026,APREENSAO DE ENTORPECENTES,1
3523305,2026,ESTUPRO,1
3523305,2026,ESTUPRO DE VULNERAVEL,2
3523305,2026,FURTO - OUTROS,46
3523305,2026,FURTO DE VEICULO,5
3523305,2026,HOMICIDIO CULPOSO POR ACIDENTE DE TRANSITO,1
3523305,2026,HOMICIDIO DOLOSO,1
3523305,2026,LATROCINIO,1
3523305,2026,LESAO CORPORAL CULPOSA - OUTRAS,1
3523305,2026,LESAO CORPORAL CULPOSA POR ACIDENTE DE TRANSITO,3
3523305,2026,LESAO CORPORAL DOLOSA,41
3523305,2026,PORTE DE ARMA,2
3523305,2026,ROUBO - OUTROS,3
3523305,2026,TRAFICO DE ENTORPECENTES,3
3523404,2026,APREENSAO DE ENTORPECENTES,3
3523404,2026,ESTUPRO,8
3523404,2026,ESTUPRO DE VULNERAVEL,29
3523404,2026,FURTO - OUTROS,334
3523404,2026,FURTO DE VEICULO,47
3523404,2026,HOMICIDIO CULPOSO POR ACIDENTE DE TRANSITO,4
3523404,2026,HOMICIDIO DOLOSO,4
3523404,2026,LESAO CORPORAL CULPOSA - OUTRAS,1
3523404,2026,LESAO CORPORAL CULPOSA POR ACIDENTE DE TRANSITO,192
3523404,2026,LESAO CORPORAL DOLOSA,222
3523404,2026,PORTE DE ARMA,5
3523404,2026,PORTE DE ENTORPECENTES,20
3523404,2026,ROUBO - OUTROS,39
3523404,2026,ROUBO DE CARGA,13
3523404,2026,ROUBO DE VEICULO,25
3523404,2026,TENTATIVA DE HOMICIDIO,7
3523404,2026,TRAFICO DE ENTORPECENTES,64
3523503,2026,ESTUPRO,1
3523503,2026,ESTUPRO DE VULNERAVEL,6
3523503,2026,FURTO - OUTROS,46
3523503,2026,FURTO DE VEICULO,4
3523503,2026,LESAO CORPORAL CULPOSA - OUTRAS,1
3523503,2026,LESAO CORPORAL CULPOSA POR ACIDENTE DE TRANSITO,20
3523503,2026,LESAO CORPORAL DOLOSA,41
3523503,2026,PORTE DE ARMA,2
3523503,2026,PORTE DE ENTORPECENTES,7
3523503,2026,ROUBO - OUTROS,8
3523503,2026,TENTATIVA DE HOMICIDIO,2
3523503,2026,TRAFICO DE ENTORPECENTES,8
3523602,2026,APREENSAO DE ENTORPECENTES,2
3523602,2026,ESTUPRO,1
3523602,2026,FURTO - OUTROS,58
3523602,2026,FURTO DE VEICULO,4
3523602,2026,HOMICIDIO CULPOSO POR ACIDENTE DE TRANSITO,2
3523602,2026,HOMICIDIO DOLOSO,1
3523602,2026,LESAO CORPORAL CULPOSA - OUTRAS,1
3523602,2026,LESAO CORPORAL CULPOSA POR ACIDENTE DE TRANSITO,7
3523602,2026,LESAO CORPORAL DOLOSA,37
3523602,2026,PORTE DE ARMA,2
3523602,2026,PORTE DE ENTORPECENTES,14
3523602,2026,ROUBO - OUTROS,2
3523602,2026,ROUBO DE CARGA,2
3523602,2026,ROUBO DE VEICULO,1
3523602,2026,TENTATIVA DE HOMICIDIO,3
3523602,2026,TRAFICO DE ENTORPECENTES,33
3523701,2026,ESTUPRO DE VULNERAVEL,1
3523701,2026,FURTO - OUTROS,12
3523701,2026,FURTO DE VEICULO,3
3523701,2026,HOMICIDIO CULPOSO POR ACIDENTE DE TRANSITO,1
3523701,2026,LESAO CORPORAL CULPOSA POR ACIDENTE DE TRANSITO,1
3523701,2026,LESAO CORPORAL DOLOSA,15
3523701,2026,PORTE DE ARMA,1
3523701,2026,PORTE DE ENTORPECENTES,60
3523701,2026,TRAFICO DE ENTORPECENTES,4
3523800,2026,ESTUPRO,1
3523800,2026,FURTO - OUTROS,36
3523800,2026,FURTO DE VEICULO,1
3523800,2026,LESAO CORPORAL CULPOSA POR ACIDENTE DE TRANSITO,1
3523800,2026,LESAO CORPORAL DOLOSA,25
3523800,2026,PORTE DE ENTORPECENTES,5
3523800,2026,ROUBO - OUTROS,1
3523800,2026,TENTATIVA DE HOMICIDIO,1
3523800,2026,TRAFICO DE ENTORPECENTES,8
3523909,2026,APREENSAO DE ENTORPECENTES,8
3523909,2026,ESTUPRO,7
3523909,2026,ESTUPRO DE VULNERAVEL,27
3523909,2026,FURTO - OUTROS,675
3523909,2026,FURTO DE VEICULO,103
3523909,2026,HOMICIDIO CULPOSO POR ACIDENTE DE TRANSITO,18
3523909,2026,HOMICIDIO DOLOSO,11
3523909,2026,LESAO CORPORAL CULPOSA - OUTRAS,8
3523909,2026,LESAO CORPORAL CULPOSA POR ACIDENTE DE TRANSITO,120
3523909,2026,LESAO CORPORAL DOLOSA,348
3523909,2026,PORTE DE ARMA,12
3523909,2026,PORTE DE ENTORPECENTES,22
3523909,2026,ROUBO - OUTROS,68
3523909,2026,ROUBO DE CARGA,5
3523909,2026,ROUBO DE VEICULO,9
3523909,2026,TENTATIVA DE HOMICIDIO,12
3523909,2026,TRAFICO DE ENTORPECENTES,109
3524006,2026,APREENSAO DE ENTORPECENTES,5
3524006,2026,ESTUPRO,6
3524006,2026,ESTUPRO DE VULNERAVEL,3
3524006,2026,FURTO - OUTROS,271
3524006,2026,FURTO DE CARGA,1
3524006,2026,FURTO DE VEICULO,32
3524006,2026,HOMICIDIO CULPOSO POR ACIDENTE DE TRANSITO,3
3524006,2026,HOMICIDIO DOLOSO,3
3524006,2026,LESAO CORPORAL CULPOSA POR ACIDENTE DE TRANSITO,73
3524006,2026,LESAO CORPORAL DOLOSA,142
3524006,2026,PORTE DE ARMA,5
3524006,2026,PORTE DE ENTORPECENTES,23
3524006,2026,ROUBO - OUTROS,34
3524006,2026,ROUBO DE CARGA,5
3524006,2026,ROUBO DE VEICULO,14
3524006,2026,TENTATIVA DE HOMICIDIO,3
3524006,2026,TRAFICO DE ENTORPECENTES,59
3524105,2026,APREENSAO DE ENTORPECENTES,2
3524105,2026,ESTUPRO,2
3524105,2026,ESTUPRO DE VULNERAVEL,8
3524105,2026,FURTO - OUTROS,166
3524105,2026,FURTO DE VEICULO,24
3524105,2026,HOMICIDIO CULPOSO POR ACIDENTE DE TRANSITO,4
3524105,2026,HOMICIDIO DOLOSO,1
3524105,2026,LESAO CORPORAL CULPOSA - OUTRAS,3
3524105,2026,LESAO CORPORAL CULPOSA POR ACIDENTE DE TRANSITO,11
3524105,2026,LESAO CORPORAL DOLOSA,60
3524105,2026,PORTE DE ARMA,6
3524105,2026,PORTE DE ENTORPECENTES,64
3524105,2026,ROUBO - OUTROS,13
3524105,2026,ROUBO DE VEICULO,3
3524105,2026,TENTATIVA DE HOMICIDIO,2
3524105,2026,TRAFICO DE ENTORPECENTES,27
3524204,2026,ESTUPRO DE VULNERAVEL,1
3524204,2026,FURTO - OUTROS,13
3524204,2026,FURTO DE VEICULO,1
3524204,2026,HOMICIDIO CULPOSO POR ACIDENTE DE TRANSITO,2
3524204,2026,LESAO CORPORAL CULPOSA POR ACIDENTE DE TRANSITO,1
3524204,2026,LESAO CORPORAL DOLOSA,19
3524204,2026,PORTE DE ARMA,1
3524204,2026,PORTE DE ENTORPECENTES,2
3524204,2026,ROUBO DE VEICULO,1
3524204,2026,TENTATIVA DE HOMICIDIO,1
3524204,2026,TRAFICO DE ENTORPECENTES,5
3524303,2026,APREENSAO DE ENTORPECENTES,1
3524303,2026,ESTUPRO DE VULNERAVEL,9
3524303,2026,FURTO - OUTROS,352
3524303,2026,FURTO DE VEICULO,41
3524303,2026,HOMICIDIO CULPOSO POR ACIDENTE DE TRANSITO,6
3524303,2026,HOMICIDIO DOLOSO,5
3524303,2026,LESAO CORPORAL CULPOSA - OUTRAS,2
3524303,2026,LESAO CORPORAL CULPOSA POR ACIDENTE DE TRANSITO,62
3524303,2026,LESAO CORPORAL DOLOSA,114
3524303,2026,PORTE DE ARMA,10
3524303,2026,PORTE DE ENTORPECENTES,8
3524303,2026,ROUBO - OUTROS,25
3524303,2026,ROUBO DE CARGA,1
3524303,2026,ROUBO DE VEICULO,9
3524303,2026,TENTATIVA DE HOMICIDIO,7
3524303,2026,TRAFICO DE ENTORPECENTES,67
3524402,2026,APREENSAO DE ENTORPECENTES,9
3524402,2026,ESTUPRO,13
3524402,2026,ESTUPRO DE VULNERAVEL,36
3524402,2026,FURTO - OUTROS,859
3524402,2026,FURTO DE VEICULO,160
3524402,2026,HOMICIDIO CULPOSO OUTROS,1
3524402,2026,HOMICIDIO CULPOSO POR ACIDENTE DE TRANSITO,10
3524402,2026,HOMICIDIO DOLOSO,6
3524402,2026,LESAO CORPORAL CULPOSA - OUTRAS,7
3524402,2026,LESAO CORPORAL CULPOSA POR ACIDENTE DE TRANSITO,189
3524402,2026,LESAO CORPORAL DOLOSA,514
3524402,2026,LESAO CORPORAL SEGUIDA DE MORTE,1
3524402,2026,PORTE DE ARMA,33
3524402,2026,PORTE DE ENTORPECENTES,29
3524402,2026,ROUBO - OUTROS,110
3524402,2026,ROUBO DE CARGA,12
3524402,2026,ROUBO DE VEICULO,16
3524402,2026,TENTATIVA DE HOMICIDIO,15
3524402,2026,TRAFICO DE ENTORPECENTES,187
3524501,2026,APREENSAO DE ENTORPECENTES,1
3524501,2026,ESTUPRO DE VULNERAVEL,3
3524501,2026,FURTO - OUTROS,14
3524501,2026,HOMICIDIO CULPOSO POR ACIDENTE DE TRANSITO,1
3524501,2026,LESAO CORPORAL CULPOSA POR ACIDENTE DE TRANSITO,5
3524501,2026,LESAO CORPORAL DOLOSA,22
3524501,2026,TRAFICO DE ENTORPECENTES,1
3524600,2026,ESTUPRO,2
3524600,2026,ESTUPRO DE VULNERAVEL,2
3524600,2026,FURTO - OUTROS,101
3524600,2026,FURTO DE VEICULO,2
3524600,2026,HOMICIDIO CULPOSO POR ACIDENTE DE TRANSITO,2
3524600,2026,LESAO CORPORAL CULPOSA POR ACIDENTE DE TRANSITO,17
3524600,2026,LESAO CORPORAL DOLOSA,39
3524600,2026,PORTE DE ARMA,1
3524600,2026,PORTE DE ENTORPECENTES,9
3524600,2026,ROUBO - OUTROS,2
3524600,2026,TENTATIVA DE HOMICIDIO,1
3524600,2026,TRAFICO DE ENTORPECENTES,5
3524709,2026,APREENSAO DE ENTORPECENTES,3
3524709,2026,ESTUPRO,3
3524709,2026,ESTUPRO DE VULNERAVEL,4
3524709,2026,FURTO - OUTROS,193
3524709,2026,FURTO DE CARGA,1
3524709,2026,FURTO DE VEICULO,49
3524709,2026,HOMICIDIO CULPOSO POR ACIDENTE DE TRANSITO,2
3524709,2026,HOMICIDIO DOLOSO,3
3524709,2026,LESAO CORPORAL CULPOSA - OUTRAS,3
3524709,2026,LESAO CORPORAL CULPOSA POR ACIDENTE DE TRANSITO,115
3524709,2026,LESAO CORPORAL DOLOSA,105
3524709,2026,PORTE DE ARMA,4
3524709,2026,PORTE DE ENTORPECENTES,18
3524709,2026,ROUBO - OUTROS,19
3524709,2026,ROUBO DE CARGA,2
3524709,2026,ROUBO DE VEICULO,11
3524709,2026,TENTATIVA DE HOMICIDIO,4
3524709,2026,TRAFICO DE ENTORPECENTES,47
3524808,2026,APREENSAO DE ENTORPECENTES,1
3524808,2026,ESTUPRO,4
3524808,2026,ESTUPRO DE VULNERAVEL,13
3524808,2026,FURTO - OUTROS,188
3524808,2026,FURTO DE VEICULO,15
3524808,2026,HOMICIDIO CULPOSO POR ACIDENTE DE TRANSITO,6
3524808,2026,HOMICIDIO DOLOSO,1
3524808,2026,LESAO CORPORAL CULPOSA - OUTRAS,3
3524808,2026,LESAO CORPORAL CULPOSA POR ACIDENTE DE TRANSITO,222
3524808,2026,LESAO CORPORAL DOLOSA,144
3524808,2026,PORTE DE ARMA,12
3524808,2026,PORTE DE ENTORPECENTES,40
3524808,2026,ROUBO - OUTROS,7
3524808,2026,ROUBO DE VEICULO,2
3524808,2026,TENTATIVA DE HOMICIDIO,2
3524808,2026,TRAFICO DE ENTORPECENTES,66
3524907,2026,ESTUPRO DE VULNERAVEL,3
3524907,2026,FURTO - OUTROS,35
3524907,2026,FURTO DE VEICULO,2
3524907,2026,LESAO CORPORAL CULPOSA POR ACIDENTE DE TRANSITO,4
3524907,2026,LESAO CORPORAL DOLOSA,8
3524907,2026,PORTE DE ENTORPECENTES,3
3524907,2026,ROUBO - OUTROS,1
3524907,2026,TRAFICO DE ENTORPECENTES,2
3525003,2026,APREENSAO DE ENTORPECENTES,2
3525003,2026,ESTUPRO,6
3525003,2026,ESTUPRO DE VULNERAVEL,24
3525003,2026,FURTO - OUTROS,423
3525003,2026,FURTO DE CARGA,3
3525003,2026,FURTO DE VEICULO,72
3525003,2026,HOMICIDIO CULPOSO POR ACIDENTE DE TRANSITO,1
3525003,2026,HOMICIDIO DOLOSO,6
3525003,2026,HOMICIDIO DOLOSO POR ACIDENTE DE TRANSITO,1
3525003,2026,LESAO CORPORAL CULPOSA - OUTRAS,2
3525003,2026,LESAO CORPORAL CULPOSA POR ACIDENTE DE TRANSITO,70
3525003,2026,LESAO CORPORAL DOLOSA,270
3525003,2026,PORTE DE ARMA,3
3525003,2026,PORTE DE ENTORPECENTES,5
3525003,2026,ROUBO - OUTROS,125
3525003,2026,ROUBO DE CARGA,6
3525003,2026,ROUBO DE VEICULO,13
3525003,2026,TENTATIVA DE HOMICIDIO,2
3525003,2026,TRAFICO DE ENTORPECENTES,34
3525102,2026,APREENSAO DE ENTORPECENTES,17
3525102,2026,ESTUPRO,3
3525102,2026,ESTUPRO DE VULNERAVEL,10
3525102,2026,FURTO - OUTROS,157
3525102,2026,FURTO DE VEICULO,39
3525102,2026,HOMICIDIO CULPOSO POR ACIDENTE DE TRANSITO,1
3525102,2026,HOMICIDIO DOLOSO,3
3525102,2026,LESAO CORPORAL CULPOSA - OUTRAS,1
3525102,2026,LESAO CORPORAL CULPOSA POR ACIDENTE DE TRANSITO,17
3525102,2026,LESAO CORPORAL DOLOSA,80
3525102,2026,PORTE DE ARMA,5
3525102,2026,PORTE DE ENTORPECENTES,36
3525102,2026,ROUBO - OUTROS,7
3525102,2026,ROUBO DE VEICULO,1
3525102,2026,TENTATIVA DE HOMICIDIO,4
3525102,2026,TRAFICO DE ENTORPECENTES,26
3525201,2026,APREENSAO DE ENTORPECENTES,3
3525201,2026,ESTUPRO,4
3525201,2026,ESTUPRO DE VULNERAVEL,7
3525201,2026,FURTO - OUTROS,118
3525201,2026,FURTO DE VEICULO,22
3525201,2026,HOMICIDIO CULPOSO POR ACIDENTE DE TRANSITO,9
3525201,2026,HOMICIDIO DOLOSO,3
3525201,2026,LESAO CORPORAL CULPOSA POR ACIDENTE DE TRANSITO,32
3525201,2026,LESAO CORPORAL DOLOSA,61
3525201,2026,PORTE DE ARMA,2
3525201,2026,PORTE DE ENTORPECENTES,10
3525201,2026,ROUBO - OUTROS,18
3525201,2026,ROUBO DE CARGA,3
3525201,2026,ROUBO DE VEICULO,10
3525201,2026,TENTATIVA DE HOMICIDIO,1
3525201,2026,TRAFICO DE ENTORPECENTES,38
3525300,2026,APREENSAO DE ENTORPECENTES,10
3525300,2026,ESTUPRO,6
3525300,2026,ESTUPRO DE VULNERAVEL,19
3525300,2026,FURTO - OUTROS,810
3525300,2026,FURTO DE VEICULO,28
3525300,2026,HOMICIDIO CULPOSO POR ACIDENTE DE TRANSITO,9
3525300,2026,HOMICIDIO DOLOSO,1
3525300,2026,LESAO CORPORAL CULPOSA - OUTRAS,7
3525300,2026,LESAO CORPORAL CULPOSA POR ACIDENTE DE TRANSITO,281
3525300,2026,LESAO CORPORAL DOLOSA,293
3525300,2026,PORTE DE ARMA,4
3525300,2026,PORTE DE ENTORPECENTES,24
3525300,2026,ROUBO - OUTROS,17
3525300,2026,ROUBO DE VEICULO,5
3525300,2026,TENTATIVA DE HOMICIDIO,9
3525300,2026,TRAFICO DE ENTORPECENTES,159
3525409,2026,ESTUPRO,2
3525409,2026,ESTUPRO DE VULNERAVEL,4
3525409,2026,FURTO - OUTROS,15
3525409,2026,FURTO DE VEICULO,1
3525409,2026,LESAO CORPORAL DOLOSA,23
3525409,2026,PORTE DE ARMA,3
3525409,2026,PORTE DE ENTORPECENTES,48
3525409,2026,ROUBO - OUTROS,1
3525409,2026,TENTATIVA DE HOMICIDIO,1
3525409,2026,TRAFICO DE ENTORPECENTES,5
3525508,2026,ESTUPRO DE VULNERAVEL,3
3525508,2026,FURTO - OUTROS,48
3525508,2026,FURTO DE VEICULO,3
3525508,2026,HOMICIDIO CULPOSO POR ACIDENTE DE TRANSITO,2
3525508,2026,LESAO CORPORAL CULPOSA POR ACIDENTE DE TRANSITO,3
3525508,2026,LESAO CORPORAL DOLOSA,18
3525508,2026,PORTE DE ARMA,1
3525508,2026,PORTE DE ENTORPECENTES,4
3525508,2026,TRAFICO DE ENTORPECENTES,10
3525607,2026,FURTO - OUTROS,11
3525607,2026,LESAO CORPORAL CULPOSA - OUTRAS,1
3525607,2026,LESAO CORPORAL CULPOSA POR ACIDENTE DE TRANSITO,3
3525607,2026,LESAO CORPORAL DOLOSA,10
3525607,2026,PORTE DE ARMA,2
3525607,2026,PORTE DE ENTORPECENTES,5
3525607,2026,TRAFICO DE ENTORPECENTES,3
3525706,2026,ESTUPRO,3
3525706,2026,ESTUPRO DE VULNERAVEL,10
3525706,2026,FURTO - OUTROS,222
3525706,2026,FURTO DE VEICULO,11
3525706,2026,HOMICIDIO CULPOSO POR ACIDENTE DE TRANSITO,3
3525706,2026,HOMICIDIO DOLOSO,1
3525706,2026,LESAO CORPORAL CULPOSA - OUTRAS,1
3525706,2026,LESAO CORPORAL CULPOSA POR ACIDENTE DE TRANSITO,85
3525706,2026,LESAO CORPORAL DOLOSA,112
3525706,2026,PORTE DE ARMA,6
3525706,2026,PORTE DE ENTORPECENTES,13
3525706,2026,ROUBO - OUTROS,8
3525706,2026,ROUBO DE VEICULO,4
3525706,2026,TENTATIVA DE HOMICIDIO,5
3525706,2026,TRAFICO DE ENTORPECENTES,29
3525805,2026,ESTUPRO,1
3525805,2026,ESTUPRO DE VULNERAVEL,1
3525805,2026,FURTO - OUTROS,19
3525805,2026,FURTO DE VEICULO,1
3525805,2026,LESAO CORPORAL DOLOSA,12
3525805,2026,PORTE DE ARMA,2
3525805,2026,PORTE DE ENTORPECENTES,2
3525805,2026,TRAFICO DE ENTORPECENTES,3
3525854,2026,ESTUPRO,1
3525854,2026,FURTO - OUTROS,15
3525854,2026,LESAO CORPORAL DOLOSA,4
3525854,2026,ROUBO DE VEICULO,1
3525904,2026,APREENSAO DE ENTORPECENTES,60
3525904,2026,ESTUPRO,19
3525904,2026,ESTUPRO DE VULNERAVEL,40
3525904,2026,EXTORSAO MEDIANTE SEQUESTRO,1
3525904,2026,FURTO - OUTROS,2324
3525904,2026,FURTO DE CARGA,2
3525904,2026,FURTO DE VEICULO,230
3525904,2026,HOMICIDIO CULPOSO POR ACIDENTE DE TRANSITO,24
3525904,2026,HOMICIDIO DOLOSO,4
3525904,2026,LATROCINIO,1
3525904,2026,LESAO CORPORAL CULPOSA - OUTRAS,15
3525904,2026,LESAO CORPORAL CULPOSA POR ACIDENTE DE TRANSITO,557
3525904,2026,LESAO CORPORAL DOLOSA,725
3525904,2026,PORTE DE ARMA,21
3525904,2026,PORTE DE ENTORPECENTES,34
3525904,2026,ROUBO - OUTROS,318
3525904,2026,ROUBO DE CARGA,11
3525904,2026,ROUBO DE VEICULO,74
3525904,2026,TENTATIVA DE HOMICIDIO,14
3525904,2026,TRAFICO DE ENTORPECENTES,212
3526001,2026,APREENSAO DE ENTORPECENTES,1
3526001,2026,ESTUPRO,1
3526001,2026,ESTUPRO DE VULNERAVEL,9
3526001,2026,FURTO - OUTROS,51
3526001,2026,LESAO CORPORAL CULPOSA POR ACIDENTE DE TRANSITO,37
3526001,2026,LESAO CORPORAL DOLOSA,75
3526001,2026,PORTE DE ENTORPECENTES,7
3526001,2026,TRAFICO DE ENTORPECENTES,19
3526100,2026,ESTUPRO,2
3526100,2026,ESTUPRO DE VULNERAVEL,5
3526100,2026,FURTO - OUTROS,106
3526100,2026,FURTO DE VEICULO,4
3526100,2026,HOMICIDIO CULPOSO POR ACIDENTE DE TRANSITO,5
3526100,2026,LESAO CORPORAL CULPOSA - OUTRAS,2
3526100,2026,LESAO CORPORAL CULPOSA POR ACIDENTE DE TRANSITO,17
3526100,2026,LESAO CORPORAL DOLOSA,61
3526100,2026,PORTE DE ARMA,3
3526100,2026,PORTE DE ENTORPECENTES,9
3526100,2026,ROUBO - OUTROS,1
3526100,2026,TENTATIVA DE HOMICIDIO,2
3526100,2026,TRAFICO DE ENTORPECENTES,28
3526209,2026,ESTUPRO DE VULNERAVEL,11
3526209,2026,FURTO - OUTROS,137
3526209,2026,FURTO DE CARGA,5
3526209,2026,FURTO DE VEICULO,9
3526209,2026,HOMICIDIO CULPOSO POR ACIDENTE DE TRANSITO,1
3526209,2026,HOMICIDIO DOLOSO,1
3526209,2026,LESAO CORPORAL CULPOSA - OUTRAS,1
3526209,2026,LESAO CORPORAL CULPOSA POR ACIDENTE DE TRANSITO,9
3526209,2026,LESAO CORPORAL DOLOSA,91
3526209,2026,PORTE DE ARMA,5
3526209,2026,ROUBO - OUTROS,25
3526209,2026,ROUBO DE CARGA,3
3526209,2026,ROUBO DE VEICULO,4
3526209,2026,TENTATIVA DE HOMICIDIO,4
3526209,2026,TRAFICO DE ENTORPECENTES,14
3526308,2026,ESTUPRO DE VULNERAVEL,1
3526308,2026,FURTO - OUTROS,10
3526308,2026,HOMICIDIO DOLOSO,1
3526308,2026,LESAO CORPORAL CULPOSA POR ACIDENTE DE TRANSITO,2
3526308,2026,LESAO CORPORAL DOLOSA,9
3526308,2026,PORTE DE ENTORPECENTES,5
3526308,2026,ROUBO DE VEICULO,1
3526308,2026,TRAFICO DE ENTORPECENTES,1
3526407,2026,APREENSAO DE ENTORPECENTES,2
3526407,2026,ESTUPRO,1
3526407,2026,ESTUPRO DE VULNERAVEL,7
3526407,2026,FURTO - OUTROS,109
3526407,2026,FURTO DE VEICULO,3
3526407,2026,HOMICIDIO CULPOSO POR ACIDENTE DE TRANSITO,1
3526407,2026,LESAO CORPORAL CULPOSA - OUTRAS,1
3526407,2026,LESAO CORPORAL CULPOSA POR ACIDENTE DE TRANSITO,14
3526407,2026,LESAO CORPORAL DOLOSA,55
3526407,2026,PORTE DE ARMA,1
3526407,2026,PORTE DE ENTORPECENTES,6
3526407,2026,ROUBO - OUTROS,1
3526407,2026,ROUBO DE VEICULO,1
3526407,2026,TENTATIVA DE HOMICIDIO,3
3526407,2026,TRAFICO DE ENTORPECENTES,50
3526506,2026,APREENSAO DE ENTORPECENTES,8
3526506,2026,ESTUPRO DE VULNERAVEL,1
3526506,2026,FURTO - OUTROS,7
3526506,2026,HOMICIDIO DOLOSO,1
3526506,2026,LESAO CORPORAL CULPOSA POR ACIDENTE DE TRANSITO,1
3526506,2026,LESAO CORPORAL DOLOSA,14
3526506,2026,PORTE DE ARMA,1
3526506,2026,PORTE DE ENTORPECENTES,3
3526506,2026,TRAFICO DE ENTORPECENTES,62
3526605,2026,ESTUPRO,1
3526605,2026,ESTUPRO DE VULNERAVEL,1
3526605,2026,FURTO - OUTROS,14
3526605,2026,FURTO DE VEICULO,1
3526605,2026,HOMICIDIO DOLOSO,1
3526605,2026,LESAO CORPORAL CULPOSA POR ACIDENTE DE TRANSITO,2
3526605,2026,LESAO CORPORAL DOLOSA,17
3526605,2026,PORTE DE ENTORPECENTES,3
3526605,2026,ROUBO - OUTROS,2
3526605,2026,ROUBO DE CARGA,2
3526605,2026,ROUBO DE VEICULO,1
3526605,2026,TENTATIVA DE HOMICIDIO,1
3526605,2026,TRAFICO DE ENTORPECENTES,4
3526704,2026,ESTUPRO,3
3526704,2026,ESTUPRO DE VULNERAVEL,18
3526704,2026,FURTO - OUTROS,324
3526704,2026,FURTO DE VEICULO,40
3526704,2026,HOMICIDIO CULPOSO POR ACIDENTE DE TRANSITO,1
3526704,2026,HOMICIDIO DOLOSO,8
3526704,2026,LESAO CORPORAL CULPOSA - OUTRAS,3
3526704,2026,LESAO CORPORAL CULPOSA POR ACIDENTE DE TRANSITO,174
3526704,2026,LESAO CORPORAL DOLOSA,259
3526704,2026,LESAO CORPORAL SEGUIDA DE MORTE,1
3526704,2026,PORTE DE ARMA,7
3526704,2026,PORTE DE ENTORPECENTES,31
3526704,2026,ROUBO - OUTROS,29
3526704,2026,ROUBO DE CARGA,1
3526704,2026,ROUBO DE VEICULO,9
3526704,2026,TENTATIVA DE HOMICIDIO,2
3526704,2026,TRAFICO DE ENTORPECENTES,269
3526803,2026,APREENSAO DE ENTORPECENTES,3
3526803,2026,ESTUPRO,3
3526803,2026,ESTUPRO DE VULNERAVEL,14
3526803,2026,FURTO - OUTROS,261
3526803,2026,FURTO DE VEICULO,7
3526803,2026,HOMICIDIO CULPOSO POR ACIDENTE DE TRANSITO,2
3526803,2026,HOMICIDIO DOLOSO,1
3526803,2026,LESAO CORPORAL CULPOSA - OUTRAS,2
3526803,2026,LESAO CORPORAL CULPOSA POR ACIDENTE DE TRANSITO,160
3526803,2026,LESAO CORPORAL DOLOSA,144
3526803,2026,PORTE DE ARMA,2
3526803,2026,PORTE DE ENTORPECENTES,47
3526803,2026,ROUBO - OUTROS,9
3526803,2026,ROUBO DE VEICULO,1
3526803,2026,TRAFICO DE ENTORPECENTES,56
3526902,2026,APREENSAO DE ENTORPECENTES,26
3526902,2026,ESTUPRO,7
3526902,2026,ESTUPRO DE VULNERAVEL,31
3526902,2026,FURTO - OUTROS,1403
3526902,2026,FURTO DE CARGA,2
3526902,2026,FURTO DE VEICULO,367
3526902,2026,HOMICIDIO CULPOSO OUTROS,1
3526902,2026,HOMICIDIO CULPOSO POR ACIDENTE DE TRANSITO,21
3526902,2026,HOMICIDIO DOLOSO,7
3526902,2026,LESAO CORPORAL CULPOSA - OUTRAS,3
3526902,2026,LESAO CORPORAL CULPOSA POR ACIDENTE DE TRANSITO,218
3526902,2026,LESAO CORPORAL DOLOSA,590
3526902,2026,PORTE DE ARMA,21
3526902,2026,PORTE DE ENTORPECENTES,51
3526902,2026,ROUBO - OUTROS,214
3526902,2026,ROUBO DE CARGA,13
3526902,2026,ROUBO DE VEICULO,46
3526902,2026,TENTATIVA DE HOMICIDIO,18
3526902,2026,TRAFICO DE ENTORPECENTES,440
3527009,2026,ESTUPRO DE VULNERAVEL,5
3527009,2026,FURTO - OUTROS,16
3527009,2026,FURTO DE VEICULO,2
3527009,2026,HOMICIDIO DOLOSO,1
3527009,2026,LESAO CORPORAL CULPOSA - OUTRAS,1
3527009,2026,LESAO CORPORAL CULPOSA POR ACIDENTE DE TRANSITO,4
3527009,2026,LESAO CORPORAL DOLOSA,13
3527009,2026,PORTE DE ARMA,2
3527009,2026,PORTE DE ENTORPECENTES,7
3527009,2026,ROUBO - OUTROS,1
3527009,2026,TRAFICO DE ENTORPECENTES,4
3527108,2026,APREENSAO DE ENTORPECENTES,2
3527108,2026,ESTUPRO,6
3527108,2026,ESTUPRO DE VULNERAVEL,16
3527108,2026,FURTO - OUTROS,322
3527108,2026,FURTO DE VEICULO,21
3527108,2026,HOMICIDIO CULPOSO POR ACIDENTE DE TRANSITO,7
3527108,2026,LESAO CORPORAL CULPOSA - OUTRAS,12
3527108,2026,LESAO CORPORAL CULPOSA POR ACIDENTE DE TRANSITO,148
3527108,2026,LESAO CORPORAL DOLOSA,227
3527108,2026,PORTE DE ARMA,14
3527108,2026,PORTE DE ENTORPECENTES,17
3527108,2026,ROUBO - OUTROS,8
3527108,2026,TENTATIVA DE HOMICIDIO,5
3527108,2026,TRAFICO DE ENTORPECENTES,69
3527207,2026,APREENSAO DE ENTORPECENTES,7
3527207,2026,ESTUPRO,4
3527207,2026,ESTUPRO DE VULNERAVEL,8
3527207,2026,FURTO - OUTROS,305
3527207,2026,FURTO DE CARGA,1
3527207,2026,FURTO DE VEICULO,16
3527207,2026,HOMICIDIO CULPOSO POR ACIDENTE DE TRANSITO,5
3527207,2026,HOMICIDIO DOLOSO,12
3527207,2026,LESAO CORPORAL CULPOSA - OUTRAS,5
3527207,2026,LESAO CORPORAL CULPOSA POR ACIDENTE DE TRANSITO,91
3527207,2026,LESAO CORPORAL DOLOSA,156
3527207,2026,PORTE DE ARMA,16
3527207,2026,PORTE DE ENTORPECENTES,26
3527207,2026,ROUBO - OUTROS,49
3527207,2026,ROUBO DE VEICULO,3
3527207,2026,TENTATIVA DE HOMICIDIO,17
3527207,2026,TRAFICO DE ENTORPECENTES,118
3527256,2026,ESTUPRO DE VULNERAVEL,1
3527256,2026,FURTO - OUTROS,4
3527256,2026,LESAO CORPORAL DOLOSA,1
3527306,2026,APREENSAO DE ENTORPECENTES,30
3527306,2026,ESTUPRO,4
3527306,2026,ESTUPRO DE VULNERAVEL,7
3527306,2026,FURTO - OUTROS,144
3527306,2026,FURTO DE VEICULO,19
3527306,2026,HOMICIDIO CULPOSO POR ACIDENTE DE TRANSITO,3
3527306,2026,LESAO CORPORAL CULPOSA - OUTRAS,1
3527306,2026,LESAO CORPORAL CULPOSA POR ACIDENTE DE TRANSITO,33
3527306,2026,LESAO CORPORAL DOLOSA,87
3527306,2026,PORTE DE ARMA,2
3527306,2026,PORTE DE ENTORPECENTES,4
3527306,2026,ROUBO - OUTROS,18
3527306,2026,ROUBO DE VEICULO,3
3527306,2026,TENTATIVA DE HOMICIDIO,4
3527306,2026,TRAFICO DE ENTORPECENTES,47
3527405,2026,ESTUPRO,4
3527405,2026,ESTUPRO DE VULNERAVEL,11
3527405,2026,FURTO - OUTROS,46
3527405,2026,FURTO DE VEICULO,1
3527405,2026,HOMICIDIO CULPOSO POR ACIDENTE DE TRANSITO,3
3527405,2026,HOMICIDIO DOLOSO,1
3527405,2026,LESAO CORPORAL CULPOSA - OUTRAS,4
3527405,2026,LESAO CORPORAL CULPOSA POR ACIDENTE DE TRANSITO,26
3527405,2026,LESAO CORPORAL DOLOSA,73
3527405,2026,PORTE DE ARMA,4
3527405,2026,PORTE DE ENTORPECENTES,10
3527405,2026,ROUBO - OUTROS,1
3527405,2026,TRAFICO DE ENTORPECENTES,10
3527504,2026,FURTO - OUTROS,3
3527504,2026,LESAO CORPORAL CULPOSA POR ACIDENTE DE TRANSITO,1
3527504,2026,LESAO CORPORAL DOLOSA,7
3527504,2026,PORTE DE ARMA,1
3527504,2026,PORTE DE ENTORPECENTES,1
3527504,2026,TRAFICO DE ENTORPECENTES,2
3527603,2026,ESTUPRO,2
3527603,2026,ESTUPRO DE VULNERAVEL,2
3527603,2026,FURTO - OUTROS,34
3527603,2026,FURTO DE VEICULO,3
3527603,2026,HOMICIDIO CULPOSO POR ACIDENTE DE TRANSITO,1
3527603,2026,LESAO CORPORAL CULPOSA POR ACIDENTE DE TRANSITO,3
3527603,2026,LESAO CORPORAL DOLOSA,26
3527603,2026,PORTE DE ENTORPECENTES,15
3527603,2026,ROUBO - OUTROS,1
3527603,2026,TRAFICO DE ENTORPECENTES,12
3527702,2026,FURTO - OUTROS,9
3527702,2026,FURTO DE VEICULO,1
3527702,2026,LESAO CORPORAL DOLOSA,11
3527702,2026,PORTE DE ENTORPECENTES,1
3527801,2026,FURTO - OUTROS,4
3527801,2026,HOMICIDIO CULPOSO POR ACIDENTE DE TRANSITO,1
3527801,2026,LESAO CORPORAL CULPOSA POR ACIDENTE DE TRANSITO,1
3527801,2026,LESAO CORPORAL DOLOSA,7
3527801,2026,PORTE DE ENTORPECENTES,4
3527900,2026,ESTUPRO DE VULNERAVEL,2
3527900,2026,FURTO - OUTROS,8
3527900,2026,LESAO CORPORAL CULPOSA POR ACIDENTE DE TRANSITO,3
3527900,2026,LESAO CORPORAL DOLOSA,5
3527900,2026,TRAFICO DE ENTORPECENTES,1
3528007,2026,FURTO - OUTROS,47
3528007,2026,FURTO DE VEICULO,3
3528007,2026,HOMICIDIO DOLOSO,1
3528007,2026,LESAO CORPORAL CULPOSA POR ACIDENTE DE TRANSITO,5
3528007,2026,LESAO CORPORAL DOLOSA,31
3528007,2026,ROUBO - OUTROS,1
3528007,2026,TENTATIVA DE HOMICIDIO,1
3528007,2026,TRAFICO DE ENTORPECENTES,6
3528106,2026,FURTO - OUTROS,16
3528106,2026,FURTO DE VEICULO,1
3528106,2026,LESAO CORPORAL CULPOSA POR ACIDENTE DE TRANSITO,5
3528106,2026,LESAO CORPORAL DOLOSA,14
3528106,2026,PORTE DE ENTORPECENTES,1
3528106,2026,TRAFICO DE ENTORPECENTES,3
3528205,2026,FURTO - OUTROS,4
3528205,2026,LESAO CORPORAL CULPOSA POR ACIDENTE DE TRANSITO,2
3528205,2026,LESAO CORPORAL DOLOSA,3
3528205,2026,PORTE DE ARMA,1
3528304,2026,FURTO - OUTROS,6
3528304,2026,FURTO DE VEICULO,1
3528304,2026,LESAO CORPORAL CULPOSA POR ACIDENTE DE TRANSITO,5
3528304,2026,LESAO CORPORAL DOLOSA,14
3528304,2026,TRAFICO DE ENTORPECENTES,1
3528403,2026,APREENSAO DE ENTORPECENTES,4
3528403,2026,ESTUPRO,1
3528403,2026,ESTUPRO DE VULNERAVEL,11
3528403,2026,FURTO - OUTROS,180
3528403,2026,FURTO DE VEICULO,22
3528403,2026,HOMICIDIO CULPOSO POR ACIDENTE DE TRANSITO,6
3528403,2026,HOMICIDIO DOLOSO,3
3528403,2026,LESAO CORPORAL CULPOSA - OUTRAS,1
3528403,2026,LESAO CORPORAL CULPOSA POR ACIDENTE DE TRANSITO,27
3528403,2026,LESAO CORPORAL DOLOSA,123
3528403,2026,PORTE DE ARMA,4
3528403,2026,PORTE DE ENTORPECENTES,10
3528403,2026,ROUBO - OUTROS,18
3528403,2026,ROUBO DE CARGA,1
3528403,2026,ROUBO DE VEICULO,7
3528403,2026,TENTATIVA DE HOMICIDIO,5
3528403,2026,TRAFICO DE ENTORPECENTES,25
3528502,2026,APREENSAO DE ENTORPECENTES,11
3528502,2026,ESTUPRO,8
3528502,2026,ESTUPRO DE VULNERAVEL,13
3528502,2026,FURTO - OUTROS,460
3528502,2026,FURTO DE CARGA,1
3528502,2026,FURTO DE VEICULO,46
3528502,2026,HOMICIDIO CULPOSO OUTROS,1
3528502,2026,HOMICIDIO CULPOSO POR ACIDENTE DE TRANSITO,5
3528502,2026,HOMICIDIO DOLOSO,2
3528502,2026,LESAO CORPORAL CULPOSA - OUTRAS,1
3528502,2026,LESAO CORPORAL CULPOSA POR ACIDENTE DE TRANSITO,53
3528502,2026,LESAO CORPORAL DOLOSA,217
3528502,2026,PORTE DE ARMA,5
3528502,2026,PORTE DE ENTORPECENTES,12
3528502,2026,ROUBO - OUTROS,49
3528502,2026,ROUBO DE CARGA,2
3528502,2026,ROUBO DE VEICULO,22
3528502,2026,TENTATIVA DE HOMICIDIO,6
3528502,2026,TRAFICO DE ENTORPECENTES,73
3528601,2026,ESTUPRO DE VULNERAVEL,2
3528601,2026,FURTO - OUTROS,26
3528601,2026,HOMICIDIO CULPOSO POR ACIDENTE DE TRANSITO,1
3528601,2026,LESAO CORPORAL CULPOSA POR ACIDENTE DE TRANSITO,4
3528601,2026,LESAO CORPORAL DOLOSA,19
3528601,2026,PORTE DE ARMA,1
3528601,2026,PORTE DE ENTORPECENTES,7
3528601,2026,ROUBO - OUTROS,1
3528601,2026,ROUBO DE CARGA,1
3528601,2026,TRAFICO DE ENTORPECENTES,18
3528700,2026,ESTUPRO DE VULNERAVEL,2
3528700,2026,FURTO - OUTROS,5
3528700,2026,HOMICIDIO CULPOSO POR ACIDENTE DE TRANSITO,1
3528700,2026,LESAO CORPORAL CULPOSA POR ACIDENTE DE TRANSITO,6
3528700,2026,LESAO CORPORAL DOLOSA,13
3528700,2026,ROUBO - OUTROS,1
3528700,2026,TRAFICO DE ENTORPECENTES,2
3528809,2026,ESTUPRO DE VULNERAVEL,1
3528809,2026,FURTO - OUTROS,37
3528809,2026,FURTO DE VEICULO,3
3528809,2026,HOMICIDIO CULPOSO POR ACIDENTE DE TRANSITO,1
3528809,2026,HOMICIDIO DOLOSO,1
3528809,2026,LESAO CORPORAL CULPOSA POR ACIDENTE DE TRANSITO,10
3528809,2026,LESAO CORPORAL DOLOSA,34
3528809,2026,PORTE DE ARMA,1
3528809,2026,ROUBO - OUTROS,1
3528809,2026,TENTATIVA DE HOMICIDIO,2
3528809,2026,TRAFICO DE ENTORPECENTES,8
3528858,2026,ESTUPRO DE VULNERAVEL,2
3528858,2026,FURTO - OUTROS,8
3528858,2026,HOMICIDIO CULPOSO POR ACIDENTE DE TRANSITO,1
3528858,2026,LESAO CORPORAL CULPOSA POR ACIDENTE DE TRANSITO,3
3528858,2026,LESAO CORPORAL DOLOSA,12
3528858,2026,TRAFICO DE ENTORPECENTES,1
3528908,2026,ESTUPRO,1
3528908,2026,ESTUPRO DE VULNERAVEL,3
3528908,2026,FURTO - OUTROS,6
3528908,2026,FURTO DE VEICULO,1
3528908,2026,LESAO CORPORAL CULPOSA POR ACIDENTE DE TRANSITO,2
3528908,2026,LESAO CORPORAL DOLOSA,6
3528908,2026,PORTE DE ENTORPECENTES,1
3528908,2026,TRAFICO DE ENTORPECENTES,2
3529005,2026,APREENSAO DE ENTORPECENTES,11
3529005,2026,ESTUPRO,12
3529005,2026,ESTUPRO DE VULNERAVEL,39
3529005,2026,EXTORSAO MEDIANTE SEQUESTRO,1
3529005,2026,FURTO - OUTROS,1376
3529005,2026,FURTO DE VEICULO,58
3529005,2026,HOMICIDIO CULPOSO OUTROS,2
3529005,2026,HOMICIDIO CULPOSO POR ACIDENTE DE TRANSITO,7
3529005,2026,HOMICIDIO DOLOSO,6
3529005,2026,HOMICIDIO DOLOSO POR ACIDENTE DE TRANSITO,1
3529005,2026,LESAO CORPORAL CULPOSA - OUTRAS,7
3529005,2026,LESAO CORPORAL CULPOSA POR ACIDENTE DE TRANSITO,563
3529005,2026,LESAO CORPORAL DOLOSA,571
3529005,2026,PORTE DE ARMA,18
3529005,2026,PORTE DE ENTORPECENTES,42
3529005,2026,ROUBO - OUTROS,56
3529005,2026,ROUBO DE VEICULO,3
3529005,2026,TENTATIVA DE HOMICIDIO,13
3529005,2026,TRAFICO DE ENTORPECENTES,228
3529104,2026,FURTO - OUTROS,4
3529104,2026,FURTO DE VEICULO,1
3529104,2026,HOMICIDIO CULPOSO POR ACIDENTE DE TRANSITO,1
3529104,2026,LESAO CORPORAL CULPOSA POR ACIDENTE DE TRANSITO,4
3529104,2026,LESAO CORPORAL DOLOSA,6
3529104,2026,PORTE DE ENTORPECENTES,1
3529104,2026,TRAFICO DE ENTORPECENTES,3
3529203,2026,APREENSAO DE ENTORPECENTES,1
3529203,2026,ESTUPRO DE VULNERAVEL,6
3529203,2026,FURTO - OUTROS,50
3529203,2026,FURTO DE VEICULO,4
3529203,2026,LESAO CORPORAL CULPOSA - OUTRAS,1
3529203,2026,LESAO CORPORAL CULPOSA POR ACIDENTE DE TRANSITO,16
3529203,2026,LESAO CORPORAL DOLOSA,76
3529203,2026,PORTE DE ARMA,2
3529203,2026,PORTE DE ENTORPECENTES,4
3529203,2026,ROUBO - OUTROS,1
3529203,2026,ROUBO DE VEICULO,1
3529203,2026,TRAFICO DE ENTORPECENTES,41
3529302,2026,APREENSAO DE ENTORPECENTES,5
3529302,2026,ESTUPRO,1
3529302,2026,ESTUPRO DE VULNERAVEL,13
3529302,2026,FURTO - OUTROS,388
3529302,2026,FURTO DE VEICULO,28
3529302,2026,HOMICIDIO CULPOSO POR ACIDENTE DE TRANSITO,8
3529302,2026,HOMICIDIO DOLOSO,1
3529302,2026,LESAO CORPORAL CULPOSA - OUTRAS,4
3529302,2026,LESAO CORPORAL CULPOSA POR ACIDENTE DE TRANSITO,76
3529302,2026,LESAO CORPORAL DOLOSA,139
3529302,2026,PORTE DE ARMA,3
3529302,2026,PORTE DE ENTORPECENTES,10
3529302,2026,ROUBO - OUTROS,19
3529302,2026,ROUBO DE VEICULO,2
3529302,2026,TENTATIVA DE HOMICIDIO,2
3529302,2026,TRAFICO DE ENTORPECENTES,42
3529401,2026,APREENSAO DE ENTORPECENTES,9
3529401,2026,ESTUPRO,18
3529401,2026,ESTUPRO DE VULNERAVEL,40
3529401,2026,EXTORSAO MEDIANTE SEQUESTRO,2
3529401,2026,FURTO - OUTROS,1671
3529401,2026,FURTO DE CARGA,2
3529401,2026,FURTO DE VEICULO,759
3529401,2026,HOMICIDIO CULPOSO POR ACIDENTE DE TRANSITO,8
3529401,2026,HOMICIDIO DOLOSO,8
3529401,2026,LESAO CORPORAL CULPOSA - OUTRAS,8
3529401,2026,LESAO CORPORAL CULPOSA POR ACIDENTE DE TRANSITO,188
3529401,2026,LESAO CORPORAL DOLOSA,674
3529401,2026,PORTE DE ARMA,19
3529401,2026,PORTE DE ENTORPECENTES,9
3529401,2026,ROUBO - OUTROS,621
3529401,2026,ROUBO DE CARGA,5
3529401,2026,ROUBO DE VEICULO,115
3529401,2026,TENTATIVA DE HOMICIDIO,15
3529401,2026,TRAFICO DE ENTORPECENTES,113
3529500,2026,ESTUPRO DE VULNERAVEL,1
3529500,2026,FURTO - OUTROS,27
3529500,2026,FURTO DE VEICULO,3
3529500,2026,LESAO CORPORAL CULPOSA - OUTRAS,1
3529500,2026,LESAO CORPORAL CULPOSA POR ACIDENTE DE TRANSITO,6
3529500,2026,LESAO CORPORAL DOLOSA,20
3529500,2026,ROUBO - OUTROS,3
3529500,2026,TRAFICO DE ENTORPECENTES,4
3529609,2026,ESTUPRO DE VULNERAVEL,2
3529609,2026,FURTO - OUTROS,9
3529609,2026,HOMICIDIO CULPOSO POR ACIDENTE DE TRANSITO,1
3529609,2026,LESAO CORPORAL CULPOSA - OUTRAS,1
3529609,2026,LESAO CORPORAL CULPOSA POR ACIDENTE DE TRANSITO,4
3529609,2026,LESAO CORPORAL DOLOSA,8
3529609,2026,PORTE DE ARMA,1
3529609,2026,ROUBO DE VEICULO,1
3529609,2026,TRAFICO DE ENTORPECENTES,1
3529658,2026,FURTO - OUTROS,3
3529658,2026,HOMICIDIO CULPOSO POR ACIDENTE DE TRANSITO,1
3529658,2026,HOMICIDIO DOLOSO,1
3529658,2026,LESAO CORPORAL CULPOSA POR ACIDENTE DE TRANSITO,1
3529658,2026,LESAO CORPORAL DOLOSA,6
3529658,2026,PORTE DE ARMA,1
3529658,2026,TRAFICO DE ENTORPECENTES,2
3529708,2026,APREENSAO DE ENTORPECENTES,10
3529708,2026,ESTUPRO,1
3529708,2026,ESTUPRO DE VULNERAVEL,5
3529708,2026,FURTO - OUTROS,100
3529708,2026,FURTO DE VEICULO,5
3529708,2026,LESAO CORPORAL CULPOSA - OUTRAS,1
3529708,2026,LESAO CORPORAL CULPOSA POR ACIDENTE DE TRANSITO,7
3529708,2026,LESAO CORPORAL DOLOSA,41
3529708,2026,PORTE DE ARMA,4
3529708,2026,PORTE DE ENTORPECENTES,48
3529708,2026,ROUBO - OUTROS,5
3529708,2026,ROUBO DE CARGA,1
3529708,2026,TENTATIVA DE HOMICIDIO,2
3529708,2026,TRAFICO DE ENTORPECENTES,25
3529807,2026,APREENSAO DE ENTORPECENTES,2
3529807,2026,ESTUPRO,1
3529807,2026,ESTUPRO DE VULNERAVEL,3
3529807,2026,FURTO - OUTROS,34
3529807,2026,FURTO DE VEICULO,3
3529807,2026,HOMICIDIO CULPOSO POR ACIDENTE DE TRANSITO,1
3529807,2026,HOMICIDIO DOLOSO,1
3529807,2026,LESAO CORPORAL CULPOSA POR ACIDENTE DE TRANSITO,7
3529807,2026,LESAO CORPORAL DOLOSA,32
3529807,2026,PORTE DE ARMA,2
3529807,2026,PORTE DE ENTORPECENTES,1
3529807,2026,ROUBO - OUTROS,2
3529807,2026,TRAFICO DE ENTORPECENTES,5
3529906,2026,ESTUPRO,2
3529906,2026,ESTUPRO DE VULNERAVEL,18
3529906,2026,FURTO - OUTROS,100
3529906,2026,FURTO DE CARGA,3
3529906,2026,FURTO DE VEICULO,4
3529906,2026,HOMICIDIO CULPOSO POR ACIDENTE DE TRANSITO,5
3529906,2026,HOMICIDIO DOLOSO,1
3529906,2026,LESAO CORPORAL CULPOSA POR ACIDENTE DE TRANSITO,10
3529906,2026,LESAO CORPORAL DOLOSA,46
3529906,2026,PORTE DE ARMA,2
3529906,2026,PORTE DE ENTORPECENTES,9
3529906,2026,ROUBO - OUTROS,13
3529906,2026,ROUBO DE CARGA,8
3529906,2026,ROUBO DE VEICULO,3
3529906,2026,TENTATIVA DE HOMICIDIO,2
3529906,2026,TRAFICO DE ENTORPECENTES,13
3530003,2026,ESTUPRO DE VULNERAVEL,3
3530003,2026,FURTO - OUTROS,12
3530003,2026,FURTO DE VEICULO,1
3530003,2026,HOMICIDIO CULPOSO POR ACIDENTE DE TRANSITO,1
3530003,2026,LESAO CORPORAL CULPOSA POR ACIDENTE DE TRANSITO,3
3530003,2026,LESAO CORPORAL DOLOSA,5
3530003,2026,PORTE DE ARMA,1
3530003,2026,TRAFICO DE ENTORPECENTES,2
3530102,2026,APREENSAO DE ENTORPECENTES,1
3530102,2026,ESTUPRO,1
3530102,2026,ESTUPRO DE VULNERAVEL,2
3530102,2026,FURTO - OUTROS,43
3530102,2026,FURTO DE VEICULO,3
3530102,2026,HOMICIDIO CULPOSO POR ACIDENTE DE TRANSITO,2
3530102,2026,HOMICIDIO DOLOSO,3
3530102,2026,LESAO CORPORAL CULPOSA - OUTRAS,1
3530102,2026,LESAO CORPORAL CULPOSA POR ACIDENTE DE TRANSITO,32
3530102,2026,LESAO CORPORAL DOLOSA,66
3530102,2026,PORTE DE ARMA,1
3530102,2026,PORTE DE ENTORPECENTES,14
3530102,2026,ROUBO - OUTROS,2
3530102,2026,TENTATIVA DE HOMICIDIO,1
3530102,2026,TRAFICO DE ENTORPECENTES,24
3530201,2026,APREENSAO DE ENTORPECENTES,1
3530201,2026,FURTO - OUTROS,67
3530201,2026,FURTO DE VEICULO,5
3530201,2026,HOMICIDIO CULPOSO POR ACIDENTE DE TRANSITO,1
3530201,2026,LESAO CORPORAL CULPOSA - OUTRAS,1
3530201,2026,LESAO CORPORAL CULPOSA POR ACIDENTE DE TRANSITO,13
3530201,2026,LESAO CORPORAL DOLOSA,46
3530201,2026,PORTE DE ARMA,4
3530201,2026,PORTE DE ENTORPECENTES,2
3530201,2026,TENTATIVA DE HOMICIDIO,1
3530201,2026,TRAFICO DE ENTORPECENTES,11
3530300,2026,APREENSAO DE ENTORPECENTES,1
3530300,2026,ESTUPRO,5
3530300,2026,ESTUPRO DE VULNERAVEL,12
3530300,2026,FURTO - OUTROS,231
3530300,2026,FURTO DE VEICULO,17
3530300,2026,HOMICIDIO CULPOSO POR ACIDENTE DE TRANSITO,7
3530300,2026,HOMICIDIO DOLOSO,1
3530300,2026,LESAO CORPORAL CULPOSA - OUTRAS,3
3530300,2026,LESAO CORPORAL CULPOSA POR ACIDENTE DE TRANSITO,82
3530300,2026,LESAO CORPORAL DOLOSA,141
3530300,2026,PORTE DE ARMA,3
3530300,2026,PORTE DE ENTORPECENTES,18
3530300,2026,ROUBO - OUTROS,13
3530300,2026,ROUBO DE VEICULO,2
3530300,2026,TENTATIVA DE HOMICIDIO,5
3530300,2026,TRAFICO DE ENTORPECENTES,48
3530409,2026,APREENSAO DE ENTORPECENTES,1
3530409,2026,ESTUPRO DE VULNERAVEL,1
3530409,2026,FURTO - OUTROS,13
3530409,2026,FURTO DE VEICULO,1
3530409,2026,LESAO CORPORAL CULPOSA - OUTRAS,2
3530409,2026,LESAO CORPORAL CULPOSA POR ACIDENTE DE TRANSITO,4
3530409,2026,LESAO CORPORAL DOLOSA,16
3530409,2026,PORTE DE ARMA,1
3530409,2026,PORTE DE ENTORPECENTES,1
3530409,2026,ROUBO - OUTROS,1
3530409,2026,TRAFICO DE ENTORPECENTES,2
3530508,2026,APREENSAO DE ENTORPECENTES,6
3530508,2026,ESTUPRO,1
3530508,2026,ESTUPRO DE VULNERAVEL,10
3530508,2026,FURTO - OUTROS,364
3530508,2026,FURTO DE VEICULO,20
3530508,2026,HOMICIDIO CULPOSO POR ACIDENTE DE TRANSITO,1
3530508,2026,LESAO CORPORAL CULPOSA - OUTRAS,3
3530508,2026,LESAO CORPORAL CULPOSA POR ACIDENTE DE TRANSITO,140
3530508,2026,LESAO CORPORAL DOLOSA,202
3530508,2026,PORTE DE ENTORPECENTES,18
3530508,2026,ROUBO - OUTROS,15
3530508,2026,ROUBO DE VEICULO,5
3530508,2026,TENTATIVA DE HOMICIDIO,4
3530508,2026,TRAFICO DE ENTORPECENTES,77
3530607,2026,APREENSAO DE ENTORPECENTES,49
3530607,2026,ESTUPRO,35
3530607,2026,ESTUPRO DE VULNERAVEL,66
3530607,2026,FURTO - OUTROS,2278
3530607,2026,FURTO DE VEICULO,262
3530607,2026,HOMICIDIO CULPOSO POR ACIDENTE DE TRANSITO,23
3530607,2026,HOMICIDIO DOLOSO,16
3530607,2026,LESAO CORPORAL CULPOSA - OUTRAS,20
3530607,2026,LESAO CORPORAL CULPOSA POR ACIDENTE DE TRANSITO,306
3530607,2026,LESAO CORPORAL DOLOSA,1123
3530607,2026,PORTE DE ARMA,15
3530607,2026,PORTE DE ENTORPECENTES,13
3530607,2026,ROUBO - OUTROS,418
3530607,2026,ROUBO DE CARGA,5
3530607,2026,ROUBO DE VEICULO,66
3530607,2026,TENTATIVA DE HOMICIDIO,20
3530607,2026,TRAFICO DE ENTORPECENTES,161
3530706,2026,APREENSAO DE ENTORPECENTES,11
3530706,2026,ESTUPRO,3
3530706,2026,ESTUPRO DE VULNERAVEL,15
3530706,2026,FURTO - OUTROS,888
3530706,2026,FURTO DE VEICULO,158
3530706,2026,HOMICIDIO CULPOSO POR ACIDENTE DE TRANSITO,9
3530706,2026,HOMICIDIO DOLOSO,2
3530706,2026,LESAO CORPORAL CULPOSA - OUTRAS,2
3530706,2026,LESAO CORPORAL CULPOSA POR ACIDENTE DE TRANSITO,359
3530706,2026,LESAO CORPORAL DOLOSA,369
3530706,2026,PORTE DE ARMA,8
3530706,2026,PORTE DE ENTORPECENTES,11
3530706,2026,ROUBO - OUTROS,64
3530706,2026,ROUBO DE CARGA,1
3530706,2026,ROUBO DE VEICULO,19
3530706,2026,TENTATIVA DE HOMICIDIO,16
3530706,2026,TRAFICO DE ENTORPECENTES,122
3530805,2026,APREENSAO DE ENTORPECENTES,5
3530805,2026,ESTUPRO,4
3530805,2026,ESTUPRO DE VULNERAVEL,3
3530805,2026,FURTO - OUTROS,449
3530805,2026,FURTO DE VEICULO,84
3530805,2026,HOMICIDIO CULPOSO POR ACIDENTE DE TRANSITO,13
3530805,2026,HOMICIDIO DOLOSO,2
3530805,2026,LATROCINIO,2
3530805,2026,LESAO CORPORAL CULPOSA - OUTRAS,2
3530805,2026,LESAO CORPORAL CULPOSA POR ACIDENTE DE TRANSITO,140
3530805,2026,LESAO CORPORAL DOLOSA,180
3530805,2026,PORTE DE ARMA,5
3530805,2026,PORTE DE ENTORPECENTES,21
3530805,2026,ROUBO - OUTROS,58
3530805,2026,ROUBO DE VEICULO,9
3530805,2026,TENTATIVA DE HOMICIDIO,7
3530805,2026,TRAFICO DE ENTORPECENTES,78
3530904,2026,ESTUPRO DE VULNERAVEL,1
3530904,2026,FURTO - OUTROS,8
3530904,2026,FURTO DE VEICULO,1
3530904,2026,LESAO CORPORAL CULPOSA POR ACIDENTE DE TRANSITO,4
3530904,2026,LESAO CORPORAL DOLOSA,5
3530904,2026,PORTE DE ENTORPECENTES,1
3530904,2026,TENTATIVA DE HOMICIDIO,1
3530904,2026,TRAFICO DE ENTORPECENTES,2
3531001,2026,ESTUPRO DE VULNERAVEL,1
3531001,2026,FURTO - OUTROS,2
3531001,2026,LESAO CORPORAL CULPOSA POR ACIDENTE DE TRANSITO,2
3531001,2026,LESAO CORPORAL DOLOSA,6
3531001,2026,TRAFICO DE ENTORPECENTES,1
3531100,2026,APREENSAO DE ENTORPECENTES,15
3531100,2026,ESTUPRO,7
3531100,2026,ESTUPRO DE VULNERAVEL,17
3531100,2026,FURTO - OUTROS,886
3531100,2026,FURTO DE VEICULO,71
3531100,2026,HOMICIDIO CULPOSO POR ACIDENTE DE TRANSITO,9
3531100,2026,HOMICIDIO DOLOSO,1
3531100,2026,LESAO CORPORAL CULPOSA - OUTRAS,3
3531100,2026,LESAO CORPORAL CULPOSA POR ACIDENTE DE TRANSITO,59
3531100,2026,LESAO CORPORAL DOLOSA,242
3531100,2026,PORTE DE ARMA,5
3531100,2026,PORTE DE ENTORPECENTES,24
3531100,2026,ROUBO - OUTROS,124
3531100,2026,ROUBO DE VEICULO,12
3531100,2026,TENTATIVA DE HOMICIDIO,8
3531100,2026,TRAFICO DE ENTORPECENTES,82
3531209,2026,ESTUPRO DE VULNERAVEL,1
3531209,2026,FURTO - OUTROS,21
3531209,2026,FURTO DE VEICULO,1
3531209,2026,LESAO CORPORAL CULPOSA POR ACIDENTE DE TRANSITO,5
3531209,2026,LESAO CORPORAL DOLOSA,19
3531209,2026,LESAO CORPORAL SEGUIDA DE MORTE,1
3531209,2026,PORTE DE ENTORPECENTES,3
3531209,2026,ROUBO - OUTROS,1
3531308,2026,APREENSAO DE ENTORPECENTES,4
3531308,2026,ESTUPRO,3
3531308,2026,ESTUPRO DE VULNERAVEL,6
3531308,2026,FURTO - OUTROS,215
3531308,2026,FURTO DE VEICULO,16
3531308,2026,HOMICIDIO CULPOSO POR ACIDENTE DE TRANSITO,5
3531308,2026,LESAO CORPORAL CULPOSA POR ACIDENTE DE TRANSITO,28
3531308,2026,LESAO CORPORAL DOLOSA,64
3531308,2026,PORTE DE ARMA,3
3531308,2026,PORTE DE ENTORPECENTES,59
3531308,2026,ROUBO - OUTROS,7
3531308,2026,ROUBO DE VEICULO,5
3531308,2026,TENTATIVA DE HOMICIDIO,3
3531308,2026,TRAFICO DE ENTORPECENTES,56
3531407,2026,ESTUPRO,3
3531407,2026,ESTUPRO DE VULNERAVEL,4
3531407,2026,FURTO - OUTROS,56
3531407,2026,FURTO DE VEICULO,3
3531407,2026,HOMICIDIO CULPOSO POR ACIDENTE DE TRANSITO,1
3531407,2026,HOMICIDIO DOLOSO,1
3531407,2026,LESAO CORPORAL CULPOSA POR ACIDENTE DE TRANSITO,29
3531407,2026,LESAO CORPORAL DOLOSA,78
3531407,2026,PORTE DE ARMA,3
3531407,2026,PORTE DE ENTORPECENTES,9
3531407,2026,TENTATIVA DE HOMICIDIO,5
3531407,2026,TRAFICO DE ENTORPECENTES,13
3531506,2026,ESTUPRO DE VULNERAVEL,9
3531506,2026,FURTO - OUTROS,41
3531506,2026,FURTO DE VEICULO,2
3531506,2026,HOMICIDIO CULPOSO POR ACIDENTE DE TRANSITO,2
3531506,2026,LESAO CORPORAL CULPOSA POR ACIDENTE DE TRANSITO,13
3531506,2026,LESAO CORPORAL DOLOSA,48
3531506,2026,PORTE DE ARMA,5
3531506,2026,PORTE DE ENTORPECENTES,8
3531506,2026,TENTATIVA DE HOMICIDIO,1
3531506,2026,TRAFICO DE ENTORPECENTES,26
3531605,2026,ESTUPRO DE VULNERAVEL,1
3531605,2026,FURTO - OUTROS,16
3531605,2026,FURTO DE VEICULO,1
3531605,2026,HOMICIDIO DOLOSO,1
3531605,2026,LESAO CORPORAL CULPOSA - OUTRAS,1
3531605,2026,LESAO CORPORAL CULPOSA POR ACIDENTE DE TRANSITO,5
3531605,2026,LESAO CORPORAL DOLOSA,14
3531605,2026,PORTE DE ARMA,1
3531704,2026,ESTUPRO DE VULNERAVEL,3
3531704,2026,FURTO - OUTROS,16
3531704,2026,FURTO DE VEICULO,1
3531704,2026,LESAO CORPORAL CULPOSA POR ACIDENTE DE TRANSITO,1
3531704,2026,LESAO CORPORAL DOLOSA,10
3531704,2026,PORTE DE ENTORPECENTES,2
3531803,2026,APREENSAO DE ENTORPECENTES,2
3531803,2026,ESTUPRO,3
3531803,2026,ESTUPRO DE VULNERAVEL,16
3531803,2026,FURTO - OUTROS,156
3531803,2026,FURTO DE CARGA,1
3531803,2026,FURTO DE VEICULO,41
3531803,2026,HOMICIDIO CULPOSO POR ACIDENTE DE TRANSITO,4
3531803,2026,HOMICIDIO DOLOSO,4
3531803,2026,LESAO CORPORAL CULPOSA POR ACIDENTE DE TRANSITO,28
3531803,2026,LESAO CORPORAL DOLOSA,141
3531803,2026,PORTE DE ARMA,5
3531803,2026,PORTE DE ENTORPECENTES,18
3531803,2026,ROUBO - OUTROS,23
3531803,2026,ROUBO DE VEICULO,9
3531803,2026,TENTATIVA DE HOMICIDIO,4
3531803,2026,TRAFICO DE ENTORPECENTES,24
3531902,2026,APREENSAO DE ENTORPECENTES,1
3531902,2026,ESTUPRO DE VULNERAVEL,10
3531902,2026,FURTO - OUTROS,122
3531902,2026,FURTO DE VEICULO,5
3531902,2026,HOMICIDIO CULPOSO POR ACIDENTE DE TRANSITO,1
3531902,2026,HOMICIDIO DOLOSO,3
3531902,2026,LESAO CORPORAL CULPOSA - OUTRAS,1
3531902,2026,LESAO CORPORAL CULPOSA POR ACIDENTE DE TRANSITO,17
3531902,2026,LESAO CORPORAL DOLOSA,67
3531902,2026,PORTE DE ARMA,32
3531902,2026,PORTE DE ENTORPECENTES,161
3531902,2026,ROUBO - OUTROS,5
3531902,2026,ROUBO DE VEICULO,4
3531902,2026,TENTATIVA DE HOMICIDIO,3
3531902,2026,TRAFICO DE ENTORPECENTES,49
3532009,2026,APREENSAO DE ENTORPECENTES,1
3532009,2026,ESTUPRO DE VULNERAVEL,9
3532009,2026,FURTO - OUTROS,29
3532009,2026,FURTO DE VEICULO,3
3532009,2026,LESAO CORPORAL CULPOSA POR ACIDENTE DE TRANSITO,5
3532009,2026,LESAO CORPORAL DOLOSA,20
3532009,2026,ROUBO - OUTROS,3
3532009,2026,TRAFICO DE ENTORPECENTES,6
3532058,2026,APREENSAO DE ENTORPECENTES,1
3532058,2026,FURTO - OUTROS,13
3532058,2026,FURTO DE VEICULO,1
3532058,2026,HOMICIDIO CULPOSO POR ACIDENTE DE TRANSITO,2
3532058,2026,LESAO CORPORAL CULPOSA POR ACIDENTE DE TRANSITO,2
3532058,2026,LESAO CORPORAL DOLOSA,6
3532058,2026,PORTE DE ENTORPECENTES,3
3532058,2026,ROUBO - OUTROS,1
3532058,2026,TRAFICO DE ENTORPECENTES,1
3532108,2026,FURTO - OUTROS,9
3532108,2026,LESAO CORPORAL CULPOSA POR ACIDENTE DE TRANSITO,1
3532108,2026,LESAO CORPORAL DOLOSA,13
3532157,2026,FURTO - OUTROS,5
3532157,2026,FURTO DE VEICULO,1
3532157,2026,HOMICIDIO CULPOSO POR ACIDENTE DE TRANSITO,1
3532157,2026,LESAO CORPORAL CULPOSA POR ACIDENTE DE TRANSITO,1
3532157,2026,LESAO CORPORAL DOLOSA,7
3532207,2026,ESTUPRO,1
3532207,2026,ESTUPRO DE VULNERAVEL,1
3532207,2026,FURTO - OUTROS,20
3532207,2026,LESAO CORPORAL CULPOSA POR ACIDENTE DE TRANSITO,1
3532207,2026,LESAO CORPORAL DOLOSA,35
3532306,2026,FURTO - OUTROS,24
3532306,2026,HOMICIDIO DOLOSO,1
3532306,2026,LESAO CORPORAL DOLOSA,7
3532306,2026,PORTE DE ARMA,2
3532306,2026,PORTE DE ENTORPECENTES,2
3532306,2026,ROUBO - OUTROS,1
3532306,2026,TENTATIVA DE HOMICIDIO,3
3532405,2026,ESTUPRO DE VULNERAVEL,5
3532405,2026,FURTO - OUTROS,70
3532405,2026,FURTO DE VEICULO,4
3532405,2026,HOMICIDIO CULPOSO POR ACIDENTE DE TRANSITO,1
3532405,2026,LESAO CORPORAL CULPOSA POR ACIDENTE DE TRANSITO,9
3532405,2026,LESAO CORPORAL DOLOSA,27
3532405,2026,PORTE DE ARMA,1
3532405,2026,PORTE DE ENTORPECENTES,1
3532405,2026,ROUBO - OUTROS,8
3532405,2026,ROUBO DE VEICULO,5
3532405,2026,TRAFICO DE ENTORPECENTES,2
3532504,2026,ESTUPRO DE VULNERAVEL,4
3532504,2026,FURTO - OUTROS,9
3532504,2026,HOMICIDIO CULPOSO POR ACIDENTE DE TRANSITO,1
3532504,2026,LESAO CORPORAL CULPOSA - OUTRAS,1
3532504,2026,LESAO CORPORAL CULPOSA POR ACIDENTE DE TRANSITO,4
3532504,2026,LESAO CORPORAL DOLOSA,21
3532504,2026,ROUBO - OUTROS,1
3532504,2026,TRAFICO DE ENTORPECENTES,3
3532603,2026,ESTUPRO DE VULNERAVEL,2
3532603,2026,FURTO - OUTROS,32
3532603,2026,FURTO DE VEICULO,2
3532603,2026,HOMICIDIO CULPOSO POR ACIDENTE DE TRANSITO,2
3532603,2026,LESAO CORPORAL CULPOSA - OUTRAS,1
3532603,2026,LESAO CORPORAL CULPOSA POR ACIDENTE DE TRANSITO,8
3532603,2026,LESAO CORPORAL DOLOSA,18
3532603,2026,PORTE DE ARMA,2
3532603,2026,ROUBO - OUTROS,1
3532603,2026,TRAFICO DE ENTORPECENTES,4
3532702,2026,ESTUPRO,1
3532702,2026,FURTO - OUTROS,5
3532702,2026,LESAO CORPORAL CULPOSA POR ACIDENTE DE TRANSITO,2
3532702,2026,LESAO CORPORAL DOLOSA,10
3532702,2026,PORTE DE ENTORPECENTES,1
3532801,2026,ESTUPRO,1
3532801,2026,ESTUPRO DE VULNERAVEL,7
3532801,2026,FURTO - OUTROS,17
3532801,2026,FURTO DE VEICULO,2
3532801,2026,HOMICIDIO CULPOSO POR ACIDENTE DE TRANSITO,1
3532801,2026,HOMICIDIO DOLOSO,1
3532801,2026,LESAO CORPORAL CULPOSA - OUTRAS,2
3532801,2026,LESAO CORPORAL CULPOSA POR ACIDENTE DE TRANSITO,3
3532801,2026,LESAO CORPORAL DOLOSA,20
3532801,2026,PORTE DE ARMA,1
3532801,2026,PORTE DE ENTORPECENTES,3
3532801,2026,ROUBO - OUTROS,1
3532801,2026,TRAFICO DE ENTORPECENTES,5
3532827,2026,ESTUPRO DE VULNERAVEL,4
3532827,2026,FURTO - OUTROS,36
3532827,2026,FURTO DE VEICULO,2
3532827,2026,HOMICIDIO DOLOSO,1
3532827,2026,LESAO CORPORAL CULPOSA POR ACIDENTE DE TRANSITO,1
3532827,2026,LESAO CORPORAL DOLOSA,16
3532827,2026,PORTE DE ARMA,2
3532827,2026,PORTE DE ENTORPECENTES,3
3532827,2026,ROUBO - OUTROS,1
3532827,2026,TRAFICO DE ENTORPECENTES,2
3532843,2026,FURTO - OUTROS,3
3532843,2026,HOMICIDIO CULPOSO POR ACIDENTE DE TRANSITO,1
3532843,2026,LESAO CORPORAL CULPOSA POR ACIDENTE DE TRANSITO,1
3532843,2026,LESAO CORPORAL DOLOSA,5
3532843,2026,ROUBO - OUTROS,1
3532868,2026,ESTUPRO DE VULNERAVEL,1
3532868,2026,FURTO - OUTROS,6
3532868,2026,LESAO CORPORAL CULPOSA POR ACIDENTE DE TRANSITO,1
3532868,2026,LESAO CORPORAL DOLOSA,4
3532900,2026,ESTUPRO,1
3532900,2026,ESTUPRO DE VULNERAVEL,3
3532900,2026,FURTO - OUTROS,31
3532900,2026,FURTO DE VEICULO,1
3532900,2026,HOMICIDIO CULPOSO POR ACIDENTE DE TRANSITO,1
3532900,2026,LESAO CORPORAL CULPOSA POR ACIDENTE DE TRANSITO,2
3532900,2026,LESAO CORPORAL DOLOSA,22
3532900,2026,PORTE DE ARMA,4
3532900,2026,PORTE DE ENTORPECENTES,9
3532900,2026,TENTATIVA DE HOMICIDIO,1
3532900,2026,TRAFICO DE ENTORPECENTES,3
3533007,2026,ESTUPRO DE VULNERAVEL,6
3533007,2026,FURTO - OUTROS,69
3533007,2026,FURTO DE VEICULO,1
3533007,2026,HOMICIDIO CULPOSO POR ACIDENTE DE TRANSITO,1
3533007,2026,LESAO CORPORAL CULPOSA - OUTRAS,1
3533007,2026,LESAO CORPORAL CULPOSA POR ACIDENTE DE TRANSITO,12
3533007,2026,LESAO CORPORAL DOLOSA,59
3533007,2026,PORTE DE ARMA,2
3533007,2026,PORTE DE ENTORPECENTES,7
3533007,2026,ROUBO - OUTROS,2
3533007,2026,TRAFICO DE ENTORPECENTES,4
3533106,2026,FURTO - OUTROS,1
3533106,2026,LESAO CORPORAL CULPOSA POR ACIDENTE DE TRANSITO,1
3533106,2026,LESAO CORPORAL DOLOSA,3
3533205,2026,ESTUPRO DE VULNERAVEL,2
3533205,2026,FURTO - OUTROS,8
3533205,2026,FURTO DE VEICULO,1
3533205,2026,HOMICIDIO CULPOSO POR ACIDENTE DE TRANSITO,2
3533205,2026,LESAO CORPORAL CULPOSA POR ACIDENTE DE TRANSITO,3
3533205,2026,LESAO CORPORAL DOLOSA,9
3533205,2026,PORTE DE ARMA,3
3533205,2026,PORTE DE ENTORPECENTES,4
3533205,2026,ROUBO - OUTROS,1
3533205,2026,TENTATIVA DE HOMICIDIO,1
3533205,2026,TRAFICO DE ENTORPECENTES,3
3533254,2026,ESTUPRO DE VULNERAVEL,1
3533254,2026,FURTO - OUTROS,8
3533254,2026,LESAO CORPORAL CULPOSA POR ACIDENTE DE TRANSITO,2
3533254,2026,LESAO CORPORAL DOLOSA,8
3533254,2026,TENTATIVA DE HOMICIDIO,1
3533304,2026,ESTUPRO DE VULNERAVEL,1
3533304,2026,FURTO - OUTROS,5
3533304,2026,HOMICIDIO DOLOSO,1
3533304,2026,LESAO CORPORAL CULPOSA - OUTRAS,1
3533304,2026,LESAO CORPORAL CULPOSA POR ACIDENTE DE TRANSITO,1
3533304,2026,LESAO CORPORAL DOLOSA,8
3533304,2026,PORTE DE ARMA,1
3533304,2026,PORTE DE ENTORPECENTES,1
3533304,2026,TRAFICO DE ENTORPECENTES,3
3533403,2026,APREENSAO DE ENTORPECENTES,2
3533403,2026,ESTUPRO,2
3533403,2026,ESTUPRO DE VULNERAVEL,9
3533403,2026,FURTO - OUTROS,269
3533403,2026,FURTO DE VEICULO,63
3533403,2026,HOMICIDIO DOLOSO,3
3533403,2026,LESAO CORPORAL CULPOSA POR ACIDENTE DE TRANSITO,88
3533403,2026,LESAO CORPORAL DOLOSA,113
3533403,2026,PORTE DE ARMA,5
3533403,2026,PORTE DE ENTORPECENTES,14
3533403,2026,ROUBO - OUTROS,24
3533403,2026,ROUBO DE CARGA,4
3533403,2026,ROUBO DE VEICULO,10
3533403,2026,TENTATIVA DE HOMICIDIO,2
3533403,2026,TRAFICO DE ENTORPECENTES,25
3533502,2026,ESTUPRO,3
3533502,2026,ESTUPRO DE VULNERAVEL,1
3533502,2026,FURTO - OUTROS,143
3533502,2026,FURTO DE VEICULO,6
3533502,2026,HOMICIDIO CULPOSO POR ACIDENTE DE TRANSITO,4
3533502,2026,LESAO CORPORAL CULPOSA - OUTRAS,4
3533502,2026,LESAO CORPORAL CULPOSA POR ACIDENTE DE TRANSITO,47
3533502,2026,LESAO CORPORAL DOLOSA,88
3533502,2026,PORTE DE ARMA,3
3533502,2026,PORTE DE ENTORPECENTES,11
3533502,2026,ROUBO - OUTROS,2
3533502,2026,ROUBO DE VEICULO,1
3533502,2026,TENTATIVA DE HOMICIDIO,4
3533502,2026,TRAFICO DE ENTORPECENTES,42
3533601,2026,FURTO - OUTROS,28
3533601,2026,FURTO DE VEICULO,7
3533601,2026,HOMICIDIO CULPOSO POR ACIDENTE DE TRANSITO,1
3533601,2026,LESAO CORPORAL CULPOSA POR ACIDENTE DE TRANSITO,2
3533601,2026,LESAO CORPORAL DOLOSA,17
3533601,2026,PORTE DE ARMA,1
3533601,2026,PORTE DE ENTORPECENTES,29
3533601,2026,ROUBO - OUTROS,1
3533601,2026,TRAFICO DE ENTORPECENTES,9
3533700,2026,ESTUPRO DE VULNERAVEL,1
3533700,2026,FURTO - OUTROS,11
3533700,2026,LESAO CORPORAL CULPOSA POR ACIDENTE DE TRANSITO,2
3533700,2026,LESAO CORPORAL DOLOSA,7
3533700,2026,PORTE DE ENTORPECENTES,2
3533700,2026,TENTATIVA DE HOMICIDIO,1
3533700,2026,TRAFICO DE ENTORPECENTES,3
3533809,2026,FURTO - OUTROS,7
3533809,2026,LESAO CORPORAL DOLOSA,7
3533809,2026,ROUBO - OUTROS,1
3533908,2026,APREENSAO DE ENTORPECENTES,2
3533908,2026,ESTUPRO,4
3533908,2026,ESTUPRO DE VULNERAVEL,20
3533908,2026,FURTO - OUTROS,224
3533908,2026,FURTO DE VEICULO,12
3533908,2026,HOMICIDIO CULPOSO POR ACIDENTE DE TRANSITO,5
3533908,2026,HOMICIDIO DOLOSO,1
3533908,2026,LESAO CORPORAL CULPOSA POR ACIDENTE DE TRANSITO,51
3533908,2026,LESAO CORPORAL DOLOSA,146
3533908,2026,PORTE DE ARMA,4
3533908,2026,PORTE DE ENTORPECENTES,14
3533908,2026,ROUBO - OUTROS,16
3533908,2026,TENTATIVA DE HOMICIDIO,4
3533908,2026,TRAFICO DE ENTORPECENTES,56
3534005,2026,ESTUPRO DE VULNERAVEL,1
3534005,2026,FURTO - OUTROS,20
3534005,2026,FURTO DE VEICULO,3
3534005,2026,HOMICIDIO CULPOSO POR ACIDENTE DE TRANSITO,2
3534005,2026,LESAO CORPORAL CULPOSA POR ACIDENTE DE TRANSITO,2
3534005,2026,LESAO CORPORAL DOLOSA,11
3534005,2026,PORTE DE ENTORPECENTES,1
3534005,2026,ROUBO - OUTROS,1
3534005,2026,ROUBO DE VEICULO,1
3534005,2026,TENTATIVA DE HOMICIDIO,2
3534104,2026,ESTUPRO DE VULNERAVEL,1
3534104,2026,FURTO - OUTROS,12
3534104,2026,HOMICIDIO CULPOSO POR ACIDENTE DE TRANSITO,1
3534104,2026,LESAO CORPORAL CULPOSA - OUTRAS,1
3534104,2026,LESAO CORPORAL CULPOSA POR ACIDENTE DE TRANSITO,2
3534104,2026,LESAO CORPORAL DOLOSA,8
3534104,2026,ROUBO - OUTROS,1
3534104,2026,TENTATIVA DE HOMICIDIO,1
3534104,2026,TRAFICO DE ENTORPECENTES,4
3534203,2026,FURTO - OUTROS,15
3534203,2026,FURTO DE VEICULO,1
3534203,2026,HOMICIDIO CULPOSO POR ACIDENTE DE TRANSITO,1
3534203,2026,LESAO CORPORAL CULPOSA POR ACIDENTE DE TRANSITO,2
3534203,2026,LESAO CORPORAL DOLOSA,10
3534302,2026,APREENSAO DE ENTORPECENTES,2
3534302,2026,ESTUPRO,2
3534302,2026,ESTUPRO DE VULNERAVEL,2
3534302,2026,FURTO - OUTROS,86
3534302,2026,FURTO DE VEICULO,8
3534302,2026,HOMICIDIO CULPOSO POR ACIDENTE DE TRANSITO,4
3534302,2026,HOMICIDIO DOLOSO,1
3534302,2026,LESAO CORPORAL CULPOSA - OUTRAS,1
3534302,2026,LESAO CORPORAL CULPOSA POR ACIDENTE DE TRANSITO,16
3534302,2026,LESAO CORPORAL DOLOSA,83
3534302,2026,PORTE DE ARMA,10
3534302,2026,PORTE DE ENTORPECENTES,76
3534302,2026,ROUBO - OUTROS,2
3534302,2026,ROUBO DE VEICULO,2
3534302,2026,TRAFICO DE ENTORPECENTES,28
3534401,2026,APREENSAO DE ENTORPECENTES,32
3534401,2026,ESTUPRO,19
3534401,2026,ESTUPRO DE VULNERAVEL,65
3534401,2026,EXTORSAO MEDIANTE SEQUESTRO,2
3534401,2026,FURTO - OUTROS,4632
3534401,2026,FURTO DE CARGA,8
3534401,2026,FURTO DE VEICULO,1445
3534401,2026,HOMICIDIO CULPOSO POR ACIDENTE DE TRANSITO,24
3534401,2026,HOMICIDIO DOLOSO,9
3534401,2026,LESAO CORPORAL CULPOSA - OUTRAS,28
3534401,2026,LESAO CORPORAL CULPOSA POR ACIDENTE DE TRANSITO,552
3534401,2026,LESAO CORPORAL DOLOSA,1337
3534401,2026,LESAO CORPORAL SEGUIDA DE MORTE,4
3534401,2026,PORTE DE ARMA,34
3534401,2026,PORTE DE ENTORPECENTES,18
3534401,2026,ROUBO - OUTROS,1845
3534401,2026,ROUBO DE CARGA,86
3534401,2026,ROUBO DE VEICULO,202
3534401,2026,TENTATIVA DE HOMICIDIO,22
3534401,2026,TRAFICO DE ENTORPECENTES,250
3534500,2026,FURTO - OUTROS,9
3534500,2026,LESAO CORPORAL DOLOSA,1
3534500,2026,PORTE DE ENTORPECENTES,1
3534609,2026,ESTUPRO,1
3534609,2026,ESTUPRO DE VULNERAVEL,1
3534609,2026,FURTO - OUTROS,85
3534609,2026,FURTO DE VEICULO,1
3534609,2026,LESAO CORPORAL CULPOSA - OUTRAS,6
3534609,2026,LESAO CORPORAL CULPOSA POR ACIDENTE DE TRANSITO,56
3534609,2026,LESAO CORPORAL DOLOSA,48
3534609,2026,PORTE DE ARMA,4
3534609,2026,PORTE DE ENTORPECENTES,36
3534609,2026,ROUBO - OUTROS,2
3534609,2026,TENTATIVA DE HOMICIDIO,1
3534609,2026,TRAFICO DE ENTORPECENTES,16
3534708,2026,APREENSAO DE ENTORPECENTES,1
3534708,2026,ESTUPRO,8
3534708,2026,ESTUPRO DE VULNERAVEL,23
3534708,2026,FURTO - OUTROS,548
3534708,2026,FURTO DE VEICULO,30
3534708,2026,HOMICIDIO CULPOSO POR ACIDENTE DE TRANSITO,8
3534708,2026,HOMICIDIO DOLOSO,3
3534708,2026,LESAO CORPORAL CULPOSA - OUTRAS,9
3534708,2026,LESAO CORPORAL CULPOSA POR ACIDENTE DE TRANSITO,241
3534708,2026,LESAO CORPORAL DOLOSA,279
3534708,2026,PORTE DE ARMA,14
3534708,2026,PORTE DE ENTORPECENTES,36
3534708,2026,ROUBO - OUTROS,26
3534708,2026,ROUBO DE CARGA,1
3534708,2026,ROUBO DE VEICULO,2
3534708,2026,TENTATIVA DE HOMICIDIO,9
3534708,2026,TRAFICO DE ENTORPECENTES,147
3534757,2026,ESTUPRO,1
3534757,2026,ESTUPRO DE VULNERAVEL,5
3534757,2026,FURTO - OUTROS,39
3534757,2026,HOMICIDIO CULPOSO POR ACIDENTE DE TRANSITO,2
3534757,2026,HOMICIDIO DOLOSO,1
3534757,2026,LESAO CORPORAL CULPOSA - OUTRAS,3
3534757,2026,LESAO CORPORAL CULPOSA POR ACIDENTE DE TRANSITO,16
3534757,2026,LESAO CORPORAL DOLOSA,31
3534757,2026,PORTE DE ARMA,1
3534757,2026,PORTE DE ENTORPECENTES,2
3534757,2026,TENTATIVA DE HOMICIDIO,1
3534757,2026,TRAFICO DE ENTORPECENTES,4
3534807,2026,ESTUPRO,1
3534807,2026,ESTUPRO DE VULNERAVEL,1
3534807,2026,FURTO - OUTROS,26
3534807,2026,LESAO CORPORAL CULPOSA POR ACIDENTE DE TRANSITO,7
3534807,2026,LESAO CORPORAL DOLOSA,21
3534807,2026,PORTE DE ENTORPECENTES,2
3534807,2026,TENTATIVA DE HOMICIDIO,1
3534807,2026,TRAFICO DE ENTORPECENTES,5
3534906,2026,APREENSAO DE ENTORPECENTES,5
3534906,2026,ESTUPRO,1
3534906,2026,ESTUPRO DE VULNERAVEL,1
3534906,2026,FURTO - OUTROS,22
3534906,2026,HOMICIDIO CULPOSO POR ACIDENTE DE TRANSITO,3
3534906,2026,HOMICIDIO DOLOSO,2
3534906,2026,LESAO CORPORAL CULPOSA POR ACIDENTE DE TRANSITO,15
3534906,2026,LESAO CORPORAL DOLOSA,27
3534906,2026,PORTE DE ENTORPECENTES,15
3534906,2026,ROUBO - OUTROS,1
3534906,2026,TRAFICO DE ENTORPECENTES,22
3535002,2026,ESTUPRO,2
3535002,2026,ESTUPRO DE VULNERAVEL,2
3535002,2026,FURTO - OUTROS,27
3535002,2026,FURTO DE VEICULO,2
3535002,2026,HOMICIDIO CULPOSO POR ACIDENTE DE TRANSITO,1
3535002,2026,HOMICIDIO DOLOSO,1
3535002,2026,LESAO CORPORAL CULPOSA POR ACIDENTE DE TRANSITO,6
3535002,2026,LESAO CORPORAL DOLOSA,32
3535002,2026,PORTE DE ENTORPECENTES,2
3535002,2026,ROUBO - OUTROS,2
3535002,2026,TENTATIVA DE HOMICIDIO,2
3535101,2026,ESTUPRO DE VULNERAVEL,2
3535101,2026,FURTO - OUTROS,14
3535101,2026,HOMICIDIO DOLOSO,1
3535101,2026,LESAO CORPORAL CULPOSA POR ACIDENTE DE TRANSITO,8
3535101,2026,LESAO CORPORAL DOLOSA,36
3535101,2026,PORTE DE ARMA,2
3535101,2026,TENTATIVA DE HOMICIDIO,1
3535101,2026,TRAFICO DE ENTORPECENTES,6
3535200,2026,ESTUPRO,1
3535200,2026,FURTO - OUTROS,20
3535200,2026,FURTO DE VEICULO,1
3535200,2026,LESAO CORPORAL CULPOSA - OUTRAS,3
3535200,2026,LESAO CORPORAL CULPOSA POR ACIDENTE DE TRANSITO,7
3535200,2026,LESAO CORPORAL DOLOSA,12
3535200,2026,PORTE DE ARMA,1
3535200,2026,ROUBO - OUTROS,2
3535200,2026,ROUBO DE VEICULO,1
3535200,2026,TRAFICO DE ENTORPECENTES,3
3535309,2026,APREENSAO DE ENTORPECENTES,3
3535309,2026,ESTUPRO DE VULNERAVEL,1
3535309,2026,FURTO - OUTROS,92
3535309,2026,FURTO DE VEICULO,1
3535309,2026,HOMICIDIO CULPOSO POR ACIDENTE DE TRANSITO,2
3535309,2026,HOMICIDIO DOLOSO,2
3535309,2026,LESAO CORPORAL CULPOSA - OUTRAS,1
3535309,2026,LESAO CORPORAL CULPOSA POR ACIDENTE DE TRANSITO,21
3535309,2026,LESAO CORPORAL DOLOSA,51
3535309,2026,PORTE DE ARMA,2
3535309,2026,PORTE DE ENTORPECENTES,1
3535309,2026,ROUBO DE VEICULO,1
3535309,2026,TENTATIVA DE HOMICIDIO,1
3535309,2026,TRAFICO DE ENTORPECENTES,32
3535408,2026,APREENSAO DE ENTORPECENTES,1
3535408,2026,ESTUPRO,3
3535408,2026,ESTUPRO DE VULNERAVEL,2
3535408,2026,FURTO - OUTROS,76
3535408,2026,FURTO DE VEICULO,3
3535408,2026,HOMICIDIO CULPOSO POR ACIDENTE DE TRANSITO,2
3535408,2026,LESAO CORPORAL CULPOSA POR ACIDENTE DE TRANSITO,12
3535408,2026,LESAO CORPORAL DOLOSA,50
3535408,2026,PORTE DE ARMA,2
3535408,2026,PORTE DE ENTORPECENTES,3
3535408,2026,ROUBO - OUTROS,1
3535408,2026,ROUBO DE VEICULO,1
3535408,2026,TRAFICO DE ENTORPECENTES,6
3535507,2026,ESTUPRO,1
3535507,2026,ESTUPRO DE VULNERAVEL,3
3535507,2026,FURTO - OUTROS,207
3535507,2026,FURTO DE VEICULO,5
3535507,2026,HOMICIDIO CULPOSO POR ACIDENTE DE TRANSITO,3
3535507,2026,HOMICIDIO DOLOSO,1
3535507,2026,LESAO CORPORAL CULPOSA - OUTRAS,1
3535507,2026,LESAO CORPORAL CULPOSA POR ACIDENTE DE TRANSITO,44
3535507,2026,LESAO CORPORAL DOLOSA,103
3535507,2026,PORTE DE ARMA,3
3535507,2026,PORTE DE ENTORPECENTES,1
3535507,2026,ROUBO - OUTROS,6
3535507,2026,TENTATIVA DE HOMICIDIO,2
3535507,2026,TRAFICO DE ENTORPECENTES,18
3535606,2026,ESTUPRO,3
3535606,2026,ESTUPRO DE VULNERAVEL,5
3535606,2026,FURTO - OUTROS,77
3535606,2026,FURTO DE VEICULO,3
3535606,2026,HOMICIDIO DOLOSO,1
3535606,2026,LESAO CORPORAL CULPOSA POR ACIDENTE DE TRANSITO,9
3535606,2026,LESAO CORPORAL DOLOSA,57
3535606,2026,PORTE DE ARMA,1
3535606,2026,PORTE DE ENTORPECENTES,10
3535606,2026,TENTATIVA DE HOMICIDIO,1
3535606,2026,TRAFICO DE ENTORPECENTES,7
3535705,2026,ESTUPRO DE VULNERAVEL,1
3535705,2026,FURTO - OUTROS,12
3535705,2026,FURTO DE VEICULO,2
3535705,2026,LESAO CORPORAL CULPOSA POR ACIDENTE DE TRANSITO,3
3535705,2026,LESAO CORPORAL DOLOSA,6
3535705,2026,PORTE DE ENTORPECENTES,1
3535705,2026,TENTATIVA DE HOMICIDIO,1
3535705,2026,TRAFICO DE ENTORPECENTES,1
3535804,2026,ESTUPRO,4
3535804,2026,ESTUPRO DE VULNERAVEL,2
3535804,2026,FURTO - OUTROS,50
3535804,2026,FURTO DE VEICULO,5
3535804,2026,HOMICIDIO CULPOSO POR ACIDENTE DE TRANSITO,4
3535804,2026,HOMICIDIO DOLOSO,1
3535804,2026,LESAO CORPORAL CULPOSA - OUTRAS,1
3535804,2026,LESAO CORPORAL CULPOSA POR ACIDENTE DE TRANSITO,18
3535804,2026,LESAO CORPORAL DOLOSA,82
3535804,2026,PORTE DE ARMA,4
3535804,2026,PORTE DE ENTORPECENTES,10
3535804,2026,ROUBO - OUTROS,4
3535804,2026,TRAFICO DE ENTORPECENTES,11
3535903,2026,APREENSAO DE ENTORPECENTES,1
3535903,2026,ESTUPRO DE VULNERAVEL,5
3535903,2026,FURTO - OUTROS,7
3535903,2026,FURTO DE VEICULO,1
3535903,2026,LESAO CORPORAL CULPOSA POR ACIDENTE DE TRANSITO,1
3535903,2026,LESAO CORPORAL DOLOSA,9
3535903,2026,PORTE DE ENTORPECENTES,7
3535903,2026,TRAFICO DE ENTORPECENTES,11
3536000,2026,ESTUPRO DE VULNERAVEL,1
3536000,2026,FURTO - OUTROS,41
3536000,2026,HOMICIDIO CULPOSO POR ACIDENTE DE TRANSITO,1
3536000,2026,LESAO CORPORAL CULPOSA POR ACIDENTE DE TRANSITO,9
3536000,2026,LESAO CORPORAL DOLOSA,23
3536000,2026,PORTE DE ARMA,1
3536000,2026,PORTE DE ENTORPECENTES,2
3536000,2026,ROUBO - OUTROS,1
3536000,2026,TRAFICO DE ENTORPECENTES,3
3536109,2026,ESTUPRO DE VULNERAVEL,2
3536109,2026,FURTO - OUTROS,26
3536109,2026,FURTO DE VEICULO,2
3536109,2026,LESAO CORPORAL CULPOSA - OUTRAS,2
3536109,2026,LESAO CORPORAL CULPOSA POR ACIDENTE DE TRANSITO,10
3536109,2026,LESAO CORPORAL DOLOSA,21
3536109,2026,PORTE DE ARMA,3
3536109,2026,ROUBO DE VEICULO,2
3536109,2026,TENTATIVA DE HOMICIDIO,1
3536109,2026,TRAFICO DE ENTORPECENTES,2
3536208,2026,APREENSAO DE ENTORPECENTES,1
3536208,2026,ESTUPRO DE VULNERAVEL,8
3536208,2026,FURTO - OUTROS,88
3536208,2026,FURTO DE VEICULO,4
3536208,2026,HOMICIDIO CULPOSO POR ACIDENTE DE TRANSITO,1
3536208,2026,HOMICIDIO DOLOSO,1
3536208,2026,LESAO CORPORAL CULPOSA - OUTRAS,3
3536208,2026,LESAO CORPORAL CULPOSA POR ACIDENTE DE TRANSITO,14
3536208,2026,LESAO CORPORAL DOLOSA,48
3536208,2026,PORTE DE ARMA,2
3536208,2026,PORTE DE ENTORPECENTES,3
3536208,2026,ROUBO - OUTROS,6
3536208,2026,ROUBO DE VEICULO,1
3536208,2026,TENTATIVA DE HOMICIDIO,4
3536208,2026,TRAFICO DE ENTORPECENTES,22
3536257,2026,FURTO - OUTROS,22
3536257,2026,LESAO CORPORAL CULPOSA POR ACIDENTE DE TRANSITO,4
3536257,2026,LESAO CORPORAL DOLOSA,14
3536257,2026,TRAFICO DE ENTORPECENTES,4
3536307,2026,APREENSAO DE ENTORPECENTES,8
3536307,2026,ESTUPRO DE VULNERAVEL,3
3536307,2026,FURTO - OUTROS,68
3536307,2026,FURTO DE VEICULO,7
3536307,2026,HOMICIDIO DOLOSO,3
3536307,2026,LESAO CORPORAL CULPOSA - OUTRAS,1
3536307,2026,LESAO CORPORAL CULPOSA POR ACIDENTE DE TRANSITO,12
3536307,2026,LESAO CORPORAL DOLOSA,29
3536307,2026,PORTE DE ARMA,8
3536307,2026,PORTE DE ENTORPECENTES,52
3536307,2026,ROUBO - OUTROS,1
3536307,2026,TENTATIVA DE HOMICIDIO,2
3536307,2026,TRAFICO DE ENTORPECENTES,9
3536406,2026,APREENSAO DE ENTORPECENTES,1
3536406,2026,ESTUPRO,1
3536406,2026,ESTUPRO DE VULNERAVEL,1
3536406,2026,FURTO - OUTROS,18
3536406,2026,HOMICIDIO CULPOSO POR ACIDENTE DE TRANSITO,1
3536406,2026,LESAO CORPORAL CULPOSA POR ACIDENTE DE TRANSITO,6
3536406,2026,LESAO CORPORAL DOLOSA,12
3536406,2026,PORTE DE ENTORPECENTES,3
3536406,2026,TRAFICO DE ENTORPECENTES,8
3536505,2026,APREENSAO DE ENTORPECENTES,4
3536505,2026,ESTUPRO,3
3536505,2026,ESTUPRO DE VULNERAVEL,20
3536505,2026,FURTO - OUTROS,664
3536505,2026,FURTO DE VEICULO,62
3536505,2026,HOMICIDIO CULPOSO POR ACIDENTE DE TRANSITO,7
3536505,2026,HOMICIDIO DOLOSO,2
3536505,2026,LESAO CORPORAL CULPOSA - OUTRAS,2
3536505,2026,LESAO CORPORAL CULPOSA POR ACIDENTE DE TRANSITO,111
3536505,2026,LESAO CORPORAL DOLOSA,238
3536505,2026,PORTE DE ARMA,9
3536505,2026,PORTE DE ENTORPECENTES,27
3536505,2026,ROUBO - OUTROS,44
3536505,2026,ROUBO DE CARGA,4
3536505,2026,ROUBO DE VEICULO,11
3536505,2026,TENTATIVA DE HOMICIDIO,7
3536505,2026,TRAFICO DE ENTORPECENTES,71
3536570,2026,FURTO - OUTROS,8
3536570,2026,LESAO CORPORAL CULPOSA POR ACIDENTE DE TRANSITO,4
3536570,2026,LESAO CORPORAL DOLOSA,10
3536604,2026,ESTUPRO DE VULNERAVEL,2
3536604,2026,FURTO - OUTROS,13
3536604,2026,FURTO DE VEICULO,1
3536604,2026,LESAO CORPORAL CULPOSA POR ACIDENTE DE TRANSITO,5
3536604,2026,LESAO CORPORAL DOLOSA,27
3536604,2026,PORTE DE ARMA,1
3536604,2026,PORTE DE ENTORPECENTES,3
3536604,2026,TRAFICO DE ENTORPECENTES,4
3536703,2026,ESTUPRO,3
3536703,2026,ESTUPRO DE VULNERAVEL,12
3536703,2026,FURTO - OUTROS,278
3536703,2026,FURTO DE VEICULO,16
3536703,2026,HOMICIDIO CULPOSO POR ACIDENTE DE TRANSITO,5
3536703,2026,HOMICIDIO DOLOSO,4
3536703,2026,LESAO CORPORAL CULPOSA - OUTRAS,1
3536703,2026,LESAO CORPORAL CULPOSA POR ACIDENTE DE TRANSITO,90
3536703,2026,LESAO CORPORAL DOLOSA,119
3536703,2026,PORTE DE ARMA,4
3536703,2026,PORTE DE ENTORPECENTES,4
3536703,2026,ROUBO - OUTROS,11
3536703,2026,ROUBO DE VEICULO,1
3536703,2026,TENTATIVA DE HOMICIDIO,2
3536703,2026,TRAFICO DE ENTORPECENTES,45
3536802,2026,ESTUPRO DE VULNERAVEL,4
3536802,2026,FURTO - OUTROS,16
3536802,2026,LESAO CORPORAL CULPOSA POR ACIDENTE DE TRANSITO,1
3536802,2026,LESAO CORPORAL DOLOSA,8
3536802,2026,PORTE DE ARMA,1
3536802,2026,TRAFICO DE ENTORPECENTES,1
3536901,2026,ESTUPRO DE VULNERAVEL,2
3536901,2026,FURTO - OUTROS,7
3536901,2026,LESAO CORPORAL DOLOSA,1
3537008,2026,ESTUPRO DE VULNERAVEL,2
3537008,2026,FURTO - OUTROS,76
3537008,2026,FURTO DE VEICULO,4
3537008,2026,HOMICIDIO CULPOSO POR ACIDENTE DE TRANSITO,1
3537008,2026,LESAO CORPORAL CULPOSA - OUTRAS,1
3537008,2026,LESAO CORPORAL CULPOSA POR ACIDENTE DE TRANSITO,7
3537008,2026,LESAO CORPORAL DOLOSA,33
3537008,2026,PORTE DE ARMA,2
3537008,2026,PORTE DE ENTORPECENTES,13
3537008,2026,ROUBO - OUTROS,5
3537008,2026,TENTATIVA DE HOMICIDIO,1
3537008,2026,TRAFICO DE ENTORPECENTES,10
3537107,2026,APREENSAO DE ENTORPECENTES,14
3537107,2026,ESTUPRO,3
3537107,2026,ESTUPRO DE VULNERAVEL,6
3537107,2026,FURTO - OUTROS,115
3537107,2026,FURTO DE VEICULO,12
3537107,2026,HOMICIDIO CULPOSO POR ACIDENTE DE TRANSITO,3
3537107,2026,HOMICIDIO DOLOSO,1
3537107,2026,LESAO CORPORAL CULPOSA - OUTRAS,2
3537107,2026,LESAO CORPORAL CULPOSA POR ACIDENTE DE TRANSITO,21
3537107,2026,LESAO CORPORAL DOLOSA,86
3537107,2026,PORTE DE ARMA,2
3537107,2026,PORTE DE ENTORPECENTES,9
3537107,2026,ROUBO - OUTROS,6
3537107,2026,ROUBO DE VEICULO,10
3537107,2026,TENTATIVA DE HOMICIDIO,2
3537107,2026,TRAFICO DE ENTORPECENTES,52
3537156,2026,FURTO - OUTROS,9
3537156,2026,LESAO CORPORAL DOLOSA,4
3537156,2026,LESAO CORPORAL SEGUIDA DE MORTE,1
3537156,2026,PORTE DE ENTORPECENTES,1
3537156,2026,TRAFICO DE ENTORPECENTES,1
3537206,2026,ESTUPRO DE VULNERAVEL,5
3537206,2026,FURTO - OUTROS,28
3537206,2026,FURTO DE VEICULO,2
3537206,2026,HOMICIDIO CULPOSO POR ACIDENTE DE TRANSITO,1
3537206,2026,LESAO CORPORAL CULPOSA POR ACIDENTE DE TRANSITO,6
3537206,2026,LESAO CORPORAL DOLOSA,38
3537206,2026,PORTE DE ARMA,1
3537206,2026,PORTE DE ENTORPECENTES,3
3537206,2026,ROUBO DE CARGA,1
3537206,2026,TENTATIVA DE HOMICIDIO,1
3537206,2026,TRAFICO DE ENTORPECENTES,5
3537305,2026,ESTUPRO,6
3537305,2026,ESTUPRO DE VULNERAVEL,6
3537305,2026,FURTO - OUTROS,251
3537305,2026,FURTO DE VEICULO,7
3537305,2026,HOMICIDIO CULPOSO POR ACIDENTE DE TRANSITO,3
3537305,2026,HOMICIDIO DOLOSO,1
3537305,2026,LESAO CORPORAL CULPOSA - OUTRAS,4
3537305,2026,LESAO CORPORAL CULPOSA POR ACIDENTE DE TRANSITO,143
3537305,2026,LESAO CORPORAL DOLOSA,150
3537305,2026,PORTE DE ARMA,5
3537305,2026,PORTE DE ENTORPECENTES,12
3537305,2026,ROUBO - OUTROS,4
3537305,2026,TENTATIVA DE HOMICIDIO,5
3537305,2026,TRAFICO DE ENTORPECENTES,62
3537404,2026,APREENSAO DE ENTORPECENTES,1
3537404,2026,ESTUPRO DE VULNERAVEL,5
3537404,2026,FURTO - OUTROS,147
3537404,2026,FURTO DE VEICULO,2
3537404,2026,HOMICIDIO DOLOSO,2
3537404,2026,LESAO CORPORAL CULPOSA - OUTRAS,1
3537404,2026,LESAO CORPORAL CULPOSA POR ACIDENTE DE TRANSITO,46
3537404,2026,LESAO CORPORAL DOLOSA,48
3537404,2026,PORTE DE ARMA,2
3537404,2026,PORTE DE ENTORPECENTES,5
3537404,2026,ROUBO - OUTROS,4
3537404,2026,TRAFICO DE ENTORPECENTES,14
3537503,2026,ESTUPRO,1
3537503,2026,ESTUPRO DE VULNERAVEL,2
3537503,2026,FURTO - OUTROS,25
3537503,2026,FURTO DE VEICULO,6
3537503,2026,LESAO CORPORAL CULPOSA POR ACIDENTE DE TRANSITO,3
3537503,2026,LESAO CORPORAL DOLOSA,25
3537503,2026,PORTE DE ARMA,2
3537503,2026,PORTE DE ENTORPECENTES,1
3537503,2026,ROUBO - OUTROS,2
3537503,2026,TENTATIVA DE HOMICIDIO,2
3537503,2026,TRAFICO DE ENTORPECENTES,2
3537602,2026,APREENSAO DE ENTORPECENTES,5
3537602,2026,ESTUPRO,5
3537602,2026,ESTUPRO DE VULNERAVEL,25
3537602,2026,FURTO - OUTROS,724
3537602,2026,FURTO DE VEICULO,59
3537602,2026,HOMICIDIO CULPOSO POR ACIDENTE DE TRANSITO,7
3537602,2026,HOMICIDIO DOLOSO,4
3537602,2026,LESAO CORPORAL CULPOSA - OUTRAS,5
3537602,2026,LESAO CORPORAL CULPOSA POR ACIDENTE DE TRANSITO,57
3537602,2026,LESAO CORPORAL DOLOSA,286
3537602,2026,PORTE DE ARMA,4
3537602,2026,PORTE DE ENTORPECENTES,6
3537602,2026,ROUBO - OUTROS,116
3537602,2026,ROUBO DE CARGA,1
3537602,2026,ROUBO DE VEICULO,13
3537602,2026,TENTATIVA DE HOMICIDIO,7
3537602,2026,TRAFICO DE ENTORPECENTES,186
3537701,2026,FURTO - OUTROS,11
3537701,2026,HOMICIDIO CULPOSO POR ACIDENTE DE TRANSITO,1
3537701,2026,LESAO CORPORAL CULPOSA - OUTRAS,1
3537701,2026,LESAO CORPORAL CULPOSA POR ACIDENTE DE TRANSITO,1
3537701,2026,LESAO CORPORAL DOLOSA,5
3537701,2026,PORTE DE ENTORPECENTES,1
3537701,2026,ROUBO - OUTROS,1
3537701,2026,TRAFICO DE ENTORPECENTES,2
3537800,2026,APREENSAO DE ENTORPECENTES,2
3537800,2026,ESTUPRO,3
3537800,2026,ESTUPRO DE VULNERAVEL,8
3537800,2026,FURTO - OUTROS,230
3537800,2026,FURTO DE VEICULO,12
3537800,2026,HOMICIDIO CULPOSO POR ACIDENTE DE TRANSITO,12
3537800,2026,LESAO CORPORAL CULPOSA POR ACIDENTE DE TRANSITO,19
3537800,2026,LESAO CORPORAL DOLOSA,72
3537800,2026,PORTE DE ARMA,2
3537800,2026,PORTE DE ENTORPECENTES,5
3537800,2026,ROUBO - OUTROS,13
3537800,2026,ROUBO DE VEICULO,6
3537800,2026,TENTATIVA DE HOMICIDIO,1
3537800,2026,TRAFICO DE ENTORPECENTES,37
3537909,2026,ESTUPRO,1
3537909,2026,ESTUPRO DE VULNERAVEL,5
3537909,2026,FURTO - OUTROS,63
3537909,2026,FURTO DE CARGA,2
3537909,2026,FURTO DE VEICULO,8
3537909,2026,HOMICIDIO CULPOSO POR ACIDENTE DE TRANSITO,3
3537909,2026,HOMICIDIO DOLOSO,2
3537909,2026,LESAO CORPORAL CULPOSA - OUTRAS,1
3537909,2026,LESAO CORPORAL CULPOSA POR ACIDENTE DE TRANSITO,4
3537909,2026,LESAO CORPORAL DOLOSA,49
3537909,2026,PORTE DE ARMA,2
3537909,2026,PORTE DE ENTORPECENTES,5
3537909,2026,ROUBO - OUTROS,2
3537909,2026,TENTATIVA DE HOMICIDIO,1
3537909,2026,TRAFICO DE ENTORPECENTES,29
3538006,2026,APREENSAO DE ENTORPECENTES,5
3538006,2026,ESTUPRO,10
3538006,2026,ESTUPRO DE VULNERAVEL,28
3538006,2026,FURTO - OUTROS,813
3538006,2026,FURTO DE VEICULO,93
3538006,2026,HOMICIDIO CULPOSO POR ACIDENTE DE TRANSITO,8
3538006,2026,HOMICIDIO DOLOSO,12
3538006,2026,LESAO CORPORAL CULPOSA - OUTRAS,2
3538006,2026,LESAO CORPORAL CULPOSA POR ACIDENTE DE TRANSITO,92
3538006,2026,LESAO CORPORAL DOLOSA,335
3538006,2026,PORTE DE ARMA,27
3538006,2026,PORTE DE ENTORPECENTES,13
3538006,2026,ROUBO - OUTROS,86
3538006,2026,ROUBO DE CARGA,4
3538006,2026,ROUBO DE VEICULO,37
3538006,2026,TENTATIVA DE HOMICIDIO,15
3538006,2026,TRAFICO DE ENTORPECENTES,74
3538105,2026,FURTO - OUTROS,31
3538105,2026,FURTO DE VEICULO,5
3538105,2026,HOMICIDIO CULPOSO POR ACIDENTE DE TRANSITO,5
3538105,2026,LESAO CORPORAL CULPOSA - OUTRAS,1
3538105,2026,LESAO CORPORAL CULPOSA POR ACIDENTE DE TRANSITO,22
3538105,2026,LESAO CORPORAL DOLOSA,30
3538105,2026,PORTE DE ARMA,1
3538105,2026,TRAFICO DE ENTORPECENTES,11
3538204,2026,ESTUPRO,1
3538204,2026,ESTUPRO DE VULNERAVEL,2
3538204,2026,FURTO - OUTROS,63
3538204,2026,FURTO DE VEICULO,2
3538204,2026,HOMICIDIO CULPOSO POR ACIDENTE DE TRANSITO,2
3538204,2026,LESAO CORPORAL CULPOSA POR ACIDENTE DE TRANSITO,9
3538204,2026,LESAO CORPORAL DOLOSA,22
3538204,2026,PORTE DE ENTORPECENTES,1
3538204,2026,TENTATIVA DE HOMICIDIO,2
3538204,2026,TRAFICO DE ENTORPECENTES,8
3538303,2026,FURTO - OUTROS,7
3538303,2026,HOMICIDIO CULPOSO POR ACIDENTE DE TRANSITO,1
3538303,2026,LESAO CORPORAL CULPOSA POR ACIDENTE DE TRANSITO,1
3538303,2026,LESAO CORPORAL DOLOSA,4
3538303,2026,PORTE DE ARMA,2
3538303,2026,PORTE DE ENTORPECENTES,1
3538303,2026,TRAFICO DE ENTORPECENTES,2
3538501,2026,APREENSAO DE ENTORPECENTES,1
3538501,2026,ESTUPRO DE VULNERAVEL,2
3538501,2026,FURTO - OUTROS,20
3538501,2026,HOMICIDIO DOLOSO,1
3538501,2026,LESAO CORPORAL CULPOSA POR ACIDENTE DE TRANSITO,4
3538501,2026,LESAO CORPORAL DOLOSA,18
3538501,2026,PORTE DE ENTORPECENTES,1
3538501,2026,ROUBO - OUTROS,2
3538501,2026,TRAFICO DE ENTORPECENTES,1
3538600,2026,ESTUPRO,2
3538600,2026,ESTUPRO DE VULNERAVEL,9
3538600,2026,FURTO - OUTROS,85
3538600,2026,FURTO DE VEICULO,7
3538600,2026,LESAO CORPORAL CULPOSA - OUTRAS,2
3538600,2026,LESAO CORPORAL CULPOSA POR ACIDENTE DE TRANSITO,12
3538600,2026,LESAO CORPORAL DOLOSA,60
3538600,2026,PORTE DE ARMA,4
3538600,2026,PORTE DE ENTORPECENTES,7
3538600,2026,ROUBO - OUTROS,3
3538600,2026,TENTATIVA DE HOMICIDIO,1
3538600,2026,TRAFICO DE ENTORPECENTES,14
3538709,2026,APREENSAO DE ENTORPECENTES,10
3538709,2026,ESTUPRO,14
3538709,2026,ESTUPRO DE VULNERAVEL,27
3538709,2026,EXTORSAO MEDIANTE SEQUESTRO,1
3538709,2026,FURTO - OUTROS,1786
3538709,2026,FURTO DE CARGA,2
3538709,2026,FURTO DE VEICULO,234
3538709,2026,HOMICIDIO CULPOSO OUTROS,1
3538709,2026,HOMICIDIO CULPOSO POR ACIDENTE DE TRANSITO,23
3538709,2026,HOMICIDIO DOLOSO,4
3538709,2026,LATROCINIO,1
3538709,2026,LESAO CORPORAL CULPOSA - OUTRAS,12
3538709,2026,LESAO CORPORAL CULPOSA POR ACIDENTE DE TRANSITO,441
3538709,2026,LESAO CORPORAL DOLOSA,915
3538709,2026,PORTE DE ARMA,33
3538709,2026,PORTE DE ENTORPECENTES,46
3538709,2026,ROUBO - OUTROS,176
3538709,2026,ROUBO DE CARGA,2
3538709,2026,ROUBO DE VEICULO,19
3538709,2026,TENTATIVA DE HOMICIDIO,22
3538709,2026,TRAFICO DE ENTORPECENTES,514
3538808,2026,APREENSAO DE ENTORPECENTES,1
3538808,2026,ESTUPRO,3
3538808,2026,ESTUPRO DE VULNERAVEL,4
3538808,2026,FURTO - OUTROS,75
3538808,2026,FURTO DE VEICULO,5
3538808,2026,HOMICIDIO CULPOSO POR ACIDENTE DE TRANSITO,3
3538808,2026,LESAO CORPORAL CULPOSA POR ACIDENTE DE TRANSITO,15
3538808,2026,LESAO CORPORAL DOLOSA,82
3538808,2026,PORTE DE ARMA,2
3538808,2026,PORTE DE ENTORPECENTES,15
3538808,2026,ROUBO - OUTROS,2
3538808,2026,TENTATIVA DE HOMICIDIO,1
3538808,2026,TRAFICO DE ENTORPECENTES,23
3538907,2026,APREENSAO DE ENTORPECENTES,5
3538907,2026,ESTUPRO,2
3538907,2026,ESTUPRO DE VULNERAVEL,5
3538907,2026,FURTO - OUTROS,68
3538907,2026,FURTO DE VEICULO,2
3538907,2026,HOMICIDIO CULPOSO POR ACIDENTE DE TRANSITO,1
3538907,2026,HOMICIDIO DOLOSO,2
3538907,2026,LESAO CORPORAL CULPOSA - OUTRAS,1
3538907,2026,LESAO CORPORAL CULPOSA POR ACIDENTE DE TRANSITO,2
3538907,2026,LESAO CORPORAL DOLOSA,57
3538907,2026,PORTE DE ARMA,2
3538907,2026,PORTE DE ENTORPECENTES,28
3538907,2026,ROUBO - OUTROS,2
3538907,2026,TENTATIVA DE HOMICIDIO,1
3538907,2026,TRAFICO DE ENTORPECENTES,17
3539004,2026,ESTUPRO,1
3539004,2026,ESTUPRO DE VULNERAVEL,2
3539004,2026,FURTO - OUTROS,31
3539004,2026,FURTO DE VEICULO,6
3539004,2026,LESAO CORPORAL CULPOSA POR ACIDENTE DE TRANSITO,3
3539004,2026,LESAO CORPORAL DOLOSA,20
3539004,2026,PORTE DE ENTORPECENTES,2
3539004,2026,ROUBO - OUTROS,4
3539004,2026,TENTATIVA DE HOMICIDIO,2
3539004,2026,TRAFICO DE ENTORPECENTES,3
3539103,2026,APREENSAO DE ENTORPECENTES,4
3539103,2026,ESTUPRO,1
3539103,2026,ESTUPRO DE VULNERAVEL,3
3539103,2026,FURTO - OUTROS,48
3539103,2026,FURTO DE VEICULO,2
3539103,2026,HOMICIDIO CULPOSO POR ACIDENTE DE TRANSITO,2
3539103,2026,HOMICIDIO DOLOSO,3
3539103,2026,LESAO CORPORAL CULPOSA POR ACIDENTE DE TRANSITO,13
3539103,2026,LESAO CORPORAL DOLOSA,63
3539103,2026,PORTE DE ARMA,3
3539103,2026,PORTE DE ENTORPECENTES,2
3539103,2026,ROUBO - OUTROS,3
3539103,2026,ROUBO DE CARGA,1
3539103,2026,ROUBO DE VEICULO,2
3539103,2026,TRAFICO DE ENTORPECENTES,18
3539202,2026,APREENSAO DE ENTORPECENTES,1
3539202,2026,ESTUPRO DE VULNERAVEL,5
3539202,2026,FURTO - OUTROS,90
3539202,2026,FURTO DE VEICULO,7
3539202,2026,HOMICIDIO CULPOSO POR ACIDENTE DE TRANSITO,2
3539202,2026,HOMICIDIO DOLOSO,3
3539202,2026,LESAO CORPORAL CULPOSA POR ACIDENTE DE TRANSITO,21
3539202,2026,LESAO CORPORAL DOLOSA,83
3539202,2026,PORTE DE ARMA,5
3539202,2026,PORTE DE ENTORPECENTES,13
3539202,2026,ROUBO - OUTROS,1
3539202,2026,ROUBO DE VEICULO,1
3539202,2026,TENTATIVA DE HOMICIDIO,1
3539202,2026,TRAFICO DE ENTORPECENTES,31
3539301,2026,APREENSAO DE ENTORPECENTES,2
3539301,2026,ESTUPRO,1
3539301,2026,ESTUPRO DE VULNERAVEL,5
3539301,2026,FURTO - OUTROS,303
3539301,2026,FURTO DE VEICULO,30
3539301,2026,HOMICIDIO CULPOSO POR ACIDENTE DE TRANSITO,6
3539301,2026,HOMICIDIO DOLOSO,1
3539301,2026,LESAO CORPORAL CULPOSA - OUTRAS,1
3539301,2026,LESAO CORPORAL CULPOSA POR ACIDENTE DE TRANSITO,33
3539301,2026,LESAO CORPORAL DOLOSA,181
3539301,2026,PORTE DE ARMA,6
3539301,2026,PORTE DE ENTORPECENTES,39
3539301,2026,ROUBO - OUTROS,13
3539301,2026,ROUBO DE CARGA,1
3539301,2026,ROUBO DE VEICULO,5
3539301,2026,TENTATIVA DE HOMICIDIO,3
3539301,2026,TRAFICO DE ENTORPECENTES,77
3539400,2026,ESTUPRO,2
3539400,2026,ESTUPRO DE VULNERAVEL,7
3539400,2026,FURTO - OUTROS,47
3539400,2026,FURTO DE VEICULO,6
3539400,2026,HOMICIDIO CULPOSO POR ACIDENTE DE TRANSITO,1
3539400,2026,LESAO CORPORAL CULPOSA POR ACIDENTE DE TRANSITO,21
3539400,2026,LESAO CORPORAL DOLOSA,31
3539400,2026,PORTE DE ENTORPECENTES,8
3539400,2026,ROUBO - OUTROS,1
3539400,2026,TENTATIVA DE HOMICIDIO,1
3539400,2026,TRAFICO DE ENTORPECENTES,4
3539509,2026,APREENSAO DE ENTORPECENTES,2
3539509,2026,ESTUPRO DE VULNERAVEL,3
3539509,2026,FURTO - OUTROS,93
3539509,2026,FURTO DE VEICULO,3
3539509,2026,HOMICIDIO DOLOSO,2
3539509,2026,LESAO CORPORAL CULPOSA POR ACIDENTE DE TRANSITO,10
3539509,2026,LESAO CORPORAL DOLOSA,66
3539509,2026,PORTE DE ARMA,5
3539509,2026,PORTE DE ENTORPECENTES,1
3539509,2026,ROUBO - OUTROS,7
3539509,2026,ROUBO DE VEICULO,2
3539509,2026,TENTATIVA DE HOMICIDIO,3
3539509,2026,TRAFICO DE ENTORPECENTES,44
3539608,2026,ESTUPRO DE VULNERAVEL,1
3539608,2026,FURTO - OUTROS,22
3539608,2026,LESAO CORPORAL CULPOSA - OUTRAS,2
3539608,2026,LESAO CORPORAL CULPOSA POR ACIDENTE DE TRANSITO,2
3539608,2026,LESAO CORPORAL DOLOSA,12
3539608,2026,ROUBO - OUTROS,1
3539608,2026,TRAFICO DE ENTORPECENTES,2
3539707,2026,ESTUPRO,1
3539707,2026,FURTO - OUTROS,2
3539707,2026,LESAO CORPORAL CULPOSA POR ACIDENTE DE TRANSITO,2
3539707,2026,LESAO CORPORAL DOLOSA,7
3539707,2026,TRAFICO DE ENTORPECENTES,1
3539806,2026,APREENSAO DE ENTORPECENTES,11
3539806,2026,ESTUPRO,3
3539806,2026,ESTUPRO DE VULNERAVEL,11
3539806,2026,FURTO - OUTROS,531
3539806,2026,FURTO DE CARGA,1
3539806,2026,FURTO DE VEICULO,127
3539806,2026,HOMICIDIO CULPOSO POR ACIDENTE DE TRANSITO,1
3539806,2026,HOMICIDIO DOLOSO,2
3539806,2026,LESAO CORPORAL CULPOSA - OUTRAS,2
3539806,2026,LESAO CORPORAL CULPOSA POR ACIDENTE DE TRANSITO,66
3539806,2026,LESAO CORPORAL DOLOSA,252
3539806,2026,PORTE DE ARMA,1
3539806,2026,PORTE DE ENTORPECENTES,3
3539806,2026,ROUBO - OUTROS,277
3539806,2026,ROUBO DE VEICULO,53
3539806,2026,TENTATIVA DE HOMICIDIO,4
3539806,2026,TRAFICO DE ENTORPECENTES,46
3539905,2026,ESTUPRO DE VULNERAVEL,2
3539905,2026,FURTO - OUTROS,10
3539905,2026,HOMICIDIO CULPOSO POR ACIDENTE DE TRANSITO,1
3539905,2026,LESAO CORPORAL CULPOSA POR ACIDENTE DE TRANSITO,3
3539905,2026,LESAO CORPORAL DOLOSA,10
3539905,2026,PORTE DE ENTORPECENTES,3
3539905,2026,TRAFICO DE ENTORPECENTES,3
3540002,2026,ESTUPRO DE VULNERAVEL,1
3540002,2026,FURTO - OUTROS,33
3540002,2026,HOMICIDIO CULPOSO OUTROS,1
3540002,2026,HOMICIDIO CULPOSO POR ACIDENTE DE TRANSITO,1
3540002,2026,LESAO CORPORAL CULPOSA POR ACIDENTE DE TRANSITO,16
3540002,2026,LESAO CORPORAL DOLOSA,22
3540002,2026,PORTE DE ENTORPECENTES,9
3540002,2026,ROUBO - OUTROS,1
3540002,2026,TENTATIVA DE HOMICIDIO,1
3540002,2026,TRAFICO DE ENTORPECENTES,20
3540101,2026,FURTO - OUTROS,5
3540101,2026,LESAO CORPORAL CULPOSA POR ACIDENTE DE TRANSITO,10
3540101,2026,LESAO CORPORAL DOLOSA,12
3540101,2026,TRAFICO DE ENTORPECENTES,4
3540200,2026,ESTUPRO DE VULNERAVEL,5
3540200,2026,FURTO - OUTROS,108
3540200,2026,FURTO DE VEICULO,6
3540200,2026,HOMICIDIO CULPOSO POR ACIDENTE DE TRANSITO,3
3540200,2026,HOMICIDIO DOLOSO,3
3540200,2026,LESAO CORPORAL CULPOSA - OUTRAS,1
3540200,2026,LESAO CORPORAL CULPOSA POR ACIDENTE DE TRANSITO,15
3540200,2026,LESAO CORPORAL DOLOSA,73
3540200,2026,PORTE DE ARMA,1
3540200,2026,PORTE DE ENTORPECENTES,14
3540200,2026,ROUBO - OUTROS,3
3540200,2026,ROUBO DE VEICULO,2
3540200,2026,TENTATIVA DE HOMICIDIO,1
3540200,2026,TRAFICO DE ENTORPECENTES,40
3540259,2026,ESTUPRO DE VULNERAVEL,1
3540259,2026,FURTO - OUTROS,5
3540259,2026,HOMICIDIO CULPOSO POR ACIDENTE DE TRANSITO,1
3540259,2026,HOMICIDIO DOLOSO,1
3540259,2026,LESAO CORPORAL CULPOSA POR ACIDENTE DE TRANSITO,1
3540259,2026,LESAO CORPORAL DOLOSA,17
3540259,2026,PORTE DE ARMA,1
3540259,2026,ROUBO - OUTROS,1
3540259,2026,TRAFICO DE ENTORPECENTES,4
3540309,2026,FURTO - OUTROS,10
3540309,2026,FURTO DE VEICULO,2
3540309,2026,LESAO CORPORAL CULPOSA POR ACIDENTE DE TRANSITO,3
3540309,2026,LESAO CORPORAL DOLOSA,6
3540309,2026,PORTE DE ARMA,1
3540309,2026,PORTE DE ENTORPECENTES,1
3540309,2026,TRAFICO DE ENTORPECENTES,1
3540408,2026,ESTUPRO,1
3540408,2026,FURTO - OUTROS,9
3540408,2026,FURTO DE VEICULO,1
3540408,2026,HOMICIDIO CULPOSO POR ACIDENTE DE TRANSITO,2
3540408,2026,LESAO CORPORAL CULPOSA POR ACIDENTE DE TRANSITO,7
3540408,2026,LESAO CORPORAL DOLOSA,9
3540408,2026,PORTE DE ARMA,1
3540408,2026,ROUBO - OUTROS,1
3540408,2026,ROUBO DE VEICULO,1
3540507,2026,ESTUPRO DE VULNERAVEL,2
3540507,2026,FURTO - OUTROS,29
3540507,2026,FURTO DE VEICULO,5
3540507,2026,HOMICIDIO CULPOSO POR ACIDENTE DE TRANSITO,2
3540507,2026,HOMICIDIO DOLOSO,1
3540507,2026,LESAO CORPORAL CULPOSA - OUTRAS,1
3540507,2026,LESAO CORPORAL CULPOSA POR ACIDENTE DE TRANSITO,16
3540507,2026,LESAO CORPORAL DOLOSA,13
3540507,2026,PORTE DE ARMA,1
3540507,2026,PORTE DE ENTORPECENTES,4
3540507,2026,ROUBO - OUTROS,1
3540507,2026,ROUBO DE VEICULO,1
3540507,2026,TRAFICO DE ENTORPECENTES,7
3540606,2026,APREENSAO DE ENTORPECENTES,5
3540606,2026,ESTUPRO,7
3540606,2026,ESTUPRO DE VULNERAVEL,5
3540606,2026,FURTO - OUTROS,176
3540606,2026,FURTO DE VEICULO,29
3540606,2026,HOMICIDIO CULPOSO POR ACIDENTE DE TRANSITO,5
3540606,2026,HOMICIDIO DOLOSO,1
3540606,2026,LESAO CORPORAL CULPOSA - OUTRAS,3
3540606,2026,LESAO CORPORAL CULPOSA POR ACIDENTE DE TRANSITO,10
3540606,2026,LESAO CORPORAL DOLOSA,104
3540606,2026,PORTE DE ARMA,2
3540606,2026,PORTE DE ENTORPECENTES,14
3540606,2026,ROUBO - OUTROS,13
3540606,2026,ROUBO DE CARGA,1
3540606,2026,ROUBO DE VEICULO,8
3540606,2026,TENTATIVA DE HOMICIDIO,2
3540606,2026,TRAFICO DE ENTORPECENTES,145
3540705,2026,APREENSAO DE ENTORPECENTES,59
3540705,2026,ESTUPRO,1
3540705,2026,ESTUPRO DE VULNERAVEL,3
3540705,2026,FURTO - OUTROS,187
3540705,2026,FURTO DE VEICULO,26
3540705,2026,HOMICIDIO CULPOSO POR ACIDENTE DE TRANSITO,5
3540705,2026,LESAO CORPORAL CULPOSA - OUTRAS,2
3540705,2026,LESAO CORPORAL CULPOSA POR ACIDENTE DE TRANSITO,23
3540705,2026,LESAO CORPORAL DOLOSA,137
3540705,2026,PORTE DE ARMA,10
3540705,2026,PORTE DE ENTORPECENTES,16
3540705,2026,ROUBO - OUTROS,17
3540705,2026,ROUBO DE VEICULO,4
3540705,2026,TENTATIVA DE HOMICIDIO,1
3540705,2026,TRAFICO DE ENTORPECENTES,152
3540754,2026,ESTUPRO,1
3540754,2026,ESTUPRO DE VULNERAVEL,4
3540754,2026,FURTO - OUTROS,54
3540754,2026,FURTO DE VEICULO,2
3540754,2026,HOMICIDIO DOLOSO,3
3540754,2026,LESAO CORPORAL CULPOSA POR ACIDENTE DE TRANSITO,3
3540754,2026,LESAO CORPORAL DOLOSA,47
3540754,2026,PORTE DE ARMA,8
3540754,2026,PORTE DE ENTORPECENTES,10
3540754,2026,ROUBO - OUTROS,7
3540754,2026,TENTATIVA DE HOMICIDIO,1
3540754,2026,TRAFICO DE ENTORPECENTES,19
3540804,2026,ESTUPRO,2
3540804,2026,ESTUPRO DE VULNERAVEL,9
3540804,2026,FURTO - OUTROS,110
3540804,2026,FURTO DE VEICULO,6
3540804,2026,HOMICIDIO CULPOSO POR ACIDENTE DE TRANSITO,1
3540804,2026,HOMICIDIO DOLOSO,1
3540804,2026,LESAO CORPORAL CULPOSA POR ACIDENTE DE TRANSITO,23
3540804,2026,LESAO CORPORAL DOLOSA,52
3540804,2026,PORTE DE ARMA,1
3540804,2026,PORTE DE ENTORPECENTES,2
3540804,2026,ROUBO - OUTROS,2
3540804,2026,TRAFICO DE ENTORPECENTES,1
3540853,2026,FURTO - OUTROS,1
3540853,2026,HOMICIDIO DOLOSO,1
3540853,2026,LESAO CORPORAL DOLOSA,6
3540853,2026,PORTE DE ARMA,1
3540853,2026,PORTE DE ENTORPECENTES,2
3540853,2026,TRAFICO DE ENTORPECENTES,6
3540903,2026,APREENSAO DE ENTORPECENTES,2
3540903,2026,ESTUPRO DE VULNERAVEL,2
3540903,2026,FURTO - OUTROS,85
3540903,2026,FURTO DE VEICULO,3
3540903,2026,HOMICIDIO CULPOSO POR ACIDENTE DE TRANSITO,1
3540903,2026,LESAO CORPORAL CULPOSA POR ACIDENTE DE TRANSITO,3
3540903,2026,LESAO CORPORAL DOLOSA,38
3540903,2026,PORTE DE ENTORPECENTES,5
3540903,2026,ROUBO DE VEICULO,1
3540903,2026,TRAFICO DE ENTORPECENTES,9
3541000,2026,APREENSAO DE ENTORPECENTES,15
3541000,2026,ESTUPRO,12
3541000,2026,ESTUPRO DE VULNERAVEL,49
3541000,2026,EXTORSAO MEDIANTE SEQUESTRO,1
3541000,2026,FURTO - OUTROS,4707
3541000,2026,FURTO DE CARGA,1
3541000,2026,FURTO DE VEICULO,401
3541000,2026,HOMICIDIO CULPOSO POR ACIDENTE DE TRANSITO,20
3541000,2026,HOMICIDIO DOLOSO,15
3541000,2026,LESAO CORPORAL CULPOSA - OUTRAS,34
3541000,2026,LESAO CORPORAL CULPOSA POR ACIDENTE DE TRANSITO,277
3541000,2026,LESAO CORPORAL DOLOSA,1015
3541000,2026,PORTE DE ARMA,28
3541000,2026,PORTE DE ENTORPECENTES,52
3541000,2026,ROUBO - OUTROS,975
3541000,2026,ROUBO DE CARGA,1
3541000,2026,ROUBO DE VEICULO,34
3541000,2026,TENTATIVA DE HOMICIDIO,24
3541000,2026,TRAFICO DE ENTORPECENTES,181
3541059,2026,ESTUPRO DE VULNERAVEL,2
3541059,2026,FURTO - OUTROS,16
3541059,2026,FURTO DE VEICULO,1
3541059,2026,LESAO CORPORAL CULPOSA - OUTRAS,1
3541059,2026,LESAO CORPORAL CULPOSA POR ACIDENTE DE TRANSITO,6
3541059,2026,LESAO CORPORAL DOLOSA,22
3541059,2026,PORTE DE ARMA,1
3541059,2026,PORTE DE ENTORPECENTES,1
3541059,2026,TRAFICO DE ENTORPECENTES,2
3541109,2026,ESTUPRO DE VULNERAVEL,1
3541109,2026,FURTO - OUTROS,9
3541109,2026,LESAO CORPORAL DOLOSA,7
3541109,2026,PORTE DE ARMA,1
3541109,2026,PORTE DE ENTORPECENTES,3
3541109,2026,ROUBO - OUTROS,1
3541109,2026,TRAFICO DE ENTORPECENTES,1
3541208,2026,APREENSAO DE ENTORPECENTES,3
3541208,2026,FURTO - OUTROS,27
3541208,2026,LESAO CORPORAL CULPOSA POR ACIDENTE DE TRANSITO,11
3541208,2026,LESAO CORPORAL DOLOSA,40
3541208,2026,PORTE DE ENTORPECENTES,5
3541208,2026,TRAFICO DE ENTORPECENTES,12
3541307,2026,ESTUPRO,2
3541307,2026,ESTUPRO DE VULNERAVEL,9
3541307,2026,FURTO - OUTROS,104
3541307,2026,FURTO DE VEICULO,1
3541307,2026,HOMICIDIO CULPOSO POR ACIDENTE DE TRANSITO,2
3541307,2026,HOMICIDIO DOLOSO,1
3541307,2026,LESAO CORPORAL CULPOSA - OUTRAS,2
3541307,2026,LESAO CORPORAL CULPOSA POR ACIDENTE DE TRANSITO,114
3541307,2026,LESAO CORPORAL DOLOSA,105
3541307,2026,PORTE DE ARMA,1
3541307,2026,PORTE DE ENTORPECENTES,10
3541307,2026,ROUBO - OUTROS,1
3541307,2026,TENTATIVA DE HOMICIDIO,2
3541307,2026,TRAFICO DE ENTORPECENTES,101
3541406,2026,APREENSAO DE ENTORPECENTES,3
3541406,2026,ESTUPRO,14
3541406,2026,ESTUPRO DE VULNERAVEL,20
3541406,2026,FURTO - OUTROS,1168
3541406,2026,FURTO DE CARGA,1
3541406,2026,FURTO DE VEICULO,66
3541406,2026,HOMICIDIO CULPOSO POR ACIDENTE DE TRANSITO,10
3541406,2026,HOMICIDIO DOLOSO,12
3541406,2026,LESAO CORPORAL CULPOSA - OUTRAS,14
3541406,2026,LESAO CORPORAL CULPOSA POR ACIDENTE DE TRANSITO,473
3541406,2026,LESAO CORPORAL DOLOSA,723
3541406,2026,LESAO CORPORAL SEGUIDA DE MORTE,1
3541406,2026,PORTE DE ARMA,29
3541406,2026,PORTE DE ENTORPECENTES,30
3541406,2026,ROUBO - OUTROS,62
3541406,2026,ROUBO DE VEICULO,2
3541406,2026,TENTATIVA DE HOMICIDIO,12
3541406,2026,TRAFICO DE ENTORPECENTES,117
3541505,2026,APREENSAO DE ENTORPECENTES,18
3541505,2026,ESTUPRO,1
3541505,2026,ESTUPRO DE VULNERAVEL,3
3541505,2026,FURTO - OUTROS,67
3541505,2026,FURTO DE VEICULO,4
3541505,2026,HOMICIDIO CULPOSO POR ACIDENTE DE TRANSITO,4
3541505,2026,LESAO CORPORAL CULPOSA - OUTRAS,2
3541505,2026,LESAO CORPORAL CULPOSA POR ACIDENTE DE TRANSITO,70
3541505,2026,LESAO CORPORAL DOLOSA,119
3541505,2026,PORTE DE ARMA,2
3541505,2026,PORTE DE ENTORPECENTES,7
3541505,2026,TENTATIVA DE HOMICIDIO,1
3541505,2026,TRAFICO DE ENTORPECENTES,48
3541604,2026,APREENSAO DE ENTORPECENTES,2
3541604,2026,ESTUPRO,4
3541604,2026,ESTUPRO DE VULNERAVEL,7
3541604,2026,FURTO - OUTROS,125
3541604,2026,FURTO DE VEICULO,8
3541604,2026,HOMICIDIO CULPOSO POR ACIDENTE DE TRANSITO,3
3541604,2026,HOMICIDIO DOLOSO,2
3541604,2026,LESAO CORPORAL CULPOSA - OUTRAS,1
3541604,2026,LESAO CORPORAL CULPOSA POR ACIDENTE DE TRANSITO,26
3541604,2026,LESAO CORPORAL DOLOSA,85
3541604,2026,PORTE DE ARMA,1
3541604,2026,PORTE DE ENTORPECENTES,14
3541604,2026,ROUBO - OUTROS,5
3541604,2026,TENTATIVA DE HOMICIDIO,1
3541604,2026,TRAFICO DE ENTORPECENTES,53
3541653,2026,ESTUPRO DE VULNERAVEL,3
3541653,2026,FURTO - OUTROS,15
3541653,2026,FURTO DE VEICULO,1
3541653,2026,LESAO CORPORAL DOLOSA,7
3541653,2026,PORTE DE ENTORPECENTES,1
3541653,2026,ROUBO DE VEICULO,1
3541653,2026,TRAFICO DE ENTORPECENTES,1
3541703,2026,ESTUPRO,1
3541703,2026,ESTUPRO DE VULNERAVEL,1
3541703,2026,FURTO - OUTROS,33
3541703,2026,FURTO DE VEICULO,4
3541703,2026,HOMICIDIO CULPOSO POR ACIDENTE DE TRANSITO,2
3541703,2026,HOMICIDIO DOLOSO,1
3541703,2026,LESAO CORPORAL CULPOSA POR ACIDENTE DE TRANSITO,16
3541703,2026,LESAO CORPORAL DOLOSA,30
3541703,2026,PORTE DE ARMA,2
3541703,2026,PORTE DE ENTORPECENTES,4
3541703,2026,ROUBO - OUTROS,1
3541703,2026,TRAFICO DE ENTORPECENTES,14
3541802,2026,ESTUPRO DE VULNERAVEL,1
3541802,2026,FURTO - OUTROS,12
3541802,2026,LESAO CORPORAL CULPOSA POR ACIDENTE DE TRANSITO,2
3541802,2026,LESAO CORPORAL DOLOSA,12
3541802,2026,PORTE DE ENTORPECENTES,2
3541802,2026,TENTATIVA DE HOMICIDIO,1
3541802,2026,TRAFICO DE ENTORPECENTES,2
3541901,2026,ESTUPRO DE VULNERAVEL,3
3541901,2026,FURTO - OUTROS,30
3541901,2026,FURTO DE VEICULO,2
3541901,2026,HOMICIDIO CULPOSO OUTROS,1
3541901,2026,HOMICIDIO CULPOSO POR ACIDENTE DE TRANSITO,1
3541901,2026,HOMICIDIO DOLOSO,1
3541901,2026,LESAO CORPORAL CULPOSA POR ACIDENTE DE TRANSITO,6
3541901,2026,LESAO CORPORAL DOLOSA,24
3541901,2026,PORTE DE ARMA,1
3541901,2026,PORTE DE ENTORPECENTES,6
3541901,2026,ROUBO - OUTROS,10
3541901,2026,ROUBO DE VEICULO,3
3541901,2026,TENTATIVA DE HOMICIDIO,1
3541901,2026,TRAFICO DE ENTORPECENTES,6
3542008,2026,ESTUPRO DE VULNERAVEL,2
3542008,2026,FURTO - OUTROS,13
3542008,2026,FURTO DE VEICULO,2
3542008,2026,LESAO CORPORAL CULPOSA POR ACIDENTE DE TRANSITO,2
3542008,2026,LESAO CORPORAL DOLOSA,3
3542008,2026,PORTE DE ARMA,2
3542008,2026,PORTE DE ENTORPECENTES,2
3542008,2026,ROUBO - OUTROS,1
3542008,2026,TENTATIVA DE HOMICIDIO,1
3542008,2026,TRAFICO DE ENTORPECENTES,2
3542107,2026,ESTUPRO DE VULNERAVEL,3
3542107,2026,FURTO - OUTROS,15
3542107,2026,FURTO DE VEICULO,4
3542107,2026,LESAO CORPORAL CULPOSA POR ACIDENTE DE TRANSITO,3
3542107,2026,LESAO CORPORAL DOLOSA,18
3542107,2026,PORTE DE ARMA,1
3542107,2026,PORTE DE ENTORPECENTES,2
3542107,2026,ROUBO - OUTROS,3
3542107,2026,ROUBO DE VEICULO,1
3542107,2026,TENTATIVA DE HOMICIDIO,1
3542107,2026,TRAFICO DE ENTORPECENTES,1
3542206,2026,ESTUPRO DE VULNERAVEL,1
3542206,2026,FURTO - OUTROS,95
3542206,2026,FURTO DE VEICULO,4
3542206,2026,HOMICIDIO CULPOSO POR ACIDENTE DE TRANSITO,2
3542206,2026,LESAO CORPORAL CULPOSA POR ACIDENTE DE TRANSITO,52
3542206,2026,LESAO CORPORAL DOLOSA,103
3542206,2026,LESAO CORPORAL SEGUIDA DE MORTE,1
3542206,2026,PORTE DE ARMA,1
3542206,2026,PORTE DE ENTORPECENTES,27
3542206,2026,ROUBO - OUTROS,4
3542206,2026,TRAFICO DE ENTORPECENTES,46
3542305,2026,ESTUPRO DE VULNERAVEL,1
3542305,2026,FURTO - OUTROS,16
3542305,2026,FURTO DE VEICULO,1
3542305,2026,LESAO CORPORAL CULPOSA POR ACIDENTE DE TRANSITO,3
3542305,2026,LESAO CORPORAL DOLOSA,12
3542404,2026,ESTUPRO,1
3542404,2026,ESTUPRO DE VULNERAVEL,4
3542404,2026,FURTO - OUTROS,81
3542404,2026,FURTO DE VEICULO,4
3542404,2026,HOMICIDIO CULPOSO POR ACIDENTE DE TRANSITO,4
3542404,2026,HOMICIDIO DOLOSO,1
3542404,2026,LESAO CORPORAL CULPOSA POR ACIDENTE DE TRANSITO,25
3542404,2026,LESAO CORPORAL DOLOSA,46
3542404,2026,PORTE DE ENTORPECENTES,3
3542404,2026,ROUBO - OUTROS,4
3542404,2026,TENTATIVA DE HOMICIDIO,3
3542404,2026,TRAFICO DE ENTORPECENTES,13
3542503,2026,ESTUPRO DE VULNERAVEL,1
3542503,2026,FURTO - OUTROS,5
3542503,2026,FURTO DE VEICULO,2
3542503,2026,HOMICIDIO CULPOSO POR ACIDENTE DE TRANSITO,1
3542503,2026,LESAO CORPORAL CULPOSA POR ACIDENTE DE TRANSITO,2
3542503,2026,LESAO CORPORAL DOLOSA,16
3542503,2026,PORTE DE ENTORPECENTES,2
3542503,2026,TRAFICO DE ENTORPECENTES,3
3542602,2026,APREENSAO DE ENTORPECENTES,2
3542602,2026,ESTUPRO,3
3542602,2026,ESTUPRO DE VULNERAVEL,17
3542602,2026,FURTO - OUTROS,269
3542602,2026,FURTO DE VEICULO,14
3542602,2026,HOMICIDIO CULPOSO OUTROS,1
3542602,2026,HOMICIDIO CULPOSO POR ACIDENTE DE TRANSITO,7
3542602,2026,HOMICIDIO DOLOSO,1
3542602,2026,LESAO CORPORAL CULPOSA - OUTRAS,1
3542602,2026,LESAO CORPORAL CULPOSA POR ACIDENTE DE TRANSITO,47
3542602,2026,LESAO CORPORAL DOLOSA,147
3542602,2026,PORTE DE ARMA,6
3542602,2026,PORTE DE ENTORPECENTES,15
3542602,2026,ROUBO - OUTROS,7
3542602,2026,ROUBO DE VEICULO,2
3542602,2026,TENTATIVA DE HOMICIDIO,4
3542602,2026,TRAFICO DE ENTORPECENTES,66
3542701,2026,ESTUPRO,1
3542701,2026,ESTUPRO DE VULNERAVEL,1
3542701,2026,FURTO - OUTROS,40
3542701,2026,FURTO DE VEICULO,2
3542701,2026,LESAO CORPORAL CULPOSA - OUTRAS,1
3542701,2026,LESAO CORPORAL CULPOSA POR ACIDENTE DE TRANSITO,3
3542701,2026,LESAO CORPORAL DOLOSA,24
3542701,2026,PORTE DE ARMA,2
3542701,2026,PORTE DE ENTORPECENTES,3
3542701,2026,ROUBO - OUTROS,1
3542701,2026,TENTATIVA DE HOMICIDIO,2
3542701,2026,TRAFICO DE ENTORPECENTES,4
3542800,2026,ESTUPRO,1
3542800,2026,FURTO - OUTROS,5
3542800,2026,HOMICIDIO DOLOSO,1
3542800,2026,LESAO CORPORAL CULPOSA POR ACIDENTE DE TRANSITO,1
3542800,2026,LESAO CORPORAL DOLOSA,6
3542800,2026,PORTE DE ARMA,1
3542800,2026,TRAFICO DE ENTORPECENTES,1
3542909,2026,FURTO - OUTROS,34
3542909,2026,FURTO DE VEICULO,3
3542909,2026,LESAO CORPORAL CULPOSA POR ACIDENTE DE TRANSITO,5
3542909,2026,LESAO CORPORAL DOLOSA,44
3542909,2026,PORTE DE ARMA,4
3542909,2026,ROUBO - OUTROS,2
3542909,2026,TRAFICO DE ENTORPECENTES,9
3543006,2026,ESTUPRO,2
3543006,2026,ESTUPRO DE VULNERAVEL,7
3543006,2026,FURTO - OUTROS,39
3543006,2026,FURTO DE VEICULO,4
3543006,2026,HOMICIDIO CULPOSO POR ACIDENTE DE TRANSITO,2
3543006,2026,LESAO CORPORAL CULPOSA POR ACIDENTE DE TRANSITO,5
3543006,2026,LESAO CORPORAL DOLOSA,40
3543006,2026,PORTE DE ARMA,1
3543006,2026,ROUBO - OUTROS,1
3543006,2026,TENTATIVA DE HOMICIDIO,1
3543006,2026,TRAFICO DE ENTORPECENTES,2
3543105,2026,APREENSAO DE ENTORPECENTES,1
3543105,2026,ESTUPRO,1
3543105,2026,ESTUPRO DE VULNERAVEL,4
3543105,2026,FURTO - OUTROS,15
3543105,2026,LESAO CORPORAL CULPOSA POR ACIDENTE DE TRANSITO,1
3543105,2026,LESAO CORPORAL DOLOSA,3
3543105,2026,PORTE DE ENTORPECENTES,25
3543105,2026,TRAFICO DE ENTORPECENTES,6
3543204,2026,ESTUPRO DE VULNERAVEL,2
3543204,2026,FURTO - OUTROS,10
3543204,2026,FURTO DE VEICULO,1
3543204,2026,LESAO CORPORAL DOLOSA,11
3543204,2026,PORTE DE ENTORPECENTES,1
3543204,2026,TENTATIVA DE HOMICIDIO,1
3543204,2026,TRAFICO DE ENTORPECENTES,1
3543238,2026,FURTO - OUTROS,2
3543238,2026,LESAO CORPORAL CULPOSA POR ACIDENTE DE TRANSITO,1
3543238,2026,PORTE DE ENTORPECENTES,1
3543238,2026,TRAFICO DE ENTORPECENTES,1
3543253,2026,FURTO - OUTROS,10
3543253,2026,FURTO DE VEICULO,1
3543253,2026,HOMICIDIO CULPOSO POR ACIDENTE DE TRANSITO,1
3543253,2026,LESAO CORPORAL CULPOSA POR ACIDENTE DE TRANSITO,1
3543253,2026,LESAO CORPORAL DOLOSA,10
3543303,2026,APREENSAO DE ENTORPECENTES,1
3543303,2026,ESTUPRO,7
3543303,2026,ESTUPRO DE VULNERAVEL,18
3543303,2026,FURTO - OUTROS,352
3543303,2026,FURTO DE VEICULO,101
3543303,2026,HOMICIDIO CULPOSO POR ACIDENTE DE TRANSITO,8
3543303,2026,HOMICIDIO DOLOSO,4
3543303,2026,LESAO CORPORAL CULPOSA - OUTRAS,6
3543303,2026,LESAO CORPORAL CULPOSA POR ACIDENTE DE TRANSITO,61
3543303,2026,LESAO CORPORAL DOLOSA,197
3543303,2026,LESAO CORPORAL SEGUIDA DE MORTE,1
3543303,2026,PORTE DE ARMA,4
3543303,2026,PORTE DE ENTORPECENTES,1
3543303,2026,ROUBO - OUTROS,98
3543303,2026,ROUBO DE CARGA,1
3543303,2026,ROUBO DE VEICULO,22
3543303,2026,TENTATIVA DE HOMICIDIO,3
3543303,2026,TRAFICO DE ENTORPECENTES,4
3543402,2026,APREENSAO DE ENTORPECENTES,35
3543402,2026,ESTUPRO,47
3543402,2026,ESTUPRO DE VULNERAVEL,127
3543402,2026,FURTO - OUTROS,4231
3543402,2026,FURTO DE CARGA,5
3543402,2026,FURTO DE VEICULO,858
3543402,2026,HOMICIDIO CULPOSO POR ACIDENTE DE TRANSITO,44
3543402,2026,HOMICIDIO DOLOSO,34
3543402,2026,LATROCINIO,2
3543402,2026,LESAO CORPORAL CULPOSA - OUTRAS,14
3543402,2026,LESAO CORPORAL CULPOSA POR ACIDENTE DE TRANSITO,803
3543402,2026,LESAO CORPORAL DOLOSA,1719
3543402,2026,PORTE DE ARMA,56
3543402,2026,PORTE DE ENTORPECENTES,48
3543402,2026,ROUBO - OUTROS,707
3543402,2026,ROUBO DE CARGA,4
3543402,2026,ROUBO DE VEICULO,68
3543402,2026,TENTATIVA DE HOMICIDIO,28
3543402,2026,TRAFICO DE ENTORPECENTES,450
3543501,2026,ESTUPRO DE VULNERAVEL,1
3543501,2026,FURTO - OUTROS,19
3543501,2026,HOMICIDIO CULPOSO POR ACIDENTE DE TRANSITO,2
3543501,2026,LESAO CORPORAL CULPOSA - OUTRAS,1
3543501,2026,LESAO CORPORAL CULPOSA POR ACIDENTE DE TRANSITO,6
3543501,2026,LESAO CORPORAL DOLOSA,19
3543501,2026,PORTE DE ENTORPECENTES,1
3543501,2026,TRAFICO DE ENTORPECENTES,3
3543600,2026,APREENSAO DE ENTORPECENTES,3
3543600,2026,ESTUPRO,1
3543600,2026,ESTUPRO DE VULNERAVEL,2
3543600,2026,FURTO - OUTROS,19
3543600,2026,FURTO DE VEICULO,4
3543600,2026,LESAO CORPORAL CULPOSA - OUTRAS,1
3543600,2026,LESAO CORPORAL DOLOSA,13
3543600,2026,PORTE DE ENTORPECENTES,18
3543600,2026,ROUBO - OUTROS,1
3543600,2026,TENTATIVA DE HOMICIDIO,1
3543600,2026,TRAFICO DE ENTORPECENTES,2
3543709,2026,FURTO - OUTROS,49
3543709,2026,FURTO DE VEICULO,3
3543709,2026,LESAO CORPORAL CULPOSA POR ACIDENTE DE TRANSITO,3
3543709,2026,LESAO CORPORAL DOLOSA,16
3543709,2026,ROUBO - OUTROS,1
3543709,2026,ROUBO DE CARGA,1
3543709,2026,TENTATIVA DE HOMICIDIO,1
3543709,2026,TRAFICO DE ENTORPECENTES,7
3543808,2026,FURTO - OUTROS,18
3543808,2026,HOMICIDIO CULPOSO POR ACIDENTE DE TRANSITO,1
3543808,2026,HOMICIDIO DOLOSO,1
3543808,2026,LESAO CORPORAL CULPOSA POR ACIDENTE DE TRANSITO,6
3543808,2026,LESAO CORPORAL DOLOSA,12
3543808,2026,PORTE DE ARMA,1
3543808,2026,PORTE DE ENTORPECENTES,3
3543808,2026,TRAFICO DE ENTORPECENTES,7
3543907,2026,APREENSAO DE ENTORPECENTES,7
3543907,2026,ESTUPRO,9
3543907,2026,ESTUPRO DE VULNERAVEL,18
3543907,2026,FURTO - OUTROS,825
3543907,2026,FURTO DE VEICULO,171
3543907,2026,HOMICIDIO CULPOSO POR ACIDENTE DE TRANSITO,14
3543907,2026,HOMICIDIO DOLOSO,3
3543907,2026,LESAO CORPORAL CULPOSA - OUTRAS,11
3543907,2026,LESAO CORPORAL CULPOSA POR ACIDENTE DE TRANSITO,359
3543907,2026,LESAO CORPORAL DOLOSA,432
3543907,2026,PORTE DE ARMA,18
3543907,2026,PORTE DE ENTORPECENTES,26
3543907,2026,ROUBO - OUTROS,107
3543907,2026,ROUBO DE CARGA,1
3543907,2026,ROUBO DE VEICULO,42
3543907,2026,TENTATIVA DE HOMICIDIO,8
3543907,2026,TRAFICO DE ENTORPECENTES,271
3544004,2026,ESTUPRO DE VULNERAVEL,8
3544004,2026,FURTO - OUTROS,89
3544004,2026,FURTO DE VEICULO,10
3544004,2026,HOMICIDIO CULPOSO POR ACIDENTE DE TRANSITO,3
3544004,2026,HOMICIDIO DOLOSO,4
3544004,2026,LESAO CORPORAL CULPOSA - OUTRAS,1
3544004,2026,LESAO CORPORAL CULPOSA POR ACIDENTE DE TRANSITO,31
3544004,2026,LESAO CORPORAL DOLOSA,57
3544004,2026,PORTE DE ARMA,6
3544004,2026,PORTE DE ENTORPECENTES,4
3544004,2026,ROUBO - OUTROS,4
3544004,2026,ROUBO DE VEICULO,1
3544004,2026,TENTATIVA DE HOMICIDIO,1
3544004,2026,TRAFICO DE ENTORPECENTES,11
3544103,2026,APREENSAO DE ENTORPECENTES,20
3544103,2026,ESTUPRO,2
3544103,2026,ESTUPRO DE VULNERAVEL,9
3544103,2026,FURTO - OUTROS,130
3544103,2026,FURTO DE VEICULO,13
3544103,2026,HOMICIDIO DOLOSO,2
3544103,2026,LESAO CORPORAL CULPOSA - OUTRAS,1
3544103,2026,LESAO CORPORAL CULPOSA POR ACIDENTE DE TRANSITO,16
3544103,2026,LESAO CORPORAL DOLOSA,89
3544103,2026,PORTE DE ARMA,2
3544103,2026,PORTE DE ENTORPECENTES,5
3544103,2026,ROUBO - OUTROS,13
3544103,2026,ROUBO DE VEICULO,2
3544103,2026,TENTATIVA DE HOMICIDIO,1
3544103,2026,TRAFICO DE ENTORPECENTES,75
3544202,2026,ESTUPRO,2
3544202,2026,ESTUPRO DE VULNERAVEL,3
3544202,2026,FURTO - OUTROS,22
3544202,2026,FURTO DE VEICULO,1
3544202,2026,HOMICIDIO CULPOSO POR ACIDENTE DE TRANSITO,1
3544202,2026,LESAO CORPORAL CULPOSA POR ACIDENTE DE TRANSITO,9
3544202,2026,LESAO CORPORAL DOLOSA,27
3544202,2026,PORTE DE ARMA,1
3544202,2026,PORTE DE ENTORPECENTES,4
3544202,2026,TENTATIVA DE HOMICIDIO,2
3544202,2026,TRAFICO DE ENTORPECENTES,13
3544251,2026,ESTUPRO DE VULNERAVEL,11
3544251,2026,FURTO - OUTROS,73
3544251,2026,FURTO DE VEICULO,2
3544251,2026,HOMICIDIO DOLOSO,1
3544251,2026,LESAO CORPORAL CULPOSA POR ACIDENTE DE TRANSITO,9
3544251,2026,LESAO CORPORAL DOLOSA,60
3544251,2026,PORTE DE ARMA,6
3544251,2026,ROUBO - OUTROS,1
3544251,2026,TENTATIVA DE HOMICIDIO,4
3544251,2026,TRAFICO DE ENTORPECENTES,7
3544301,2026,APREENSAO DE ENTORPECENTES,1
3544301,2026,ESTUPRO DE VULNERAVEL,4
3544301,2026,FURTO - OUTROS,46
3544301,2026,FURTO DE VEICULO,6
3544301,2026,HOMICIDIO DOLOSO,4
3544301,2026,LESAO CORPORAL CULPOSA POR ACIDENTE DE TRANSITO,2
3544301,2026,LESAO CORPORAL DOLOSA,26
3544301,2026,PORTE DE ARMA,3
3544301,2026,PORTE DE ENTORPECENTES,2
3544301,2026,ROUBO - OUTROS,4
3544301,2026,ROUBO DE VEICULO,4
3544301,2026,TENTATIVA DE HOMICIDIO,1
3544301,2026,TRAFICO DE ENTORPECENTES,3
3544400,2026,FURTO - OUTROS,7
3544400,2026,HOMICIDIO CULPOSO POR ACIDENTE DE TRANSITO,1
3544400,2026,LESAO CORPORAL CULPOSA POR ACIDENTE DE TRANSITO,1
3544400,2026,LESAO CORPORAL DOLOSA,3
3544400,2026,TENTATIVA DE HOMICIDIO,1
3544509,2026,ESTUPRO DE VULNERAVEL,2
3544509,2026,FURTO - OUTROS,3
3544509,2026,LESAO CORPORAL CULPOSA POR ACIDENTE DE TRANSITO,6
3544509,2026,LESAO CORPORAL DOLOSA,13
3544509,2026,PORTE DE ARMA,1
3544509,2026,PORTE DE ENTORPECENTES,3
3544509,2026,TRAFICO DE ENTORPECENTES,1
3544608,2026,ESTUPRO DE VULNERAVEL,3
3544608,2026,FURTO - OUTROS,22
3544608,2026,LESAO CORPORAL CULPOSA POR ACIDENTE DE TRANSITO,1
3544608,2026,LESAO CORPORAL DOLOSA,17
3544608,2026,PORTE DE ARMA,1
3544608,2026,PORTE DE ENTORPECENTES,1
3544707,2026,FURTO - OUTROS,4
3544707,2026,LESAO CORPORAL DOLOSA,4
3544707,2026,PORTE DE ENTORPECENTES,1
3544806,2026,ESTUPRO DE VULNERAVEL,1
3544806,2026,FURTO - OUTROS,19
3544806,2026,FURTO DE VEICULO,5
3544806,2026,HOMICIDIO CULPOSO POR ACIDENTE DE TRANSITO,2
3544806,2026,LESAO CORPORAL CULPOSA - OUTRAS,1
3544806,2026,LESAO CORPORAL CULPOSA POR ACIDENTE DE TRANSITO,5
3544806,2026,LESAO CORPORAL DOLOSA,23
3544806,2026,PORTE DE ARMA,3
3544806,2026,PORTE DE ENTORPECENTES,3
3544806,2026,TENTATIVA DE HOMICIDIO,2
3544806,2026,TRAFICO DE ENTORPECENTES,5
3544905,2026,APREENSAO DE ENTORPECENTES,2
3544905,2026,ESTUPRO,1
3544905,2026,FURTO - OUTROS,29
3544905,2026,FURTO DE VEICULO,4
3544905,2026,LESAO CORPORAL CULPOSA POR ACIDENTE DE TRANSITO,6
3544905,2026,LESAO CORPORAL DOLOSA,30
3544905,2026,PORTE DE ARMA,7
3544905,2026,PORTE DE ENTORPECENTES,11
3544905,2026,ROUBO - OUTROS,1
3544905,2026,ROUBO DE VEICULO,1
3544905,2026,TENTATIVA DE HOMICIDIO,1
3544905,2026,TRAFICO DE ENTORPECENTES,13
3545001,2026,ESTUPRO,2
3545001,2026,ESTUPRO DE VULNERAVEL,5
3545001,2026,FURTO - OUTROS,56
3545001,2026,FURTO DE VEICULO,6
3545001,2026,HOMICIDIO CULPOSO POR ACIDENTE DE TRANSITO,1
3545001,2026,HOMICIDIO DOLOSO,1
3545001,2026,LESAO CORPORAL CULPOSA - OUTRAS,1
3545001,2026,LESAO CORPORAL CULPOSA POR ACIDENTE DE TRANSITO,4
3545001,2026,LESAO CORPORAL DOLOSA,25
3545001,2026,PORTE DE ARMA,2
3545001,2026,PORTE DE ENTORPECENTES,2
3545001,2026,ROUBO - OUTROS,3
3545001,2026,TRAFICO DE ENTORPECENTES,1
3545100,2026,FURTO - OUTROS,4
3545100,2026,LESAO CORPORAL CULPOSA POR ACIDENTE DE TRANSITO,2
3545100,2026,LESAO CORPORAL DOLOSA,4
3545100,2026,PORTE DE ARMA,1
3545100,2026,PORTE DE ENTORPECENTES,6
3545100,2026,ROUBO - OUTROS,1
3545100,2026,TRAFICO DE ENTORPECENTES,2
3545159,2026,ESTUPRO DE VULNERAVEL,2
3545159,2026,FURTO - OUTROS,20
3545159,2026,FURTO DE VEICULO,3
3545159,2026,HOMICIDIO CULPOSO POR ACIDENTE DE TRANSITO,1
3545159,2026,LESAO CORPORAL CULPOSA - OUTRAS,1
3545159,2026,LESAO CORPORAL CULPOSA POR ACIDENTE DE TRANSITO,4
3545159,2026,LESAO CORPORAL DOLOSA,13
3545159,2026,PORTE DE ARMA,3
3545159,2026,ROUBO - OUTROS,2
3545209,2026,APREENSAO DE ENTORPECENTES,7
3545209,2026,ESTUPRO,6
3545209,2026,ESTUPRO DE VULNERAVEL,22
3545209,2026,FURTO - OUTROS,479
3545209,2026,FURTO DE VEICULO,68
3545209,2026,HOMICIDIO CULPOSO POR ACIDENTE DE TRANSITO,5
3545209,2026,HOMICIDIO DOLOSO,5
3545209,2026,LESAO CORPORAL CULPOSA - OUTRAS,5
3545209,2026,LESAO CORPORAL CULPOSA POR ACIDENTE DE TRANSITO,41
3545209,2026,LESAO CORPORAL DOLOSA,205
3545209,2026,PORTE DE ARMA,11
3545209,2026,PORTE DE ENTORPECENTES,28
3545209,2026,ROUBO - OUTROS,31
3545209,2026,ROUBO DE VEICULO,6
3545209,2026,TENTATIVA DE HOMICIDIO,10
3545209,2026,TRAFICO DE ENTORPECENTES,80
3545308,2026,APREENSAO DE ENTORPECENTES,3
3545308,2026,ESTUPRO,5
3545308,2026,ESTUPRO DE VULNERAVEL,11
3545308,2026,FURTO - OUTROS,138
3545308,2026,FURTO DE VEICULO,12
3545308,2026,HOMICIDIO CULPOSO POR ACIDENTE DE TRANSITO,3
3545308,2026,LESAO CORPORAL CULPOSA POR ACIDENTE DE TRANSITO,34
3545308,2026,LESAO CORPORAL DOLOSA,72
3545308,2026,PORTE DE ARMA,4
3545308,2026,PORTE DE ENTORPECENTES,9
3545308,2026,ROUBO - OUTROS,8
3545308,2026,ROUBO DE VEICULO,3
3545308,2026,TENTATIVA DE HOMICIDIO,8
3545308,2026,TRAFICO DE ENTORPECENTES,37
3545407,2026,ESTUPRO,2
3545407,2026,ESTUPRO DE VULNERAVEL,4
3545407,2026,FURTO - OUTROS,42
3545407,2026,FURTO DE VEICULO,4
3545407,2026,HOMICIDIO CULPOSO POR ACIDENTE DE TRANSITO,2
3545407,2026,LESAO CORPORAL CULPOSA POR ACIDENTE DE TRANSITO,8
3545407,2026,LESAO CORPORAL DOLOSA,19
3545407,2026,PORTE DE ENTORPECENTES,4
3545407,2026,TENTATIVA DE HOMICIDIO,2
3545407,2026,TRAFICO DE ENTORPECENTES,9
3545506,2026,ESTUPRO DE VULNERAVEL,1
3545506,2026,FURTO - OUTROS,13
3545506,2026,LESAO CORPORAL CULPOSA - OUTRAS,1
3545506,2026,LESAO CORPORAL CULPOSA POR ACIDENTE DE TRANSITO,1
3545506,2026,LESAO CORPORAL DOLOSA,11
3545605,2026,ESTUPRO DE VULNERAVEL,4
3545605,2026,FURTO - OUTROS,25
3545605,2026,FURTO DE VEICULO,2
3545605,2026,HOMICIDIO CULPOSO POR ACIDENTE DE TRANSITO,2
3545605,2026,HOMICIDIO DOLOSO,2
3545605,2026,LESAO CORPORAL CULPOSA POR ACIDENTE DE TRANSITO,16
3545605,2026,LESAO CORPORAL DOLOSA,40
3545605,2026,PORTE DE ARMA,2
3545605,2026,PORTE DE ENTORPECENTES,1
3545605,2026,TRAFICO DE ENTORPECENTES,15
3545704,2026,ESTUPRO DE VULNERAVEL,1
3545704,2026,FURTO - OUTROS,9
3545704,2026,LESAO CORPORAL CULPOSA POR ACIDENTE DE TRANSITO,4
3545704,2026,LESAO CORPORAL DOLOSA,25
3545704,2026,PORTE DE ARMA,1
3545704,2026,PORTE DE ENTORPECENTES,1
3545803,2026,APREENSAO DE ENTORPECENTES,33
3545803,2026,ESTUPRO,7
3545803,2026,ESTUPRO DE VULNERAVEL,9
3545803,2026,FURTO - OUTROS,540
3545803,2026,FURTO DE VEICULO,220
3545803,2026,HOMICIDIO CULPOSO OUTROS,1
3545803,2026,HOMICIDIO CULPOSO POR ACIDENTE DE TRANSITO,6
3545803,2026,HOMICIDIO DOLOSO,1
3545803,2026,LESAO CORPORAL CULPOSA - OUTRAS,2
3545803,2026,LESAO CORPORAL CULPOSA POR ACIDENTE DE TRANSITO,170
3545803,2026,LESAO CORPORAL DOLOSA,319
3545803,2026,PORTE DE ARMA,9
3545803,2026,PORTE DE ENTORPECENTES,64
3545803,2026,ROUBO - OUTROS,45
3545803,2026,ROUBO DE VEICULO,14
3545803,2026,TENTATIVA DE HOMICIDIO,8
3545803,2026,TRAFICO DE ENTORPECENTES,236
3546009,2026,ESTUPRO,1
3546009,2026,ESTUPRO DE VULNERAVEL,5
3546009,2026,FURTO - OUTROS,71
3546009,2026,FURTO DE VEICULO,5
3546009,2026,HOMICIDIO DOLOSO,1
3546009,2026,LESAO CORPORAL CULPOSA - OUTRAS,1
3546009,2026,LESAO CORPORAL CULPOSA POR ACIDENTE DE TRANSITO,3
3546009,2026,LESAO CORPORAL DOLOSA,24
3546009,2026,PORTE DE ARMA,3
3546009,2026,PORTE DE ENTORPECENTES,4
3546009,2026,ROUBO DE VEICULO,1
3546009,2026,TENTATIVA DE HOMICIDIO,3
3546009,2026,TRAFICO DE ENTORPECENTES,9
3546108,2026,ESTUPRO DE VULNERAVEL,1
3546108,2026,FURTO - OUTROS,12
3546108,2026,HOMICIDIO CULPOSO POR ACIDENTE DE TRANSITO,1
3546108,2026,LESAO CORPORAL CULPOSA - OUTRAS,1
3546108,2026,LESAO CORPORAL CULPOSA POR ACIDENTE DE TRANSITO,1
3546108,2026,LESAO CORPORAL DOLOSA,7
3546108,2026,PORTE DE ARMA,2
3546207,2026,APREENSAO DE ENTORPECENTES,1
3546207,2026,FURTO - OUTROS,11
3546207,2026,FURTO DE VEICULO,1
3546207,2026,HOMICIDIO CULPOSO POR ACIDENTE DE TRANSITO,2
3546207,2026,LATROCINIO,1
3546207,2026,LESAO CORPORAL CULPOSA POR ACIDENTE DE TRANSITO,2
3546207,2026,LESAO CORPORAL DOLOSA,12
3546207,2026,PORTE DE ENTORPECENTES,2
3546207,2026,ROUBO - OUTROS,1
3546256,2026,ESTUPRO DE VULNERAVEL,1
3546256,2026,FURTO - OUTROS,8
3546256,2026,LESAO CORPORAL CULPOSA - OUTRAS,1
3546256,2026,LESAO CORPORAL CULPOSA POR ACIDENTE DE TRANSITO,4
3546256,2026,LESAO CORPORAL DOLOSA,5
3546256,2026,TENTATIVA DE HOMICIDIO,1
3546306,2026,ESTUPRO,1
3546306,2026,ESTUPRO DE VULNERAVEL,2
3546306,2026,FURTO - OUTROS,51
3546306,2026,FURTO DE VEICULO,13
3546306,2026,HOMICIDIO CULPOSO POR ACIDENTE DE TRANSITO,1
3546306,2026,HOMICIDIO DOLOSO,2
3546306,2026,LESAO CORPORAL CULPOSA - OUTRAS,2
3546306,2026,LESAO CORPORAL CULPOSA POR ACIDENTE DE TRANSITO,18
3546306,2026,LESAO CORPORAL DOLOSA,48
3546306,2026,PORTE DE ARMA,3
3546306,2026,ROUBO - OUTROS,4
3546306,2026,ROUBO DE VEICULO,2
3546306,2026,TENTATIVA DE HOMICIDIO,5
3546306,2026,TRAFICO DE ENTORPECENTES,51
3546405,2026,APREENSAO DE ENTORPECENTES,2
3546405,2026,ESTUPRO,5
3546405,2026,ESTUPRO DE VULNERAVEL,13
3546405,2026,FURTO - OUTROS,233
3546405,2026,FURTO DE CARGA,1
3546405,2026,FURTO DE VEICULO,6
3546405,2026,HOMICIDIO CULPOSO POR ACIDENTE DE TRANSITO,5
3546405,2026,HOMICIDIO DOLOSO,1
3546405,2026,LESAO CORPORAL CULPOSA - OUTRAS,2
3546405,2026,LESAO CORPORAL CULPOSA POR ACIDENTE DE TRANSITO,85
3546405,2026,LESAO CORPORAL DOLOSA,110
3546405,2026,PORTE DE ARMA,6
3546405,2026,PORTE DE ENTORPECENTES,18
3546405,2026,ROUBO - OUTROS,12
3546405,2026,TENTATIVA DE HOMICIDIO,2
3546405,2026,TRAFICO DE ENTORPECENTES,42
3546504,2026,ESTUPRO,1
3546504,2026,FURTO - OUTROS,14
3546504,2026,FURTO DE VEICULO,1
3546504,2026,HOMICIDIO CULPOSO POR ACIDENTE DE TRANSITO,1
3546504,2026,LESAO CORPORAL CULPOSA POR ACIDENTE DE TRANSITO,1
3546504,2026,LESAO CORPORAL DOLOSA,14
3546504,2026,PORTE DE ENTORPECENTES,1
3546504,2026,ROUBO - OUTROS,2
3546504,2026,ROUBO DE VEICULO,1
3546504,2026,TENTATIVA DE HOMICIDIO,1
3546504,2026,TRAFICO DE ENTORPECENTES,3
3546603,2026,ESTUPRO,3
3546603,2026,ESTUPRO DE VULNERAVEL,5
3546603,2026,FURTO - OUTROS,128
3546603,2026,FURTO DE VEICULO,4
3546603,2026,HOMICIDIO CULPOSO POR ACIDENTE DE TRANSITO,2
3546603,2026,LESAO CORPORAL CULPOSA - OUTRAS,2
3546603,2026,LESAO CORPORAL CULPOSA POR ACIDENTE DE TRANSITO,92
3546603,2026,LESAO CORPORAL DOLOSA,110
3546603,2026,PORTE DE ARMA,4
3546603,2026,PORTE DE ENTORPECENTES,21
3546603,2026,ROUBO - OUTROS,1
3546603,2026,TENTATIVA DE HOMICIDIO,2
3546603,2026,TRAFICO DE ENTORPECENTES,27
3546702,2026,ESTUPRO DE VULNERAVEL,2
3546702,2026,FURTO - OUTROS,59
3546702,2026,FURTO DE VEICULO,10
3546702,2026,HOMICIDIO CULPOSO POR ACIDENTE DE TRANSITO,2
3546702,2026,HOMICIDIO DOLOSO,2
3546702,2026,LESAO CORPORAL CULPOSA - OUTRAS,1
3546702,2026,LESAO CORPORAL CULPOSA POR ACIDENTE DE TRANSITO,26
3546702,2026,LESAO CORPORAL DOLOSA,40
3546702,2026,PORTE DE ENTORPECENTES,7
3546702,2026,ROUBO - OUTROS,3
3546702,2026,ROUBO DE VEICULO,3
3546702,2026,TENTATIVA DE HOMICIDIO,2
3546702,2026,TRAFICO DE ENTORPECENTES,18
3546801,2026,APREENSAO DE ENTORPECENTES,3
3546801,2026,ESTUPRO,4
3546801,2026,ESTUPRO DE VULNERAVEL,13
3546801,2026,FURTO - OUTROS,142
3546801,2026,FURTO DE VEICULO,17
3546801,2026,HOMICIDIO CULPOSO POR ACIDENTE DE TRANSITO,5
3546801,2026,HOMICIDIO DOLOSO,2
3546801,2026,LESAO CORPORAL CULPOSA - OUTRAS,2
3546801,2026,LESAO CORPORAL CULPOSA POR ACIDENTE DE TRANSITO,33
3546801,2026,LESAO CORPORAL DOLOSA,119
3546801,2026,LESAO CORPORAL SEGUIDA DE MORTE,1
3546801,2026,PORTE DE ARMA,2
3546801,2026,PORTE DE ENTORPECENTES,22
3546801,2026,ROUBO - OUTROS,21
3546801,2026,ROUBO DE CARGA,6
3546801,2026,ROUBO DE VEICULO,16
3546801,2026,TENTATIVA DE HOMICIDIO,3
3546801,2026,TRAFICO DE ENTORPECENTES,52
3546900,2026,ESTUPRO DE VULNERAVEL,2
3546900,2026,FURTO - OUTROS,18
3546900,2026,FURTO DE VEICULO,2
3546900,2026,LESAO CORPORAL CULPOSA POR ACIDENTE DE TRANSITO,2
3546900,2026,LESAO CORPORAL DOLOSA,10
3546900,2026,PORTE DE ARMA,1
3546900,2026,PORTE DE ENTORPECENTES,2
3546900,2026,ROUBO - OUTROS,1
3546900,2026,ROUBO DE VEICULO,1
3546900,2026,TENTATIVA DE HOMICIDIO,2
3546900,2026,TRAFICO DE ENTORPECENTES,9
3547007,2026,ESTUPRO,1
3547007,2026,FURTO - OUTROS,7
3547007,2026,HOMICIDIO DOLOSO,1
3547007,2026,LATROCINIO,1
3547007,2026,LESAO CORPORAL CULPOSA POR ACIDENTE DE TRANSITO,1
3547007,2026,LESAO CORPORAL DOLOSA,20
3547007,2026,PORTE DE ARMA,1
3547007,2026,TRAFICO DE ENTORPECENTES,2
3547106,2026,ESTUPRO,1
3547106,2026,ESTUPRO DE VULNERAVEL,1
3547106,2026,FURTO - OUTROS,5
3547106,2026,LESAO CORPORAL CULPOSA - OUTRAS,1
3547106,2026,LESAO CORPORAL CULPOSA POR ACIDENTE DE TRANSITO,5
3547106,2026,LESAO CORPORAL DOLOSA,7
3547205,2026,FURTO - OUTROS,10
3547205,2026,LESAO CORPORAL DOLOSA,3
3547304,2026,APREENSAO DE ENTORPECENTES,22
3547304,2026,ESTUPRO,5
3547304,2026,ESTUPRO DE VULNERAVEL,35
3547304,2026,FURTO - OUTROS,455
3547304,2026,FURTO DE CARGA,1
3547304,2026,FURTO DE VEICULO,30
3547304,2026,HOMICIDIO CULPOSO POR ACIDENTE DE TRANSITO,6
3547304,2026,HOMICIDIO DOLOSO,1
3547304,2026,LESAO CORPORAL CULPOSA - OUTRAS,6
3547304,2026,LESAO CORPORAL CULPOSA POR ACIDENTE DE TRANSITO,88
3547304,2026,LESAO CORPORAL DOLOSA,359
3547304,2026,PORTE DE ARMA,7
3547304,2026,PORTE DE ENTORPECENTES,17
3547304,2026,ROUBO - OUTROS,61
3547304,2026,ROUBO DE CARGA,3
3547304,2026,ROUBO DE VEICULO,11
3547304,2026,TENTATIVA DE HOMICIDIO,3
3547304,2026,TRAFICO DE ENTORPECENTES,54
3547403,2026,ESTUPRO,1
3547403,2026,LESAO CORPORAL CULPOSA POR ACIDENTE DE TRANSITO,4
3547403,2026,LESAO CORPORAL DOLOSA,1
3547502,2026,ESTUPRO,5
3547502,2026,FURTO - OUTROS,108
3547502,2026,FURTO DE CARGA,1
3547502,2026,FURTO DE VEICULO,5
3547502,2026,HOMICIDIO CULPOSO POR ACIDENTE DE TRANSITO,2
3547502,2026,HOMICIDIO DOLOSO,1
3547502,2026,LESAO CORPORAL CULPOSA POR ACIDENTE DE TRANSITO,15
3547502,2026,LESAO CORPORAL DOLOSA,40
3547502,2026,PORTE DE ARMA,3
3547502,2026,PORTE DE ENTORPECENTES,5
3547502,2026,ROUBO - OUTROS,5
3547502,2026,ROUBO DE VEICULO,2
3547502,2026,TENTATIVA DE HOMICIDIO,1
3547502,2026,TRAFICO DE ENTORPECENTES,15
3547601,2026,APREENSAO DE ENTORPECENTES,1
3547601,2026,ESTUPRO,1
3547601,2026,ESTUPRO DE VULNERAVEL,6
3547601,2026,FURTO - OUTROS,81
3547601,2026,FURTO DE VEICULO,2
3547601,2026,LESAO CORPORAL CULPOSA POR ACIDENTE DE TRANSITO,17
3547601,2026,LESAO CORPORAL DOLOSA,70
3547601,2026,PORTE DE ARMA,2
3547601,2026,PORTE DE ENTORPECENTES,10
3547601,2026,ROUBO - OUTROS,8
3547601,2026,TRAFICO DE ENTORPECENTES,17
3547650,2026,ESTUPRO DE VULNERAVEL,1
3547650,2026,FURTO - OUTROS,5
3547650,2026,LESAO CORPORAL DOLOSA,5
3547650,2026,PORTE DE ARMA,1
3547700,2026,FURTO - OUTROS,40
3547700,2026,FURTO DE VEICULO,1
3547700,2026,LESAO CORPORAL CULPOSA - OUTRAS,1
3547700,2026,LESAO CORPORAL CULPOSA POR ACIDENTE DE TRANSITO,17
3547700,2026,LESAO CORPORAL DOLOSA,41
3547700,2026,PORTE DE ARMA,1
3547700,2026,PORTE DE ENTORPECENTES,1
3547700,2026,ROUBO - OUTROS,1
3547700,2026,TENTATIVA DE HOMICIDIO,1
3547700,2026,TRAFICO DE ENTORPECENTES,17
3547809,2026,APREENSAO DE ENTORPECENTES,21
3547809,2026,ESTUPRO,20
3547809,2026,ESTUPRO DE VULNERAVEL,62
3547809,2026,EXTORSAO MEDIANTE SEQUESTRO,1
3547809,2026,FURTO - OUTROS,5131
3547809,2026,FURTO DE CARGA,3
3547809,2026,FURTO DE VEICULO,1674
3547809,2026,HOMICIDIO CULPOSO POR ACIDENTE DE TRANSITO,14
3547809,2026,HOMICIDIO DOLOSO,17
3547809,2026,HOMICIDIO DOLOSO POR ACIDENTE DE TRANSITO,1
3547809,2026,LESAO CORPORAL CULPOSA - OUTRAS,10
3547809,2026,LESAO CORPORAL CULPOSA POR ACIDENTE DE TRANSITO,491
3547809,2026,LESAO CORPORAL DOLOSA,1333
3547809,2026,PORTE DE ARMA,27
3547809,2026,PORTE DE ENTORPECENTES,21
3547809,2026,ROUBO - OUTROS,2411
3547809,2026,ROUBO DE CARGA,37
3547809,2026,ROUBO DE VEICULO,279
3547809,2026,TENTATIVA DE HOMICIDIO,21
3547809,2026,TRAFICO DE ENTORPECENTES,171
3547908,2026,ESTUPRO DE VULNERAVEL,3
3547908,2026,FURTO - OUTROS,33
3547908,2026,FURTO DE VEICULO,1
3547908,2026,HOMICIDIO CULPOSO POR ACIDENTE DE TRANSITO,1
3547908,2026,LESAO CORPORAL CULPOSA POR ACIDENTE DE TRANSITO,1
3547908,2026,LESAO CORPORAL DOLOSA,24
3547908,2026,PORTE DE ENTORPECENTES,4
3547908,2026,TRAFICO DE ENTORPECENTES,2
3548005,2026,APREENSAO DE ENTORPECENTES,6
3548005,2026,ESTUPRO DE VULNERAVEL,5
3548005,2026,FURTO - OUTROS,34
3548005,2026,FURTO DE CARGA,1
3548005,2026,FURTO DE VEICULO,21
3548005,2026,HOMICIDIO CULPOSO POR ACIDENTE DE TRANSITO,3
3548005,2026,HOMICIDIO DOLOSO,1
3548005,2026,LESAO CORPORAL CULPOSA POR ACIDENTE DE TRANSITO,24
3548005,2026,LESAO CORPORAL DOLOSA,76
3548005,2026,PORTE DE ARMA,1
3548005,2026,PORTE DE ENTORPECENTES,21
3548005,2026,ROUBO - OUTROS,6
3548005,2026,ROUBO DE CARGA,1
3548005,2026,ROUBO DE VEICULO,1
3548005,2026,TENTATIVA DE HOMICIDIO,6
3548005,2026,TRAFICO DE ENTORPECENTES,40
3548054,2026,ESTUPRO,2
3548054,2026,ESTUPRO DE VULNERAVEL,2
3548054,2026,FURTO - OUTROS,41
3548054,2026,FURTO DE VEICULO,1
3548054,2026,HOMICIDIO CULPOSO POR ACIDENTE DE TRANSITO,4
3548054,2026,HOMICIDIO DOLOSO,1
3548054,2026,LESAO CORPORAL CULPOSA POR ACIDENTE DE TRANSITO,9
3548054,2026,LESAO CORPORAL DOLOSA,21
3548054,2026,ROUBO DE VEICULO,1
3548054,2026,TRAFICO DE ENTORPECENTES,2
3548104,2026,APREENSAO DE ENTORPECENTES,1
3548104,2026,ESTUPRO,1
3548104,2026,ESTUPRO DE VULNERAVEL,3
3548104,2026,FURTO - OUTROS,11
3548104,2026,FURTO DE VEICULO,1
3548104,2026,LESAO CORPORAL CULPOSA - OUTRAS,2
3548104,2026,LESAO CORPORAL CULPOSA POR ACIDENTE DE TRANSITO,3
3548104,2026,LESAO CORPORAL DOLOSA,13
3548104,2026,TRAFICO DE ENTORPECENTES,5
3548203,2026,ESTUPRO DE VULNERAVEL,1
3548203,2026,FURTO - OUTROS,24
3548203,2026,FURTO DE VEICULO,2
3548203,2026,HOMICIDIO CULPOSO POR ACIDENTE DE TRANSITO,1
3548203,2026,LESAO CORPORAL DOLOSA,13
3548203,2026,PORTE DE ARMA,2
3548203,2026,PORTE DE ENTORPECENTES,1
3548203,2026,ROUBO - OUTROS,2
3548203,2026,TENTATIVA DE HOMICIDIO,1
3548302,2026,APREENSAO DE ENTORPECENTES,1
3548302,2026,ESTUPRO DE VULNERAVEL,2
3548302,2026,FURTO - OUTROS,7
3548302,2026,LESAO CORPORAL CULPOSA - OUTRAS,1
3548302,2026,LESAO CORPORAL CULPOSA POR ACIDENTE DE TRANSITO,3
3548302,2026,LESAO CORPORAL DOLOSA,15
3548302,2026,ROUBO - OUTROS,1
3548401,2026,FURTO - OUTROS,17
3548401,2026,HOMICIDIO CULPOSO POR ACIDENTE DE TRANSITO,1
3548401,2026,LESAO CORPORAL CULPOSA POR ACIDENTE DE TRANSITO,3
3548401,2026,LESAO CORPORAL DOLOSA,15
3548401,2026,TENTATIVA DE HOMICIDIO,1
3548401,2026,TRAFICO DE ENTORPECENTES,2
3548500,2026,APREENSAO DE ENTORPECENTES,44
3548500,2026,ESTUPRO,13
3548500,2026,ESTUPRO DE VULNERAVEL,43
3548500,2026,EXTORSAO MEDIANTE SEQUESTRO,1
3548500,2026,FURTO - OUTROS,3256
3548500,2026,FURTO DE CARGA,21
3548500,2026,FURTO DE VEICULO,457
3548500,2026,HOMICIDIO CULPOSO OUTROS,2
3548500,2026,HOMICIDIO CULPOSO POR ACIDENTE DE TRANSITO,17
3548500,2026,HOMICIDIO DOLOSO,5
3548500,2026,HOMICIDIO DOLOSO POR ACIDENTE DE TRANSITO,1
3548500,2026,LESAO CORPORAL CULPOSA - OUTRAS,183
3548500,2026,LESAO CORPORAL CULPOSA POR ACIDENTE DE TRANSITO,215
3548500,2026,LESAO CORPORAL DOLOSA,801
3548500,2026,PORTE DE ARMA,20
3548500,2026,PORTE DE ENTORPECENTES,203
3548500,2026,ROUBO - OUTROS,658
3548500,2026,ROUBO DE CARGA,4
3548500,2026,ROUBO DE VEICULO,29
3548500,2026,TENTATIVA DE HOMICIDIO,24
3548500,2026,TRAFICO DE ENTORPECENTES,178
3548609,2026,ESTUPRO,1
3548609,2026,FURTO - OUTROS,19
3548609,2026,FURTO DE VEICULO,3
3548609,2026,LESAO CORPORAL CULPOSA POR ACIDENTE DE TRANSITO,3
3548609,2026,LESAO CORPORAL DOLOSA,15
3548609,2026,PORTE DE ARMA,1
3548609,2026,ROUBO - OUTROS,1
3548708,2026,APREENSAO DE ENTORPECENTES,37
3548708,2026,ESTUPRO,24
3548708,2026,ESTUPRO DE VULNERAVEL,89
3548708,2026,FURTO - OUTROS,4103
3548708,2026,FURTO DE CARGA,6
3548708,2026,FURTO DE VEICULO,1241
3548708,2026,HOMICIDIO CULPOSO POR ACIDENTE DE TRANSITO,41
3548708,2026,HOMICIDIO DOLOSO,15
3548708,2026,LESAO CORPORAL CULPOSA - OUTRAS,21
3548708,2026,LESAO CORPORAL CULPOSA POR ACIDENTE DE TRANSITO,758
3548708,2026,LESAO CORPORAL DOLOSA,1414
3548708,2026,PORTE DE ARMA,42
3548708,2026,PORTE DE ENTORPECENTES,33
3548708,2026,ROUBO - OUTROS,1781
3548708,2026,ROUBO DE CARGA,31
3548708,2026,ROUBO DE VEICULO,309
3548708,2026,TENTATIVA DE HOMICIDIO,38
3548708,2026,TRAFICO DE ENTORPECENTES,195
3548807,2026,APREENSAO DE ENTORPECENTES,1
3548807,2026,ESTUPRO DE VULNERAVEL,4
3548807,2026,FURTO - OUTROS,938
3548807,2026,FURTO DE CARGA,1
3548807,2026,FURTO DE VEICULO,64
3548807,2026,HOMICIDIO CULPOSO OUTROS,1
3548807,2026,HOMICIDIO CULPOSO POR ACIDENTE DE TRANSITO,2
3548807,2026,LESAO CORPORAL CULPOSA - OUTRAS,9
3548807,2026,LESAO CORPORAL CULPOSA POR ACIDENTE DE TRANSITO,110
3548807,2026,LESAO CORPORAL DOLOSA,183
3548807,2026,PORTE DE ARMA,5
3548807,2026,PORTE DE ENTORPECENTES,13
3548807,2026,ROUBO - OUTROS,137
3548807,2026,ROUBO DE CARGA,1
3548807,2026,ROUBO DE VEICULO,5
3548807,2026,TENTATIVA DE HOMICIDIO,2
3548807,2026,TRAFICO DE ENTORPECENTES,4
3548906,2026,APREENSAO DE ENTORPECENTES,23
3548906,2026,ESTUPRO,12
3548906,2026,ESTUPRO DE VULNERAVEL,37
3548906,2026,FURTO - OUTROS,1526
3548906,2026,FURTO DE VEICULO,197
3548906,2026,HOMICIDIO CULPOSO POR ACIDENTE DE TRANSITO,13
3548906,2026,HOMICIDIO DOLOSO,5
3548906,2026,LESAO CORPORAL CULPOSA - OUTRAS,7
3548906,2026,LESAO CORPORAL CULPOSA POR ACIDENTE DE TRANSITO,156
3548906,2026,LESAO CORPORAL DOLOSA,496
3548906,2026,PORTE DE ARMA,9
3548906,2026,PORTE DE ENTORPECENTES,21
3548906,2026,ROUBO - OUTROS,85
3548906,2026,ROUBO DE CARGA,2
3548906,2026,ROUBO DE VEICULO,19
3548906,2026,TENTATIVA DE HOMICIDIO,9
3548906,2026,TRAFICO DE ENTORPECENTES,157
3549003,2026,FURTO - OUTROS,7
3549003,2026,HOMICIDIO CULPOSO POR ACIDENTE DE TRANSITO,1
3549003,2026,LESAO CORPORAL CULPOSA - OUTRAS,1
3549003,2026,LESAO CORPORAL CULPOSA POR ACIDENTE DE TRANSITO,4
3549003,2026,LESAO CORPORAL DOLOSA,3
3549102,2026,APREENSAO DE ENTORPECENTES,2
3549102,2026,ESTUPRO,7
3549102,2026,ESTUPRO DE VULNERAVEL,8
3549102,2026,FURTO - OUTROS,423
3549102,2026,FURTO DE VEICULO,20
3549102,2026,HOMICIDIO CULPOSO POR ACIDENTE DE TRANSITO,4
3549102,2026,HOMICIDIO DOLOSO,2
3549102,2026,LESAO CORPORAL CULPOSA - OUTRAS,5
3549102,2026,LESAO CORPORAL CULPOSA POR ACIDENTE DE TRANSITO,177
3549102,2026,LESAO CORPORAL DOLOSA,224
3549102,2026,PORTE DE ARMA,1
3549102,2026,PORTE DE ENTORPECENTES,8
3549102,2026,ROUBO - OUTROS,11
3549102,2026,ROUBO DE VEICULO,2
3549102,2026,TENTATIVA DE HOMICIDIO,1
3549102,2026,TRAFICO DE ENTORPECENTES,135
3549201,2026,ESTUPRO,1
3549201,2026,FURTO - OUTROS,4
3549201,2026,FURTO DE VEICULO,1
3549201,2026,LESAO CORPORAL CULPOSA POR ACIDENTE DE TRANSITO,1
3549201,2026,LESAO CORPORAL DOLOSA,5
3549250,2026,ESTUPRO DE VULNERAVEL,1
3549250,2026,FURTO - OUTROS,3
3549250,2026,LESAO CORPORAL CULPOSA POR ACIDENTE DE TRANSITO,1
3549250,2026,LESAO CORPORAL DOLOSA,8
3549250,2026,TENTATIVA DE HOMICIDIO,1
3549300,2026,ESTUPRO DE VULNERAVEL,1
3549300,2026,FURTO - OUTROS,1
3549300,2026,LESAO CORPORAL DOLOSA,5
3549409,2026,APREENSAO DE ENTORPECENTES,25
3549409,2026,ESTUPRO,2
3549409,2026,ESTUPRO DE VULNERAVEL,11
3549409,2026,FURTO - OUTROS,178
3549409,2026,FURTO DE VEICULO,15
3549409,2026,HOMICIDIO CULPOSO POR ACIDENTE DE TRANSITO,1
3549409,2026,LESAO CORPORAL CULPOSA POR ACIDENTE DE TRANSITO,57
3549409,2026,LESAO CORPORAL DOLOSA,95
3549409,2026,PORTE DE ARMA,8
3549409,2026,PORTE DE ENTORPECENTES,518
3549409,2026,ROUBO - OUTROS,2
3549409,2026,TENTATIVA DE HOMICIDIO,1
3549409,2026,TRAFICO DE ENTORPECENTES,51
3549508,2026,ESTUPRO,1
3549508,2026,ESTUPRO DE VULNERAVEL,4
3549508,2026,FURTO - OUTROS,42
3549508,2026,FURTO DE VEICULO,1
3549508,2026,LESAO CORPORAL CULPOSA POR ACIDENTE DE TRANSITO,4
3549508,2026,LESAO CORPORAL DOLOSA,22
3549508,2026,PORTE DE ARMA,4
3549508,2026,PORTE DE ENTORPECENTES,31
3549508,2026,ROUBO - OUTROS,3
3549508,2026,TENTATIVA DE HOMICIDIO,1
3549508,2026,TRAFICO DE ENTORPECENTES,4
3549607,2026,ESTUPRO DE VULNERAVEL,1
3549607,2026,FURTO - OUTROS,8
3549607,2026,LESAO CORPORAL CULPOSA - OUTRAS,1
3549607,2026,LESAO CORPORAL DOLOSA,14
3549607,2026,PORTE DE ENTORPECENTES,1
3549607,2026,TRAFICO DE ENTORPECENTES,4
3549706,2026,APREENSAO DE ENTORPECENTES,3
3549706,2026,ESTUPRO,3
3549706,2026,ESTUPRO DE VULNERAVEL,8
3549706,2026,FURTO - OUTROS,191
3549706,2026,FURTO DE VEICULO,6
3549706,2026,LESAO CORPORAL CULPOSA - OUTRAS,2
3549706,2026,LESAO CORPORAL CULPOSA POR ACIDENTE DE TRANSITO,47
3549706,2026,LESAO CORPORAL DOLOSA,116
3549706,2026,PORTE DE ARMA,4
3549706,2026,PORTE DE ENTORPECENTES,10
3549706,2026,ROUBO - OUTROS,4
3549706,2026,ROUBO DE VEICULO,2
3549706,2026,TENTATIVA DE HOMICIDIO,1
3549706,2026,TRAFICO DE ENTORPECENTES,105
3549805,2026,APREENSAO DE ENTORPECENTES,8
3549805,2026,ESTUPRO,38
3549805,2026,ESTUPRO DE VULNERAVEL,104
3549805,2026,EXTORSAO MEDIANTE SEQUESTRO,1
3549805,2026,FURTO - OUTROS,3989
3549805,2026,FURTO DE CARGA,1
3549805,2026,FURTO DE VEICULO,552
3549805,2026,HOMICIDIO CULPOSO OUTROS,1
3549805,2026,HOMICIDIO CULPOSO POR ACIDENTE DE TRANSITO,20
3549805,2026,HOMICIDIO DOLOSO,25
3549805,2026,LATROCINIO,1
3549805,2026,LESAO CORPORAL CULPOSA - OUTRAS,23
3549805,2026,LESAO CORPORAL CULPOSA POR ACIDENTE DE TRANSITO,1017
3549805,2026,LESAO CORPORAL DOLOSA,1389
3549805,2026,PORTE DE ARMA,46
3549805,2026,PORTE DE ENTORPECENTES,78
3549805,2026,ROUBO - OUTROS,260
3549805,2026,ROUBO DE VEICULO,68
3549805,2026,TENTATIVA DE HOMICIDIO,47
3549805,2026,TRAFICO DE ENTORPECENTES,335
3549904,2026,APREENSAO DE ENTORPECENTES,67
3549904,2026,ESTUPRO,23
3549904,2026,ESTUPRO DE VULNERAVEL,107
3549904,2026,FURTO - OUTROS,2795
3549904,2026,FURTO DE VEICULO,371
3549904,2026,HOMICIDIO CULPOSO OUTROS,1
3549904,2026,HOMICIDIO CULPOSO POR ACIDENTE DE TRANSITO,22
3549904,2026,HOMICIDIO DOLOSO,18
3549904,2026,LESAO CORPORAL CULPOSA - OUTRAS,12
3549904,2026,LESAO CORPORAL CULPOSA POR ACIDENTE DE TRANSITO,394
3549904,2026,LESAO CORPORAL DOLOSA,1507
3549904,2026,LESAO CORPORAL SEGUIDA DE MORTE,1
3549904,2026,PORTE DE ARMA,70
3549904,2026,PORTE DE ENTORPECENTES,59
3549904,2026,ROUBO - OUTROS,355
3549904,2026,ROUBO DE CARGA,2
3549904,2026,ROUBO DE VEICULO,25
3549904,2026,TENTATIVA DE HOMICIDIO,29
3549904,2026,TRAFICO DE ENTORPECENTES,437
3549953,2026,ESTUPRO,2
3549953,2026,ESTUPRO DE VULNERAVEL,8
3549953,2026,FURTO - OUTROS,64
3549953,2026,FURTO DE VEICULO,6
3549953,2026,HOMICIDIO CULPOSO POR ACIDENTE DE TRANSITO,1
3549953,2026,HOMICIDIO DOLOSO,1
3549953,2026,LESAO CORPORAL CULPOSA POR ACIDENTE DE TRANSITO,1
3549953,2026,LESAO CORPORAL DOLOSA,25
3549953,2026,PORTE DE ARMA,4
3549953,2026,PORTE DE ENTORPECENTES,2
3549953,2026,ROUBO - OUTROS,9
3549953,2026,ROUBO DE CARGA,2
3549953,2026,ROUBO DE VEICULO,3
3549953,2026,TENTATIVA DE HOMICIDIO,2
3549953,2026,TRAFICO DE ENTORPECENTES,4
3550001,2026,ESTUPRO DE VULNERAVEL,1
3550001,2026,FURTO - OUTROS,28
3550001,2026,FURTO DE VEICULO,2
3550001,2026,HOMICIDIO CULPOSO POR ACIDENTE DE TRANSITO,1
3550001,2026,LESAO CORPORAL CULPOSA POR ACIDENTE DE TRANSITO,7
3550001,2026,LESAO CORPORAL DOLOSA,23
3550001,2026,PORTE DE ARMA,1
3550001,2026,ROUBO - OUTROS,3
3550001,2026,TENTATIVA DE HOMICIDIO,1
3550001,2026,TRAFICO DE ENTORPECENTES,1
3550100,2026,APREENSAO DE ENTORPECENTES,2
3550100,2026,ESTUPRO,6
3550100,2026,ESTUPRO DE VULNERAVEL,5
3550100,2026,FURTO - OUTROS,148
3550100,2026,FURTO DE VEICULO,11
3550100,2026,HOMICIDIO CULPOSO OUTROS,2
3550100,2026,HOMICIDIO CULPOSO POR ACIDENTE DE TRANSITO,6
3550100,2026,LESAO CORPORAL CULPOSA POR ACIDENTE DE TRANSITO,43
3550100,2026,LESAO CORPORAL DOLOSA,131
3550100,2026,PORTE DE ARMA,1
3550100,2026,PORTE DE ENTORPECENTES,5
3550100,2026,ROUBO - OUTROS,10
3550100,2026,ROUBO DE VEICULO,3
3550100,2026,TENTATIVA DE HOMICIDIO,2
3550100,2026,TRAFICO DE ENTORPECENTES,42
3550209,2026,ESTUPRO,1
3550209,2026,ESTUPRO DE VULNERAVEL,21
3550209,2026,FURTO - OUTROS,107
3550209,2026,FURTO DE VEICULO,2
3550209,2026,HOMICIDIO CULPOSO POR ACIDENTE DE TRANSITO,1
3550209,2026,LESAO CORPORAL CULPOSA POR ACIDENTE DE TRANSITO,26
3550209,2026,LESAO CORPORAL DOLOSA,56
3550209,2026,PORTE DE ARMA,3
3550209,2026,ROUBO - OUTROS,5
3550209,2026,ROUBO DE VEICULO,1
3550209,2026,TENTATIVA DE HOMICIDIO,1
3550209,2026,TRAFICO DE ENTORPECENTES,26
3550308,2026,APREENSAO DE ENTORPECENTES,866
3550308,2026,ESTUPRO,451
3550308,2026,ESTUPRO DE VULNERAVEL,1456
3550308,2026,EXTORSAO MEDIANTE SEQUESTRO,26
3550308,2026,FURTO - OUTROS,140303
3550308,2026,FURTO DE CARGA,72
3550308,2026,FURTO DE VEICULO,21496
3550308,2026,HOMICIDIO CULPOSO OUTROS,17
3550308,2026,HOMICIDIO CULPOSO POR ACIDENTE DE TRANSITO,324
3550308,2026,HOMICIDIO DOLOSO,251
3550308,2026,HOMICIDIO DOLOSO POR ACIDENTE DE TRANSITO,9
3550308,2026,LATROCINIO,16
3550308,2026,LESAO CORPORAL CULPOSA - OUTRAS,473
3550308,2026,LESAO CORPORAL CULPOSA POR ACIDENTE DE TRANSITO,8116
3550308,2026,LESAO CORPORAL DOLOSA,24969
3550308,2026,LESAO CORPORAL SEGUIDA DE MORTE,14
3550308,2026,PORTE DE ARMA,610
3550308,2026,PORTE DE ENTORPECENTES,623
3550308,2026,ROUBO - OUTROS,50795
3550308,2026,ROUBO DE CARGA,737
3550308,2026,ROUBO DE VEICULO,3957
3550308,2026,TENTATIVA DE HOMICIDIO,398
3550308,2026,TRAFICO DE ENTORPECENTES,4376
3550407,2026,ESTUPRO,1
3550407,2026,FURTO - OUTROS,108
3550407,2026,FURTO DE VEICULO,15
3550407,2026,HOMICIDIO CULPOSO POR ACIDENTE DE TRANSITO,2
3550407,2026,LESAO CORPORAL CULPOSA - OUTRAS,1
3550407,2026,LESAO CORPORAL CULPOSA POR ACIDENTE DE TRANSITO,22
3550407,2026,LESAO CORPORAL DOLOSA,81
3550407,2026,PORTE DE ARMA,3
3550407,2026,PORTE DE ENTORPECENTES,8
3550407,2026,ROUBO - OUTROS,6
3550407,2026,ROUBO DE VEICULO,1
3550407,2026,TENTATIVA DE HOMICIDIO,3
3550407,2026,TRAFICO DE ENTORPECENTES,57
3550506,2026,ESTUPRO,2
3550506,2026,ESTUPRO DE VULNERAVEL,5
3550506,2026,FURTO - OUTROS,11
3550506,2026,FURTO DE VEICULO,2
3550506,2026,HOMICIDIO CULPOSO POR ACIDENTE DE TRANSITO,1
3550506,2026,HOMICIDIO DOLOSO,1
3550506,2026,LESAO CORPORAL CULPOSA POR ACIDENTE DE TRANSITO,3
3550506,2026,LESAO CORPORAL DOLOSA,20
3550506,2026,PORTE DE ARMA,1
3550506,2026,PORTE DE ENTORPECENTES,1
3550506,2026,ROUBO - OUTROS,1
3550506,2026,TENTATIVA DE HOMICIDIO,1
3550506,2026,TRAFICO DE ENTORPECENTES,6
3550605,2026,APREENSAO DE ENTORPECENTES,1
3550605,2026,ESTUPRO,4
3550605,2026,ESTUPRO DE VULNERAVEL,6
3550605,2026,FURTO - OUTROS,353
3550605,2026,FURTO DE VEICULO,35
3550605,2026,HOMICIDIO CULPOSO POR ACIDENTE DE TRANSITO,8
3550605,2026,LESAO CORPORAL CULPOSA - OUTRAS,7
3550605,2026,LESAO CORPORAL CULPOSA POR ACIDENTE DE TRANSITO,39
3550605,2026,LESAO CORPORAL DOLOSA,170
3550605,2026,PORTE DE ARMA,7
3550605,2026,PORTE DE ENTORPECENTES,27
3550605,2026,ROUBO - OUTROS,27
3550605,2026,ROUBO DE CARGA,2
3550605,2026,ROUBO DE VEICULO,19
3550605,2026,TENTATIVA DE HOMICIDIO,3
3550605,2026,TRAFICO DE ENTORPECENTES,29
3550704,2026,APREENSAO DE ENTORPECENTES,9
3550704,2026,ESTUPRO,3
3550704,2026,ESTUPRO DE VULNERAVEL,21
3550704,2026,FURTO - OUTROS,630
3550704,2026,FURTO DE VEICULO,27
3550704,2026,HOMICIDIO CULPOSO OUTROS,1
3550704,2026,HOMICIDIO CULPOSO POR ACIDENTE DE TRANSITO,4
3550704,2026,HOMICIDIO DOLOSO,5
3550704,2026,LESAO CORPORAL CULPOSA - OUTRAS,3
3550704,2026,LESAO CORPORAL CULPOSA POR ACIDENTE DE TRANSITO,55
3550704,2026,LESAO CORPORAL DOLOSA,347
3550704,2026,LESAO CORPORAL SEGUIDA DE MORTE,1
3550704,2026,PORTE DE ARMA,4
3550704,2026,PORTE DE ENTORPECENTES,30
3550704,2026,ROUBO - OUTROS,58
3550704,2026,ROUBO DE VEICULO,1
3550704,2026,TENTATIVA DE HOMICIDIO,12
3550704,2026,TRAFICO DE ENTORPECENTES,83
3550803,2026,ESTUPRO DE VULNERAVEL,3
3550803,2026,FURTO - OUTROS,46
3550803,2026,FURTO DE VEICULO,1
3550803,2026,HOMICIDIO CULPOSO POR ACIDENTE DE TRANSITO,2
3550803,2026,LESAO CORPORAL CULPOSA POR ACIDENTE DE TRANSITO,4
3550803,2026,LESAO CORPORAL DOLOSA,28
3550803,2026,PORTE DE ARMA,2
3550803,2026,PORTE DE ENTORPECENTES,2
3550803,2026,ROUBO - OUTROS,1
3550803,2026,ROUBO DE VEICULO,1
3550803,2026,TRAFICO DE ENTORPECENTES,2
3550902,2026,APREENSAO DE ENTORPECENTES,1
3550902,2026,ESTUPRO,1
3550902,2026,ESTUPRO DE VULNERAVEL,2
3550902,2026,FURTO - OUTROS,65
3550902,2026,FURTO DE VEICULO,1
3550902,2026,HOMICIDIO CULPOSO POR ACIDENTE DE TRANSITO,1
3550902,2026,HOMICIDIO DOLOSO,1
3550902,2026,LESAO CORPORAL CULPOSA POR ACIDENTE DE TRANSITO,5
3550902,2026,LESAO CORPORAL DOLOSA,36
3550902,2026,PORTE DE ARMA,1
3550902,2026,PORTE DE ENTORPECENTES,6
3550902,2026,ROUBO - OUTROS,6
3550902,2026,ROUBO DE CARGA,2
3550902,2026,TRAFICO DE ENTORPECENTES,21
3551009,2026,APREENSAO DE ENTORPECENTES,35
3551009,2026,ESTUPRO,20
3551009,2026,ESTUPRO DE VULNERAVEL,43
3551009,2026,EXTORSAO MEDIANTE SEQUESTRO,2
3551009,2026,FURTO - OUTROS,2338
3551009,2026,FURTO DE VEICULO,313
3551009,2026,HOMICIDIO CULPOSO POR ACIDENTE DE TRANSITO,11
3551009,2026,HOMICIDIO DOLOSO,12
3551009,2026,LATROCINIO,2
3551009,2026,LESAO CORPORAL CULPOSA - OUTRAS,7
3551009,2026,LESAO CORPORAL CULPOSA POR ACIDENTE DE TRANSITO,202
3551009,2026,LESAO CORPORAL DOLOSA,711
3551009,2026,LESAO CORPORAL SEGUIDA DE MORTE,2
3551009,2026,PORTE DE ARMA,16
3551009,2026,PORTE DE ENTORPECENTES,57
3551009,2026,ROUBO - OUTROS,685
3551009,2026,ROUBO DE VEICULO,146
3551009,2026,TENTATIVA DE HOMICIDIO,23
3551009,2026,TRAFICO DE ENTORPECENTES,213
3551108,2026,ESTUPRO,1
3551108,2026,ESTUPRO DE VULNERAVEL,4
3551108,2026,FURTO - OUTROS,59
3551108,2026,FURTO DE VEICULO,2
3551108,2026,HOMICIDIO DOLOSO,1
3551108,2026,LESAO CORPORAL CULPOSA POR ACIDENTE DE TRANSITO,4
3551108,2026,LESAO CORPORAL DOLOSA,24
3551108,2026,PORTE DE ARMA,1
3551108,2026,PORTE DE ENTORPECENTES,2
3551108,2026,ROUBO - OUTROS,1
3551108,2026,TENTATIVA DE HOMICIDIO,2
3551108,2026,TRAFICO DE ENTORPECENTES,8
3551207,2026,ESTUPRO DE VULNERAVEL,1
3551207,2026,FURTO - OUTROS,8
3551207,2026,LESAO CORPORAL CULPOSA POR ACIDENTE DE TRANSITO,2
3551207,2026,LESAO CORPORAL DOLOSA,12
3551207,2026,PORTE DE ENTORPECENTES,3
3551207,2026,TRAFICO DE ENTORPECENTES,1
3551306,2026,FURTO - OUTROS,4
3551306,2026,LESAO CORPORAL CULPOSA - OUTRAS,1
3551306,2026,LESAO CORPORAL DOLOSA,2
3551306,2026,PORTE DE ARMA,1
3551306,2026,TRAFICO DE ENTORPECENTES,1
3551405,2026,APREENSAO DE ENTORPECENTES,2
3551405,2026,ESTUPRO,3
3551405,2026,ESTUPRO DE VULNERAVEL,2
3551405,2026,FURTO - OUTROS,42
3551405,2026,HOMICIDIO CULPOSO POR ACIDENTE DE TRANSITO,1
3551405,2026,LESAO CORPORAL CULPOSA POR ACIDENTE DE TRANSITO,3
3551405,2026,LESAO CORPORAL DOLOSA,44
3551405,2026,PORTE DE ARMA,1
3551405,2026,PORTE DE ENTORPECENTES,15
3551405,2026,ROUBO - OUTROS,2
3551405,2026,ROUBO DE VEICULO,2
3551405,2026,TENTATIVA DE HOMICIDIO,2
3551405,2026,TRAFICO DE ENTORPECENTES,10
3551504,2026,APREENSAO DE ENTORPECENTES,3
3551504,2026,ESTUPRO,1
3551504,2026,ESTUPRO DE VULNERAVEL,13
3551504,2026,FURTO - OUTROS,125
3551504,2026,FURTO DE VEICULO,33
3551504,2026,HOMICIDIO CULPOSO POR ACIDENTE DE TRANSITO,3
3551504,2026,LESAO CORPORAL CULPOSA - OUTRAS,2
3551504,2026,LESAO CORPORAL CULPOSA POR ACIDENTE DE TRANSITO,25
3551504,2026,LESAO CORPORAL DOLOSA,108
3551504,2026,PORTE DE ARMA,3
3551504,2026,PORTE DE ENTORPECENTES,9
3551504,2026,ROUBO - OUTROS,23
3551504,2026,ROUBO DE VEICULO,4
3551504,2026,TENTATIVA DE HOMICIDIO,5
3551504,2026,TRAFICO DE ENTORPECENTES,43
3551603,2026,ESTUPRO DE VULNERAVEL,4
3551603,2026,FURTO - OUTROS,100
3551603,2026,FURTO DE VEICULO,4
3551603,2026,HOMICIDIO CULPOSO POR ACIDENTE DE TRANSITO,2
3551603,2026,LESAO CORPORAL CULPOSA - OUTRAS,2
3551603,2026,LESAO CORPORAL CULPOSA POR ACIDENTE DE TRANSITO,29
3551603,2026,LESAO CORPORAL DOLOSA,74
3551603,2026,PORTE DE ARMA,5
3551603,2026,PORTE DE ENTORPECENTES,14
3551603,2026,ROUBO - OUTROS,2
3551603,2026,ROUBO DE VEICULO,1
3551603,2026,TRAFICO DE ENTORPECENTES,22
3551702,2026,APREENSAO DE ENTORPECENTES,7
3551702,2026,ESTUPRO,7
3551702,2026,ESTUPRO DE VULNERAVEL,19
3551702,2026,FURTO - OUTROS,499
3551702,2026,FURTO DE VEICULO,124
3551702,2026,HOMICIDIO CULPOSO POR ACIDENTE DE TRANSITO,8
3551702,2026,HOMICIDIO DOLOSO,3
3551702,2026,LESAO CORPORAL CULPOSA - OUTRAS,5
3551702,2026,LESAO CORPORAL CULPOSA POR ACIDENTE DE TRANSITO,101
3551702,2026,LESAO CORPORAL DOLOSA,260
3551702,2026,LESAO CORPORAL SEGUIDA DE MORTE,1
3551702,2026,PORTE DE ARMA,6
3551702,2026,PORTE DE ENTORPECENTES,25
3551702,2026,ROUBO - OUTROS,42
3551702,2026,ROUBO DE VEICULO,8
3551702,2026,TENTATIVA DE HOMICIDIO,1
3551702,2026,TRAFICO DE ENTORPECENTES,164
3551801,2026,ESTUPRO,4
3551801,2026,ESTUPRO DE VULNERAVEL,7
3551801,2026,FURTO - OUTROS,42
3551801,2026,FURTO DE VEICULO,2
3551801,2026,HOMICIDIO CULPOSO POR ACIDENTE DE TRANSITO,2
3551801,2026,LESAO CORPORAL CULPOSA POR ACIDENTE DE TRANSITO,10
3551801,2026,LESAO CORPORAL DOLOSA,35
3551801,2026,PORTE DE ARMA,2
3551801,2026,ROUBO - OUTROS,1
3551801,2026,TENTATIVA DE HOMICIDIO,1
3551801,2026,TRAFICO DE ENTORPECENTES,4
3551900,2026,ESTUPRO,1
3551900,2026,ESTUPRO DE VULNERAVEL,4
3551900,2026,FURTO - OUTROS,42
3551900,2026,FURTO DE VEICULO,1
3551900,2026,HOMICIDIO CULPOSO POR ACIDENTE DE TRANSITO,3
3551900,2026,LESAO CORPORAL CULPOSA - OUTRAS,2
3551900,2026,LESAO CORPORAL CULPOSA POR ACIDENTE DE TRANSITO,12
3551900,2026,LESAO CORPORAL DOLOSA,32
3551900,2026,PORTE DE ENTORPECENTES,7
3551900,2026,ROUBO - OUTROS,4
3551900,2026,TENTATIVA DE HOMICIDIO,2
3551900,2026,TRAFICO DE ENTORPECENTES,16
3552007,2026,ESTUPRO DE VULNERAVEL,2
3552007,2026,FURTO - OUTROS,15
3552007,2026,HOMICIDIO DOLOSO,1
3552007,2026,LESAO CORPORAL CULPOSA - OUTRAS,1
3552007,2026,LESAO CORPORAL CULPOSA POR ACIDENTE DE TRANSITO,3
3552007,2026,LESAO CORPORAL DOLOSA,13
3552007,2026,TRAFICO DE ENTORPECENTES,1
3552106,2026,APREENSAO DE ENTORPECENTES,1
3552106,2026,ESTUPRO,1
3552106,2026,ESTUPRO DE VULNERAVEL,14
3552106,2026,FURTO - OUTROS,112
3552106,2026,FURTO DE VEICULO,4
3552106,2026,HOMICIDIO CULPOSO OUTROS,1
3552106,2026,HOMICIDIO CULPOSO POR ACIDENTE DE TRANSITO,6
3552106,2026,HOMICIDIO DOLOSO,1
3552106,2026,LESAO CORPORAL CULPOSA POR ACIDENTE DE TRANSITO,36
3552106,2026,LESAO CORPORAL DOLOSA,73
3552106,2026,PORTE DE ARMA,2
3552106,2026,PORTE DE ENTORPECENTES,10
3552106,2026,ROUBO - OUTROS,7
3552106,2026,ROUBO DE VEICULO,1
3552106,2026,TENTATIVA DE HOMICIDIO,4
3552106,2026,TRAFICO DE ENTORPECENTES,14
3552205,2026,APREENSAO DE ENTORPECENTES,52
3552205,2026,ESTUPRO,34
3552205,2026,ESTUPRO DE VULNERAVEL,104
3552205,2026,EXTORSAO MEDIANTE SEQUESTRO,1
3552205,2026,FURTO - OUTROS,5300
3552205,2026,FURTO DE CARGA,1
3552205,2026,FURTO DE VEICULO,817
3552205,2026,HOMICIDIO CULPOSO OUTROS,1
3552205,2026,HOMICIDIO CULPOSO POR ACIDENTE DE TRANSITO,42
3552205,2026,HOMICIDIO DOLOSO,33
3552205,2026,LATROCINIO,1
3552205,2026,LESAO CORPORAL CULPOSA - OUTRAS,41
3552205,2026,LESAO CORPORAL CULPOSA POR ACIDENTE DE TRANSITO,440
3552205,2026,LESAO CORPORAL DOLOSA,1401
3552205,2026,PORTE DE ARMA,47
3552205,2026,PORTE DE ENTORPECENTES,40
3552205,2026,ROUBO - OUTROS,515
3552205,2026,ROUBO DE CARGA,4
3552205,2026,ROUBO DE VEICULO,65
3552205,2026,TENTATIVA DE HOMICIDIO,50
3552205,2026,TRAFICO DE ENTORPECENTES,331
3552304,2026,ESTUPRO DE VULNERAVEL,4
3552304,2026,FURTO - OUTROS,14
3552304,2026,HOMICIDIO CULPOSO POR ACIDENTE DE TRANSITO,1
3552304,2026,LESAO CORPORAL CULPOSA POR ACIDENTE DE TRANSITO,4
3552304,2026,LESAO CORPORAL DOLOSA,16
3552304,2026,PORTE DE ARMA,2
3552304,2026,PORTE DE ENTORPECENTES,2
3552304,2026,TENTATIVA DE HOMICIDIO,1
3552304,2026,TRAFICO DE ENTORPECENTES,5
3552403,2026,APREENSAO DE ENTORPECENTES,19
3552403,2026,ESTUPRO,5
3552403,2026,ESTUPRO DE VULNERAVEL,27
3552403,2026,EXTORSAO MEDIANTE SEQUESTRO,2
3552403,2026,FURTO - OUTROS,1072
3552403,2026,FURTO DE CARGA,2
3552403,2026,FURTO DE VEICULO,248
3552403,2026,HOMICIDIO CULPOSO POR ACIDENTE DE TRANSITO,9
3552403,2026,HOMICIDIO DOLOSO,6
3552403,2026,LESAO CORPORAL CULPOSA - OUTRAS,1
3552403,2026,LESAO CORPORAL CULPOSA POR ACIDENTE DE TRANSITO,341
3552403,2026,LESAO CORPORAL DOLOSA,537
3552403,2026,PORTE DE ARMA,18
3552403,2026,PORTE DE ENTORPECENTES,36
3552403,2026,ROUBO - OUTROS,225
3552403,2026,ROUBO DE CARGA,3
3552403,2026,ROUBO DE VEICULO,137
3552403,2026,TENTATIVA DE HOMICIDIO,27
3552403,2026,TRAFICO DE ENTORPECENTES,253
3552502,2026,APREENSAO DE ENTORPECENTES,70
3552502,2026,ESTUPRO,14
3552502,2026,ESTUPRO DE VULNERAVEL,31
3552502,2026,EXTORSAO MEDIANTE SEQUESTRO,2
3552502,2026,FURTO - OUTROS,1510
3552502,2026,FURTO DE CARGA,2
3552502,2026,FURTO DE VEICULO,349
3552502,2026,HOMICIDIO CULPOSO OUTROS,1
3552502,2026,HOMICIDIO CULPOSO POR ACIDENTE DE TRANSITO,10
3552502,2026,HOMICIDIO DOLOSO,7
3552502,2026,LESAO CORPORAL CULPOSA - OUTRAS,4
3552502,2026,LESAO CORPORAL CULPOSA POR ACIDENTE DE TRANSITO,194
3552502,2026,LESAO CORPORAL DOLOSA,773
3552502,2026,PORTE DE ARMA,15
3552502,2026,PORTE DE ENTORPECENTES,10
3552502,2026,ROUBO - OUTROS,443
3552502,2026,ROUBO DE CARGA,4
3552502,2026,ROUBO DE VEICULO,119
3552502,2026,TENTATIVA DE HOMICIDIO,17
3552502,2026,TRAFICO DE ENTORPECENTES,102
3552551,2026,FURTO - OUTROS,12
3552551,2026,HOMICIDIO DOLOSO,1
3552551,2026,LESAO CORPORAL DOLOSA,10
3552551,2026,TRAFICO DE ENTORPECENTES,2
3552601,2026,ESTUPRO,1
3552601,2026,ESTUPRO DE VULNERAVEL,5
3552601,2026,FURTO - OUTROS,28
3552601,2026,FURTO DE VEICULO,1
3552601,2026,HOMICIDIO CULPOSO POR ACIDENTE DE TRANSITO,1
3552601,2026,LESAO CORPORAL CULPOSA - OUTRAS,2
3552601,2026,LESAO CORPORAL CULPOSA POR ACIDENTE DE TRANSITO,18
3552601,2026,LESAO CORPORAL DOLOSA,24
3552601,2026,PORTE DE ARMA,1
3552601,2026,TENTATIVA DE HOMICIDIO,1
3552700,2026,APREENSAO DE ENTORPECENTES,2
3552700,2026,ESTUPRO,1
3552700,2026,ESTUPRO DE VULNERAVEL,3
3552700,2026,FURTO - OUTROS,60
3552700,2026,FURTO DE VEICULO,3
3552700,2026,HOMICIDIO CULPOSO POR ACIDENTE DE TRANSITO,3
3552700,2026,HOMICIDIO DOLOSO,1
3552700,2026,LESAO CORPORAL CULPOSA - OUTRAS,1
3552700,2026,LESAO CORPORAL CULPOSA POR ACIDENTE DE TRANSITO,9
3552700,2026,LESAO CORPORAL DOLOSA,62
3552700,2026,PORTE DE ARMA,2
3552700,2026,PORTE DE ENTORPECENTES,15
3552700,2026,ROUBO - OUTROS,2
3552700,2026,TENTATIVA DE HOMICIDIO,1
3552700,2026,TRAFICO DE ENTORPECENTES,11
3552809,2026,APREENSAO DE ENTORPECENTES,12
3552809,2026,ESTUPRO,8
3552809,2026,ESTUPRO DE VULNERAVEL,30
3552809,2026,FURTO - OUTROS,1147
3552809,2026,FURTO DE CARGA,1
3552809,2026,FURTO DE VEICULO,364
3552809,2026,HOMICIDIO CULPOSO OUTROS,2
3552809,2026,HOMICIDIO CULPOSO POR ACIDENTE DE TRANSITO,12
3552809,2026,HOMICIDIO DOLOSO,10
3552809,2026,LESAO CORPORAL CULPOSA - OUTRAS,10
3552809,2026,LESAO CORPORAL CULPOSA POR ACIDENTE DE TRANSITO,202
3552809,2026,LESAO CORPORAL DOLOSA,626
3552809,2026,PORTE DE ARMA,17
3552809,2026,PORTE DE ENTORPECENTES,18
3552809,2026,ROUBO - OUTROS,666
3552809,2026,ROUBO DE CARGA,10
3552809,2026,ROUBO DE VEICULO,107
3552809,2026,TENTATIVA DE HOMICIDIO,9
3552809,2026,TRAFICO DE ENTORPECENTES,101
3552908,2026,ESTUPRO DE VULNERAVEL,4
3552908,2026,FURTO - OUTROS,16
3552908,2026,HOMICIDIO CULPOSO POR ACIDENTE DE TRANSITO,1
3552908,2026,HOMICIDIO DOLOSO,1
3552908,2026,LESAO CORPORAL CULPOSA POR ACIDENTE DE TRANSITO,4
3552908,2026,LESAO CORPORAL DOLOSA,18
3553005,2026,ESTUPRO DE VULNERAVEL,11
3553005,2026,FURTO - OUTROS,16
3553005,2026,FURTO DE VEICULO,1
3553005,2026,LESAO CORPORAL CULPOSA POR ACIDENTE DE TRANSITO,1
3553005,2026,LESAO CORPORAL DOLOSA,26
3553005,2026,PORTE DE ENTORPECENTES,3
3553005,2026,TRAFICO DE ENTORPECENTES,7
3553104,2026,FURTO - OUTROS,21
3553104,2026,LESAO CORPORAL CULPOSA - OUTRAS,2
3553104,2026,LESAO CORPORAL CULPOSA POR ACIDENTE DE TRANSITO,1
3553104,2026,LESAO CORPORAL DOLOSA,12
3553104,2026,PORTE DE ENTORPECENTES,1
3553104,2026,ROUBO DE VEICULO,1
3553203,2026,FURTO - OUTROS,12
3553203,2026,LESAO CORPORAL CULPOSA POR ACIDENTE DE TRANSITO,1
3553203,2026,LESAO CORPORAL DOLOSA,7
3553203,2026,PORTE DE ENTORPECENTES,3
3553203,2026,ROUBO - OUTROS,2
3553203,2026,TRAFICO DE ENTORPECENTES,1
3553302,2026,ESTUPRO,1
3553302,2026,ESTUPRO DE VULNERAVEL,4
3553302,2026,FURTO - OUTROS,91
3553302,2026,FURTO DE VEICULO,8
3553302,2026,HOMICIDIO DOLOSO,1
3553302,2026,LESAO CORPORAL CULPOSA POR ACIDENTE DE TRANSITO,13
3553302,2026,LESAO CORPORAL DOLOSA,73
3553302,2026,PORTE DE ARMA,3
3553302,2026,PORTE DE ENTORPECENTES,8
3553302,2026,ROUBO - OUTROS,6
3553302,2026,TENTATIVA DE HOMICIDIO,2
3553302,2026,TRAFICO DE ENTORPECENTES,32
3553401,2026,APREENSAO DE ENTORPECENTES,1
3553401,2026,ESTUPRO,2
3553401,2026,ESTUPRO DE VULNERAVEL,5
3553401,2026,FURTO - OUTROS,99
3553401,2026,FURTO DE VEICULO,2
3553401,2026,HOMICIDIO CULPOSO POR ACIDENTE DE TRANSITO,2
3553401,2026,HOMICIDIO DOLOSO,1
3553401,2026,LESAO CORPORAL CULPOSA - OUTRAS,1
3553401,2026,LESAO CORPORAL CULPOSA POR ACIDENTE DE TRANSITO,46
3553401,2026,LESAO CORPORAL DOLOSA,75
3553401,2026,PORTE DE ARMA,4
3553401,2026,PORTE DE ENTORPECENTES,6
3553401,2026,ROUBO - OUTROS,3
3553401,2026,TENTATIVA DE HOMICIDIO,2
3553401,2026,TRAFICO DE ENTORPECENTES,16
3553500,2026,ESTUPRO,1
3553500,2026,ESTUPRO DE VULNERAVEL,3
3553500,2026,FURTO - OUTROS,32
3553500,2026,FURTO DE VEICULO,2
3553500,2026,LESAO CORPORAL CULPOSA POR ACIDENTE DE TRANSITO,4
3553500,2026,LESAO CORPORAL DOLOSA,15
3553500,2026,PORTE DE ARMA,3
3553500,2026,PORTE DE ENTORPECENTES,3
3553500,2026,ROUBO - OUTROS,1
3553500,2026,TENTATIVA DE HOMICIDIO,1
3553500,2026,TRAFICO DE ENTORPECENTES,1
3553609,2026,APREENSAO DE ENTORPECENTES,3
3553609,2026,ESTUPRO DE VULNERAVEL,1
3553609,2026,FURTO - OUTROS,31
3553609,2026,FURTO DE VEICULO,1
3553609,2026,LESAO CORPORAL CULPOSA - OUTRAS,1
3553609,2026,LESAO CORPORAL CULPOSA POR ACIDENTE DE TRANSITO,9
3553609,2026,LESAO CORPORAL DOLOSA,23
3553609,2026,PORTE DE ARMA,1
3553609,2026,PORTE DE ENTORPECENTES,6
3553609,2026,ROUBO - OUTROS,1
3553609,2026,TENTATIVA DE HOMICIDIO,1
3553609,2026,TRAFICO DE ENTORPECENTES,5
3553658,2026,FURTO - OUTROS,9
3553658,2026,HOMICIDIO DOLOSO,1
3553658,2026,LESAO CORPORAL DOLOSA,5
3553658,2026,TENTATIVA DE HOMICIDIO,1
3553708,2026,APREENSAO DE ENTORPECENTES,3
3553708,2026,ESTUPRO,3
3553708,2026,ESTUPRO DE VULNERAVEL,6
3553708,2026,FURTO - OUTROS,239
3553708,2026,FURTO DE CARGA,1
3553708,2026,FURTO DE VEICULO,16
3553708,2026,HOMICIDIO CULPOSO POR ACIDENTE DE TRANSITO,6
3553708,2026,HOMICIDIO DOLOSO,2
3553708,2026,LESAO CORPORAL CULPOSA - OUTRAS,2
3553708,2026,LESAO CORPORAL CULPOSA POR ACIDENTE DE TRANSITO,73
3553708,2026,LESAO CORPORAL DOLOSA,146
3553708,2026,PORTE DE ARMA,2
3553708,2026,PORTE DE ENTORPECENTES,8
3553708,2026,ROUBO - OUTROS,10
3553708,2026,ROUBO DE VEICULO,4
3553708,2026,TENTATIVA DE HOMICIDIO,3
3553708,2026,TRAFICO DE ENTORPECENTES,78
3553807,2026,APREENSAO DE ENTORPECENTES,2
3553807,2026,ESTUPRO DE VULNERAVEL,9
3553807,2026,FURTO - OUTROS,51
3553807,2026,FURTO DE VEICULO,3
3553807,2026,HOMICIDIO CULPOSO POR ACIDENTE DE TRANSITO,2
3553807,2026,HOMICIDIO DOLOSO,1
3553807,2026,LESAO CORPORAL CULPOSA - OUTRAS,1
3553807,2026,LESAO CORPORAL CULPOSA POR ACIDENTE DE TRANSITO,26
3553807,2026,LESAO CORPORAL DOLOSA,104
3553807,2026,PORTE DE ARMA,4
3553807,2026,PORTE DE ENTORPECENTES,18
3553807,2026,ROUBO - OUTROS,2
3553807,2026,ROUBO DE VEICULO,1
3553807,2026,TENTATIVA DE HOMICIDIO,2
3553807,2026,TRAFICO DE ENTORPECENTES,18
3553856,2026,APREENSAO DE ENTORPECENTES,1
3553856,2026,ESTUPRO,1
3553856,2026,ESTUPRO DE VULNERAVEL,2
3553856,2026,FURTO - OUTROS,17
3553856,2026,HOMICIDIO CULPOSO POR ACIDENTE DE TRANSITO,1
3553856,2026,LESAO CORPORAL CULPOSA POR ACIDENTE DE TRANSITO,3
3553856,2026,LESAO CORPORAL DOLOSA,12
3553856,2026,TRAFICO DE ENTORPECENTES,2
3553906,2026,ESTUPRO,3
3553906,2026,ESTUPRO DE VULNERAVEL,3
3553906,2026,FURTO - OUTROS,9
3553906,2026,FURTO DE VEICULO,1
3553906,2026,LATROCINIO,1
3553906,2026,LESAO CORPORAL CULPOSA POR ACIDENTE DE TRANSITO,5
3553906,2026,LESAO CORPORAL DOLOSA,16
3553906,2026,PORTE DE ARMA,1
3553906,2026,TENTATIVA DE HOMICIDIO,1
3553906,2026,TRAFICO DE ENTORPECENTES,1
3553955,2026,ESTUPRO,1
3553955,2026,ESTUPRO DE VULNERAVEL,2
3553955,2026,FURTO - OUTROS,45
3553955,2026,HOMICIDIO CULPOSO POR ACIDENTE DE TRANSITO,1
3553955,2026,LESAO CORPORAL CULPOSA POR ACIDENTE DE TRANSITO,7
3553955,2026,LESAO CORPORAL DOLOSA,23
3553955,2026,TRAFICO DE ENTORPECENTES,13
3554003,2026,APREENSAO DE ENTORPECENTES,9
3554003,2026,ESTUPRO,6
3554003,2026,ESTUPRO DE VULNERAVEL,34
3554003,2026,FURTO - OUTROS,492
3554003,2026,FURTO DE VEICULO,88
3554003,2026,HOMICIDIO CULPOSO OUTROS,1
3554003,2026,HOMICIDIO CULPOSO POR ACIDENTE DE TRANSITO,9
3554003,2026,LESAO CORPORAL CULPOSA - OUTRAS,2
3554003,2026,LESAO CORPORAL CULPOSA POR ACIDENTE DE TRANSITO,60
3554003,2026,LESAO CORPORAL DOLOSA,253
3554003,2026,LESAO CORPORAL SEGUIDA DE MORTE,1
3554003,2026,PORTE DE ARMA,8
3554003,2026,PORTE DE ENTORPECENTES,25
3554003,2026,ROUBO - OUTROS,39
3554003,2026,ROUBO DE VEICULO,13
3554003,2026,TENTATIVA DE HOMICIDIO,4
3554003,2026,TRAFICO DE ENTORPECENTES,137
3554102,2026,APREENSAO DE ENTORPECENTES,7
3554102,2026,ESTUPRO,7
3554102,2026,ESTUPRO DE VULNERAVEL,20
3554102,2026,FURTO - OUTROS,1529
3554102,2026,FURTO DE VEICULO,186
3554102,2026,HOMICIDIO CULPOSO POR ACIDENTE DE TRANSITO,16
3554102,2026,HOMICIDIO DOLOSO,16
3554102,2026,LESAO CORPORAL CULPOSA - OUTRAS,12
3554102,2026,LESAO CORPORAL CULPOSA POR ACIDENTE DE TRANSITO,257
3554102,2026,LESAO CORPORAL DOLOSA,795
3554102,2026,PORTE DE ARMA,38
3554102,2026,PORTE DE ENTORPECENTES,34
3554102,2026,ROUBO - OUTROS,216
3554102,2026,ROUBO DE VEICULO,45
3554102,2026,TENTATIVA DE HOMICIDIO,20
3554102,2026,TRAFICO DE ENTORPECENTES,169
3554201,2026,ESTUPRO DE VULNERAVEL,1
3554201,2026,FURTO - OUTROS,8
3554201,2026,FURTO DE VEICULO,1
3554201,2026,HOMICIDIO CULPOSO POR ACIDENTE DE TRANSITO,2
3554201,2026,LESAO CORPORAL CULPOSA POR ACIDENTE DE TRANSITO,2
3554201,2026,LESAO CORPORAL DOLOSA,11
3554201,2026,PORTE DE ARMA,1
3554201,2026,PORTE DE ENTORPECENTES,2
3554300,2026,ESTUPRO,4
3554300,2026,ESTUPRO DE VULNERAVEL,15
3554300,2026,FURTO - OUTROS,143
3554300,2026,FURTO DE VEICULO,3
3554300,2026,HOMICIDIO CULPOSO POR ACIDENTE DE TRANSITO,2
3554300,2026,HOMICIDIO DOLOSO,2
3554300,2026,LESAO CORPORAL CULPOSA - OUTRAS,1
3554300,2026,LESAO CORPORAL CULPOSA POR ACIDENTE DE TRANSITO,33
3554300,2026,LESAO CORPORAL DOLOSA,104
3554300,2026,PORTE DE ARMA,2
3554300,2026,PORTE DE ENTORPECENTES,3
3554300,2026,TENTATIVA DE HOMICIDIO,4
3554300,2026,TRAFICO DE ENTORPECENTES,13
3554409,2026,ESTUPRO DE VULNERAVEL,1
3554409,2026,FURTO - OUTROS,20
3554409,2026,FURTO DE VEICULO,3
3554409,2026,HOMICIDIO CULPOSO POR ACIDENTE DE TRANSITO,4
3554409,2026,HOMICIDIO DOLOSO,1
3554409,2026,LESAO CORPORAL CULPOSA POR ACIDENTE DE TRANSITO,2
3554409,2026,LESAO CORPORAL DOLOSA,25
3554409,2026,PORTE DE ENTORPECENTES,1
3554409,2026,TRAFICO DE ENTORPECENTES,6
3554508,2026,ESTUPRO DE VULNERAVEL,6
3554508,2026,FURTO - OUTROS,133
3554508,2026,FURTO DE VEICULO,21
3554508,2026,HOMICIDIO CULPOSO POR ACIDENTE DE TRANSITO,3
3554508,2026,LESAO CORPORAL CULPOSA POR ACIDENTE DE TRANSITO,13
3554508,2026,LESAO CORPORAL DOLOSA,68
3554508,2026,PORTE DE ENTORPECENTES,10
3554508,2026,ROUBO - OUTROS,11
3554508,2026,ROUBO DE CARGA,1
3554508,2026,ROUBO DE VEICULO,4
3554508,2026,TENTATIVA DE HOMICIDIO,2
3554508,2026,TRAFICO DE ENTORPECENTES,9
3554607,2026,FURTO - OUTROS,3
3554607,2026,LESAO CORPORAL CULPOSA POR ACIDENTE DE TRANSITO,1
3554607,2026,LESAO CORPORAL DOLOSA,7
3554656,2026,FURTO - OUTROS,4
3554656,2026,LESAO CORPORAL CULPOSA POR ACIDENTE DE TRANSITO,2
3554656,2026,LESAO CORPORAL DOLOSA,6
3554656,2026,TENTATIVA DE HOMICIDIO,1
3554706,2026,ESTUPRO,2
3554706,2026,ESTUPRO DE VULNERAVEL,5
3554706,2026,FURTO - OUTROS,19
3554706,2026,FURTO DE VEICULO,2
3554706,2026,LESAO CORPORAL CULPOSA POR ACIDENTE DE TRANSITO,2
3554706,2026,LESAO CORPORAL DOLOSA,28
3554706,2026,PORTE DE ARMA,4
3554706,2026,ROUBO - OUTROS,4
3554706,2026,TENTATIVA DE HOMICIDIO,1
3554706,2026,TRAFICO DE ENTORPECENTES,23
3554755,2026,FURTO - OUTROS,2
3554755,2026,FURTO DE VEICULO,1
3554755,2026,LESAO CORPORAL DOLOSA,2
3554805,2026,APREENSAO DE ENTORPECENTES,32
3554805,2026,ESTUPRO DE VULNERAVEL,1
3554805,2026,FURTO - OUTROS,116
3554805,2026,FURTO DE VEICULO,10
3554805,2026,HOMICIDIO CULPOSO POR ACIDENTE DE TRANSITO,2
3554805,2026,HOMICIDIO DOLOSO,1
3554805,2026,LESAO CORPORAL CULPOSA - OUTRAS,1
3554805,2026,LESAO CORPORAL CULPOSA POR ACIDENTE DE TRANSITO,30
3554805,2026,LESAO CORPORAL DOLOSA,111
3554805,2026,PORTE DE ARMA,2
3554805,2026,PORTE DE ENTORPECENTES,52
3554805,2026,ROUBO - OUTROS,21
3554805,2026,ROUBO DE VEICULO,9
3554805,2026,TENTATIVA DE HOMICIDIO,1
3554805,2026,TRAFICO DE ENTORPECENTES,21
3554904,2026,ESTUPRO DE VULNERAVEL,1
3554904,2026,FURTO - OUTROS,27
3554904,2026,LESAO CORPORAL CULPOSA - OUTRAS,3
3554904,2026,LESAO CORPORAL CULPOSA POR ACIDENTE DE TRANSITO,7
3554904,2026,LESAO CORPORAL DOLOSA,19
3554904,2026,PORTE DE ARMA,1
3554904,2026,PORTE DE ENTORPECENTES,2
3554904,2026,ROUBO - OUTROS,1
3554904,2026,TRAFICO DE ENTORPECENTES,3
3554953,2026,ESTUPRO,2
3554953,2026,ESTUPRO DE VULNERAVEL,4
3554953,2026,FURTO - OUTROS,22
3554953,2026,FURTO DE VEICULO,1
3554953,2026,HOMICIDIO CULPOSO POR ACIDENTE DE TRANSITO,3
3554953,2026,LESAO CORPORAL CULPOSA POR ACIDENTE DE TRANSITO,3
3554953,2026,LESAO CORPORAL DOLOSA,17
3554953,2026,PORTE DE ARMA,1
3554953,2026,PORTE DE ENTORPECENTES,5
3554953,2026,TRAFICO DE ENTORPECENTES,1
3555000,2026,ESTUPRO,2
3555000,2026,ESTUPRO DE VULNERAVEL,12
3555000,2026,FURTO - OUTROS,219
3555000,2026,FURTO DE VEICULO,12
3555000,2026,HOMICIDIO CULPOSO POR ACIDENTE DE TRANSITO,5
3555000,2026,HOMICIDIO DOLOSO,2
3555000,2026,LESAO CORPORAL CULPOSA - OUTRAS,3
3555000,2026,LESAO CORPORAL CULPOSA POR ACIDENTE DE TRANSITO,162
3555000,2026,LESAO CORPORAL DOLOSA,163
3555000,2026,PORTE DE ARMA,11
3555000,2026,PORTE DE ENTORPECENTES,21
3555000,2026,ROUBO - OUTROS,9
3555000,2026,TENTATIVA DE HOMICIDIO,4
3555000,2026,TRAFICO DE ENTORPECENTES,109
3555109,2026,ESTUPRO DE VULNERAVEL,3
3555109,2026,FURTO - OUTROS,24
3555109,2026,FURTO DE VEICULO,3
3555109,2026,HOMICIDIO CULPOSO POR ACIDENTE DE TRANSITO,3
3555109,2026,HOMICIDIO DOLOSO,1
3555109,2026,LESAO CORPORAL CULPOSA - OUTRAS,3
3555109,2026,LESAO CORPORAL CULPOSA POR ACIDENTE DE TRANSITO,21
3555109,2026,LESAO CORPORAL DOLOSA,62
3555109,2026,PORTE DE ARMA,1
3555109,2026,PORTE DE ENTORPECENTES,4
3555109,2026,TRAFICO DE ENTORPECENTES,8
3555208,2026,ESTUPRO,1
3555208,2026,FURTO - OUTROS,3
3555208,2026,LESAO CORPORAL CULPOSA POR ACIDENTE DE TRANSITO,3
3555208,2026,LESAO CORPORAL DOLOSA,7
3555307,2026,FURTO - OUTROS,2
3555307,2026,HOMICIDIO CULPOSO POR ACIDENTE DE TRANSITO,1
3555307,2026,LESAO CORPORAL CULPOSA POR ACIDENTE DE TRANSITO,2
3555307,2026,LESAO CORPORAL DOLOSA,8
3555307,2026,ROUBO DE VEICULO,1
3555307,2026,TENTATIVA DE HOMICIDIO,1
3555356,2026,APREENSAO DE ENTORPECENTES,1
3555356,2026,FURTO - OUTROS,18
3555356,2026,LESAO CORPORAL CULPOSA POR ACIDENTE DE TRANSITO,3
3555356,2026,LESAO CORPORAL DOLOSA,23
3555356,2026,PORTE DE ARMA,2
3555356,2026,PORTE DE ENTORPECENTES,4
3555356,2026,TENTATIVA DE HOMICIDIO,1
3555356,2026,TRAFICO DE ENTORPECENTES,2
3555406,2026,APREENSAO DE ENTORPECENTES,5
3555406,2026,ESTUPRO,8
3555406,2026,ESTUPRO DE VULNERAVEL,13
3555406,2026,FURTO - OUTROS,889
3555406,2026,FURTO DE VEICULO,31
3555406,2026,HOMICIDIO CULPOSO POR ACIDENTE DE TRANSITO,7
3555406,2026,HOMICIDIO DOLOSO,10
3555406,2026,LESAO CORPORAL CULPOSA - OUTRAS,5
3555406,2026,LESAO CORPORAL CULPOSA POR ACIDENTE DE TRANSITO,88
3555406,2026,LESAO CORPORAL DOLOSA,321
3555406,2026,PORTE DE ARMA,19
3555406,2026,PORTE DE ENTORPECENTES,19
3555406,2026,ROUBO - OUTROS,86
3555406,2026,ROUBO DE VEICULO,4
3555406,2026,TENTATIVA DE HOMICIDIO,19
3555406,2026,TRAFICO DE ENTORPECENTES,89
3555505,2026,APREENSAO DE ENTORPECENTES,1
3555505,2026,ESTUPRO,1
3555505,2026,FURTO - OUTROS,18
3555505,2026,FURTO DE VEICULO,1
3555505,2026,LESAO CORPORAL CULPOSA - OUTRAS,1
3555505,2026,LESAO CORPORAL CULPOSA POR ACIDENTE DE TRANSITO,1
3555505,2026,LESAO CORPORAL DOLOSA,11
3555505,2026,PORTE DE ARMA,1
3555505,2026,PORTE DE ENTORPECENTES,2
3555505,2026,TENTATIVA DE HOMICIDIO,2
3555505,2026,TRAFICO DE ENTORPECENTES,3
3555604,2026,ESTUPRO,1
3555604,2026,ESTUPRO DE VULNERAVEL,1
3555604,2026,FURTO - OUTROS,36
3555604,2026,FURTO DE CARGA,1
3555604,2026,FURTO DE VEICULO,2
3555604,2026,LESAO CORPORAL CULPOSA POR ACIDENTE DE TRANSITO,11
3555604,2026,LESAO CORPORAL DOLOSA,28
3555604,2026,PORTE DE ARMA,1
3555604,2026,TRAFICO DE ENTORPECENTES,4
3555703,2026,FURTO - OUTROS,3
3555703,2026,HOMICIDIO CULPOSO POR ACIDENTE DE TRANSITO,1
3555703,2026,LESAO CORPORAL CULPOSA POR ACIDENTE DE TRANSITO,1
3555703,2026,LESAO CORPORAL DOLOSA,6
3555802,2026,ESTUPRO DE VULNERAVEL,2
3555802,2026,FURTO - OUTROS,17
3555802,2026,FURTO DE VEICULO,1
3555802,2026,HOMICIDIO CULPOSO POR ACIDENTE DE TRANSITO,1
3555802,2026,HOMICIDIO DOLOSO,1
3555802,2026,LESAO CORPORAL CULPOSA POR ACIDENTE DE TRANSITO,26
3555802,2026,LESAO CORPORAL DOLOSA,29
3555802,2026,PORTE DE ARMA,3
3555802,2026,TENTATIVA DE HOMICIDIO,2
3555802,2026,TRAFICO DE ENTORPECENTES,1
3555901,2026,ESTUPRO DE VULNERAVEL,4
3555901,2026,FURTO - OUTROS,2
3555901,2026,LESAO CORPORAL CULPOSA POR ACIDENTE DE TRANSITO,2
3555901,2026,LESAO CORPORAL DOLOSA,3
3555901,2026,TENTATIVA DE HOMICIDIO,1
3556008,2026,ESTUPRO,2
3556008,2026,ESTUPRO DE VULNERAVEL,5
3556008,2026,FURTO - OUTROS,36
3556008,2026,LESAO CORPORAL CULPOSA - OUTRAS,1
3556008,2026,LESAO CORPORAL CULPOSA POR ACIDENTE DE TRANSITO,9
3556008,2026,LESAO CORPORAL DOLOSA,35
3556008,2026,PORTE DE ARMA,1
3556008,2026,PORTE DE ENTORPECENTES,2
3556008,2026,TENTATIVA DE HOMICIDIO,2
3556008,2026,TRAFICO DE ENTORPECENTES,8
3556107,2026,ESTUPRO,1
3556107,2026,ESTUPRO DE VULNERAVEL,4
3556107,2026,FURTO - OUTROS,28
3556107,2026,FURTO DE VEICULO,3
3556107,2026,HOMICIDIO CULPOSO POR ACIDENTE DE TRANSITO,2
3556107,2026,HOMICIDIO DOLOSO,1
3556107,2026,LESAO CORPORAL CULPOSA POR ACIDENTE DE TRANSITO,17
3556107,2026,LESAO CORPORAL DOLOSA,38
3556107,2026,PORTE DE ARMA,2
3556107,2026,PORTE DE ENTORPECENTES,4
3556107,2026,ROUBO - OUTROS,2
3556107,2026,TENTATIVA DE HOMICIDIO,1
3556107,2026,TRAFICO DE ENTORPECENTES,10
3556206,2026,APREENSAO DE ENTORPECENTES,1
3556206,2026,ESTUPRO,4
3556206,2026,ESTUPRO DE VULNERAVEL,16
3556206,2026,FURTO - OUTROS,434
3556206,2026,FURTO DE VEICULO,90
3556206,2026,HOMICIDIO CULPOSO POR ACIDENTE DE TRANSITO,4
3556206,2026,HOMICIDIO DOLOSO,1
3556206,2026,LESAO CORPORAL CULPOSA - OUTRAS,3
3556206,2026,LESAO CORPORAL CULPOSA POR ACIDENTE DE TRANSITO,207
3556206,2026,LESAO CORPORAL DOLOSA,265
3556206,2026,PORTE DE ARMA,6
3556206,2026,PORTE DE ENTORPECENTES,49
3556206,2026,ROUBO - OUTROS,47
3556206,2026,ROUBO DE CARGA,2
3556206,2026,ROUBO DE VEICULO,15
3556206,2026,TENTATIVA DE HOMICIDIO,4
3556206,2026,TRAFICO DE ENTORPECENTES,11
3556305,2026,APREENSAO DE ENTORPECENTES,34
3556305,2026,ESTUPRO DE VULNERAVEL,6
3556305,2026,FURTO - OUTROS,85
3556305,2026,FURTO DE VEICULO,1
3556305,2026,HOMICIDIO CULPOSO POR ACIDENTE DE TRANSITO,1
3556305,2026,HOMICIDIO DOLOSO,2
3556305,2026,LESAO CORPORAL CULPOSA POR ACIDENTE DE TRANSITO,10
3556305,2026,LESAO CORPORAL DOLOSA,58
3556305,2026,PORTE DE ARMA,3
3556305,2026,PORTE DE ENTORPECENTES,4
3556305,2026,ROUBO - OUTROS,2
3556305,2026,TENTATIVA DE HOMICIDIO,3
3556305,2026,TRAFICO DE ENTORPECENTES,31
3556354,2026,ESTUPRO DE VULNERAVEL,1
3556354,2026,FURTO - OUTROS,36
3556354,2026,FURTO DE VEICULO,1
3556354,2026,HOMICIDIO CULPOSO POR ACIDENTE DE TRANSITO,2
3556354,2026,LESAO CORPORAL CULPOSA POR ACIDENTE DE TRANSITO,2
3556354,2026,LESAO CORPORAL DOLOSA,18
3556354,2026,PORTE DE ARMA,2
3556354,2026,PORTE DE ENTORPECENTES,1
3556354,2026,ROUBO - OUTROS,1
3556354,2026,ROUBO DE CARGA,2
3556354,2026,ROUBO DE VEICULO,2
3556354,2026,TENTATIVA DE HOMICIDIO,1
3556354,2026,TRAFICO DE ENTORPECENTES,15
3556404,2026,ESTUPRO,2
3556404,2026,ESTUPRO DE VULNERAVEL,2
3556404,2026,FURTO - OUTROS,137
3556404,2026,FURTO DE VEICULO,5
3556404,2026,HOMICIDIO CULPOSO POR ACIDENTE DE TRANSITO,2
3556404,2026,LESAO CORPORAL CULPOSA - OUTRAS,4
3556404,2026,LESAO CORPORAL CULPOSA POR ACIDENTE DE TRANSITO,47
3556404,2026,LESAO CORPORAL DOLOSA,124
3556404,2026,PORTE DE ARMA,5
3556404,2026,PORTE DE ENTORPECENTES,8
3556404,2026,ROUBO - OUTROS,5
3556404,2026,TENTATIVA DE HOMICIDIO,2
3556404,2026,TRAFICO DE ENTORPECENTES,104
3556453,2026,APREENSAO DE ENTORPECENTES,8
3556453,2026,ESTUPRO,1
3556453,2026,ESTUPRO DE VULNERAVEL,8
3556453,2026,FURTO - OUTROS,156
3556453,2026,FURTO DE VEICULO,20
3556453,2026,HOMICIDIO CULPOSO POR ACIDENTE DE TRANSITO,2
3556453,2026,HOMICIDIO DOLOSO,1
3556453,2026,LESAO CORPORAL CULPOSA - OUTRAS,1
3556453,2026,LESAO CORPORAL CULPOSA POR ACIDENTE DE TRANSITO,32
3556453,2026,LESAO CORPORAL DOLOSA,112
3556453,2026,PORTE DE ARMA,4
3556453,2026,PORTE DE ENTORPECENTES,3
3556453,2026,ROUBO - OUTROS,36
3556453,2026,ROUBO DE VEICULO,12
3556453,2026,TENTATIVA DE HOMICIDIO,5
3556453,2026,TRAFICO DE ENTORPECENTES,11
3556503,2026,APREENSAO DE ENTORPECENTES,23
3556503,2026,ESTUPRO,2
3556503,2026,ESTUPRO DE VULNERAVEL,20
3556503,2026,FURTO - OUTROS,390
3556503,2026,FURTO DE VEICULO,84
3556503,2026,HOMICIDIO CULPOSO POR ACIDENTE DE TRANSITO,5
3556503,2026,HOMICIDIO DOLOSO,3
3556503,2026,LESAO CORPORAL CULPOSA - OUTRAS,1
3556503,2026,LESAO CORPORAL CULPOSA POR ACIDENTE DE TRANSITO,77
3556503,2026,LESAO CORPORAL DOLOSA,265
3556503,2026,PORTE DE ARMA,5
3556503,2026,PORTE DE ENTORPECENTES,10
3556503,2026,ROUBO - OUTROS,66
3556503,2026,ROUBO DE CARGA,1
3556503,2026,ROUBO DE VEICULO,28
3556503,2026,TENTATIVA DE HOMICIDIO,6
3556503,2026,TRAFICO DE ENTORPECENTES,50
3556602,2026,ESTUPRO DE VULNERAVEL,3
3556602,2026,FURTO - OUTROS,29
3556602,2026,FURTO DE VEICULO,1
3556602,2026,HOMICIDIO CULPOSO POR ACIDENTE DE TRANSITO,1
3556602,2026,LESAO CORPORAL CULPOSA - OUTRAS,1
3556602,2026,LESAO CORPORAL CULPOSA POR ACIDENTE DE TRANSITO,7
3556602,2026,LESAO CORPORAL DOLOSA,32
3556602,2026,TENTATIVA DE HOMICIDIO,2
3556602,2026,TRAFICO DE ENTORPECENTES,5
3556701,2026,APREENSAO DE ENTORPECENTES,1
3556701,2026,ESTUPRO,1
3556701,2026,ESTUPRO DE VULNERAVEL,19
3556701,2026,EXTORSAO MEDIANTE SEQUESTRO,1
3556701,2026,FURTO - OUTROS,282
3556701,2026,FURTO DE VEICULO,41
3556701,2026,HOMICIDIO CULPOSO POR ACIDENTE DE TRANSITO,3
3556701,2026,LESAO CORPORAL CULPOSA - OUTRAS,1
3556701,2026,LESAO CORPORAL CULPOSA POR ACIDENTE DE TRANSITO,112
3556701,2026,LESAO CORPORAL DOLOSA,141
3556701,2026,PORTE DE ARMA,1
3556701,2026,PORTE DE ENTORPECENTES,27
3556701,2026,ROUBO - OUTROS,19
3556701,2026,ROUBO DE CARGA,2
3556701,2026,ROUBO DE VEICULO,7
3556701,2026,TRAFICO DE ENTORPECENTES,12
3556800,2026,ESTUPRO,1
3556800,2026,ESTUPRO DE VULNERAVEL,4
3556800,2026,FURTO - OUTROS,28
3556800,2026,FURTO DE VEICULO,7
3556800,2026,HOMICIDIO CULPOSO POR ACIDENTE DE TRANSITO,4
3556800,2026,LESAO CORPORAL CULPOSA POR ACIDENTE DE TRANSITO,11
3556800,2026,LESAO CORPORAL DOLOSA,39
3556800,2026,PORTE DE ARMA,3
3556800,2026,PORTE DE ENTORPECENTES,5
3556800,2026,ROUBO - OUTROS,4
3556800,2026,ROUBO DE CARGA,1
3556800,2026,TRAFICO DE ENTORPECENTES,15
3556909,2026,ESTUPRO DE VULNERAVEL,3
3556909,2026,FURTO - OUTROS,12
3556909,2026,FURTO DE VEICULO,1
3556909,2026,LESAO CORPORAL CULPOSA POR ACIDENTE DE TRANSITO,1
3556909,2026,LESAO CORPORAL DOLOSA,15
3556909,2026,ROUBO - OUTROS,1
3556909,2026,TRAFICO DE ENTORPECENTES,7
3556958,2026,ESTUPRO DE VULNERAVEL,1
3556958,2026,FURTO - OUTROS,2
3556958,2026,LESAO CORPORAL CULPOSA POR ACIDENTE DE TRANSITO,3
3556958,2026,LESAO CORPORAL DOLOSA,7
3556958,2026,PORTE DE ARMA,1
3556958,2026,PORTE DE ENTORPECENTES,1
3557006,2026,APREENSAO DE ENTORPECENTES,11
3557006,2026,ESTUPRO,5
3557006,2026,ESTUPRO DE VULNERAVEL,20
3557006,2026,FURTO - OUTROS,525
3557006,2026,FURTO DE VEICULO,79
3557006,2026,HOMICIDIO CULPOSO POR ACIDENTE DE TRANSITO,4
3557006,2026,HOMICIDIO DOLOSO,11
3557006,2026,LESAO CORPORAL CULPOSA - OUTRAS,6
3557006,2026,LESAO CORPORAL CULPOSA POR ACIDENTE DE TRANSITO,52
3557006,2026,LESAO CORPORAL DOLOSA,217
3557006,2026,PORTE DE ARMA,8
3557006,2026,PORTE DE ENTORPECENTES,15
3557006,2026,ROUBO - OUTROS,36
3557006,2026,ROUBO DE VEICULO,8
3557006,2026,TENTATIVA DE HOMICIDIO,7
3557006,2026,TRAFICO DE ENTORPECENTES,57
3557105,2026,APREENSAO DE ENTORPECENTES,3
3557105,2026,ESTUPRO,5
3557105,2026,ESTUPRO DE VULNERAVEL,18
3557105,2026,FURTO - OUTROS,366
3557105,2026,FURTO DE CARGA,1
3557105,2026,FURTO DE VEICULO,20
3557105,2026,HOMICIDIO CULPOSO POR ACIDENTE DE TRANSITO,9
3557105,2026,HOMICIDIO DOLOSO,2
3557105,2026,LESAO CORPORAL CULPOSA - OUTRAS,16
3557105,2026,LESAO CORPORAL CULPOSA POR ACIDENTE DE TRANSITO,394
3557105,2026,LESAO CORPORAL DOLOSA,224
3557105,2026,PORTE DE ARMA,7
3557105,2026,PORTE DE ENTORPECENTES,19
3557105,2026,ROUBO - OUTROS,17
3557105,2026,ROUBO DE VEICULO,1
3557105,2026,TENTATIVA DE HOMICIDIO,4
3557105,2026,TRAFICO DE ENTORPECENTES,62
3557154,2026,ESTUPRO,1
3557154,2026,ESTUPRO DE VULNERAVEL,2
3557154,2026,FURTO - OUTROS,3
3557154,2026,HOMICIDIO CULPOSO POR ACIDENTE DE TRANSITO,1
3557154,2026,LESAO CORPORAL CULPOSA POR ACIDENTE DE TRANSITO,2
3557154,2026,LESAO CORPORAL DOLOSA,6
3557154,2026,TENTATIVA DE HOMICIDIO,1
3557204,2026,APREENSAO DE ENTORPECENTES,1
3557204,2026,ESTUPRO,1
3557204,2026,ESTUPRO DE VULNERAVEL,2
3557204,2026,FURTO - OUTROS,83
3557204,2026,FURTO DE VEICULO,3
3557204,2026,LESAO CORPORAL CULPOSA POR ACIDENTE DE TRANSITO,9
3557204,2026,LESAO CORPORAL DOLOSA,45
3557204,2026,PORTE DE ARMA,1
3557204,2026,PORTE DE ENTORPECENTES,7
3557204,2026,ROUBO - OUTROS,1
3557204,2026,TENTATIVA DE HOMICIDIO,1
3557204,2026,TRAFICO DE ENTORPECENTES,12
3557303,2026,APREENSAO DE ENTORPECENTES,1
3557303,2026,ESTUPRO DE VULNERAVEL,1
3557303,2026,FURTO - OUTROS,37
3557303,2026,FURTO DE VEICULO,8
3557303,2026,HOMICIDIO CULPOSO POR ACIDENTE DE TRANSITO,2
3557303,2026,HOMICIDIO DOLOSO,1
3557303,2026,LESAO CORPORAL CULPOSA POR ACIDENTE DE TRANSITO,10
3557303,2026,LESAO CORPORAL DOLOSA,37
3557303,2026,PORTE DE ENTORPECENTES,13
3557303,2026,ROUBO - OUTROS,4
3557303,2026,ROUBO DE VEICULO,2
3557303,2026,TENTATIVA DE HOMICIDIO,2
3557303,2026,TRAFICO DE ENTORPECENTES,45
